{"level":50,"time":1677872912227,"pid":7316,"hostname":"DESKTOP-G8F9RK0","msg":"la tabla \"productos\" ya existe. no se realizaron cambios"}
{"level":50,"time":1677872912231,"pid":7316,"hostname":"DESKTOP-G8F9RK0","msg":"la tabla \"chat\" ya existe. no se realizaron cambios"}
{"level":50,"time":1677873041429,"pid":7676,"hostname":"DESKTOP-G8F9RK0","msg":"la tabla \"productos\" ya existe. no se realizaron cambios"}
{"level":50,"time":1677873041433,"pid":7676,"hostname":"DESKTOP-G8F9RK0","msg":"la tabla \"chat\" ya existe. no se realizaron cambios"}
{"level":50,"time":1677873056784,"pid":2808,"hostname":"DESKTOP-G8F9RK0","msg":"la tabla \"productos\" ya existe. no se realizaron cambios"}
{"level":50,"time":1677873056787,"pid":2808,"hostname":"DESKTOP-G8F9RK0","msg":"la tabla \"chat\" ya existe. no se realizaron cambios"}
{"level":50,"time":1677873178110,"pid":7996,"hostname":"DESKTOP-G8F9RK0","msg":"la tabla \"productos\" ya existe. no se realizaron cambios"}
{"level":50,"time":1677873178113,"pid":7996,"hostname":"DESKTOP-G8F9RK0","msg":"la tabla \"chat\" ya existe. no se realizaron cambios"}
{"level":40,"time":1677873213348,"pid":11888,"hostname":"DESKTOP-G8F9RK0","msg":"la tabla \"productos\" ya existe. no se realizaron cambios"}
{"level":40,"time":1677873213352,"pid":11888,"hostname":"DESKTOP-G8F9RK0","msg":"la tabla \"chat\" ya existe. no se realizaron cambios"}
{"level":40,"time":1677873303725,"pid":12104,"hostname":"DESKTOP-G8F9RK0","msg":"la tabla \"productos\" ya existe. no se realizaron cambios"}
{"level":40,"time":1677873303729,"pid":12104,"hostname":"DESKTOP-G8F9RK0","msg":"la tabla \"chat\" ya existe. no se realizaron cambios"}
{"level":40,"time":1677873679624,"pid":1596,"hostname":"DESKTOP-G8F9RK0","msg":"la tabla \"productos\" ya existe. no se realizaron cambios"}
{"level":40,"time":1677873679626,"pid":1596,"hostname":"DESKTOP-G8F9RK0","msg":"la tabla \"chat\" ya existe. no se realizaron cambios"}
{"level":40,"time":1677873704075,"pid":5964,"hostname":"DESKTOP-G8F9RK0","msg":"la tabla \"productos\" ya existe. no se realizaron cambios"}
{"level":40,"time":1677873704077,"pid":5964,"hostname":"DESKTOP-G8F9RK0","msg":"la tabla \"chat\" ya existe. no se realizaron cambios"}
{"level":40,"time":1677873737973,"pid":12620,"hostname":"DESKTOP-G8F9RK0","msg":"la tabla \"productos\" ya existe. no se realizaron cambios"}
{"level":40,"time":1677873737975,"pid":12620,"hostname":"DESKTOP-G8F9RK0","msg":"la tabla \"chat\" ya existe. no se realizaron cambios"}
{"level":40,"time":1677873958938,"pid":2940,"hostname":"DESKTOP-G8F9RK0","msg":"la tabla \"productos\" ya existe. no se realizaron cambios"}
{"level":40,"time":1677873958941,"pid":2940,"hostname":"DESKTOP-G8F9RK0","msg":"la tabla \"chat\" ya existe. no se realizaron cambios"}
{"level":40,"time":1677874060354,"pid":10168,"hostname":"DESKTOP-G8F9RK0","msg":"la tabla \"productos\" ya existe. no se realizaron cambios"}
{"level":40,"time":1677874060356,"pid":10168,"hostname":"DESKTOP-G8F9RK0","msg":"la tabla \"chat\" ya existe. no se realizaron cambios"}
{"level":40,"time":1677874121126,"pid":9688,"hostname":"DESKTOP-G8F9RK0","msg":"la tabla \"productos\" ya existe. no se realizaron cambios"}
{"level":40,"time":1677874121130,"pid":9688,"hostname":"DESKTOP-G8F9RK0","msg":"la tabla \"chat\" ya existe. no se realizaron cambios"}
{"level":40,"time":1677874206166,"pid":6304,"hostname":"DESKTOP-G8F9RK0","msg":"la tabla \"productos\" ya existe. no se realizaron cambios"}
{"level":40,"time":1677874206168,"pid":6304,"hostname":"DESKTOP-G8F9RK0","msg":"la tabla \"chat\" ya existe. no se realizaron cambios"}
{"level":40,"time":1677874317810,"pid":12224,"hostname":"DESKTOP-G8F9RK0","msg":"la tabla \"productos\" ya existe. no se realizaron cambios"}
{"level":40,"time":1677874317812,"pid":12224,"hostname":"DESKTOP-G8F9RK0","msg":"la tabla \"chat\" ya existe. no se realizaron cambios"}
{"level":40,"time":1677874470994,"pid":10500,"hostname":"DESKTOP-G8F9RK0","msg":"la tabla \"productos\" ya existe. no se realizaron cambios"}
{"level":40,"time":1677874470997,"pid":10500,"hostname":"DESKTOP-G8F9RK0","msg":"la tabla \"chat\" ya existe. no se realizaron cambios"}
{"level":40,"time":1677874483225,"pid":1696,"hostname":"DESKTOP-G8F9RK0","msg":"la tabla \"productos\" ya existe. no se realizaron cambios"}
{"level":40,"time":1677874483228,"pid":1696,"hostname":"DESKTOP-G8F9RK0","msg":"la tabla \"chat\" ya existe. no se realizaron cambios"}
{"level":40,"time":1677875038557,"pid":12816,"hostname":"DESKTOP-G8F9RK0","msg":"la tabla \"productos\" ya existe. no se realizaron cambios"}
{"level":40,"time":1677875038561,"pid":12816,"hostname":"DESKTOP-G8F9RK0","msg":"la tabla \"chat\" ya existe. no se realizaron cambios"}
{"level":40,"time":1677875059273,"pid":9504,"hostname":"DESKTOP-G8F9RK0","msg":"la tabla \"productos\" ya existe. no se realizaron cambios"}
{"level":40,"time":1677875059276,"pid":9504,"hostname":"DESKTOP-G8F9RK0","msg":"la tabla \"chat\" ya existe. no se realizaron cambios"}
{"level":40,"time":1677875280828,"pid":11648,"hostname":"DESKTOP-G8F9RK0","msg":"la tabla \"productos\" ya existe. no se realizaron cambios"}
{"level":40,"time":1677875280830,"pid":11648,"hostname":"DESKTOP-G8F9RK0","msg":"la tabla \"chat\" ya existe. no se realizaron cambios"}
{"level":40,"time":1677875816961,"pid":12180,"hostname":"DESKTOP-G8F9RK0","msg":"la tabla \"productos\" ya existe. no se realizaron cambios"}
{"level":40,"time":1677875816974,"pid":12180,"hostname":"DESKTOP-G8F9RK0","msg":"la tabla \"chat\" ya existe. no se realizaron cambios"}
{"level":40,"time":1677875949212,"pid":10080,"hostname":"DESKTOP-G8F9RK0","msg":"la tabla \"productos\" ya existe. no se realizaron cambios"}
{"level":40,"time":1677875949214,"pid":10080,"hostname":"DESKTOP-G8F9RK0","msg":"la tabla \"chat\" ya existe. no se realizaron cambios"}
{"level":40,"time":1677876213221,"pid":11720,"hostname":"DESKTOP-G8F9RK0","msg":"la tabla \"productos\" ya existe. no se realizaron cambios"}
{"level":40,"time":1677876213223,"pid":11720,"hostname":"DESKTOP-G8F9RK0","msg":"la tabla \"chat\" ya existe. no se realizaron cambios"}
{"level":40,"time":1677876564403,"pid":4972,"hostname":"DESKTOP-G8F9RK0","msg":"la tabla \"productos\" ya existe. no se realizaron cambios"}
{"level":40,"time":1677876564406,"pid":4972,"hostname":"DESKTOP-G8F9RK0","msg":"la tabla \"chat\" ya existe. no se realizaron cambios"}
{"level":40,"time":1677876651241,"pid":10404,"hostname":"DESKTOP-G8F9RK0","msg":"la tabla \"productos\" ya existe. no se realizaron cambios"}
{"level":40,"time":1677876651244,"pid":10404,"hostname":"DESKTOP-G8F9RK0","msg":"la tabla \"chat\" ya existe. no se realizaron cambios"}
{"level":40,"time":1677876823888,"pid":9268,"hostname":"DESKTOP-G8F9RK0","msg":"la tabla \"productos\" ya existe. no se realizaron cambios"}
{"level":40,"time":1677876823891,"pid":9268,"hostname":"DESKTOP-G8F9RK0","msg":"la tabla \"chat\" ya existe. no se realizaron cambios"}
{"level":40,"time":1677877019607,"pid":2700,"hostname":"DESKTOP-G8F9RK0","msg":"la tabla \"productos\" ya existe. no se realizaron cambios"}
{"level":40,"time":1677877019610,"pid":2700,"hostname":"DESKTOP-G8F9RK0","msg":"la tabla \"chat\" ya existe. no se realizaron cambios"}
{"level":40,"time":1677877246051,"pid":6408,"hostname":"DESKTOP-G8F9RK0","msg":"la tabla \"productos\" ya existe. no se realizaron cambios"}
{"level":40,"time":1677877246054,"pid":6408,"hostname":"DESKTOP-G8F9RK0","msg":"la tabla \"chat\" ya existe. no se realizaron cambios"}
{"level":40,"time":1677877397602,"pid":8056,"hostname":"DESKTOP-G8F9RK0","msg":"la tabla \"productos\" ya existe. no se realizaron cambios"}
{"level":40,"time":1677877397605,"pid":8056,"hostname":"DESKTOP-G8F9RK0","msg":"la tabla \"chat\" ya existe. no se realizaron cambios"}
{"level":40,"time":1677877683373,"pid":13844,"hostname":"DESKTOP-G8F9RK0","msg":"la tabla \"productos\" ya existe. no se realizaron cambios"}
{"level":40,"time":1677877683430,"pid":13844,"hostname":"DESKTOP-G8F9RK0","msg":"la tabla \"chat\" ya existe. no se realizaron cambios"}
{"level":40,"time":1677877712031,"pid":13844,"hostname":"DESKTOP-G8F9RK0","msg":"No hay usuario logueado"}
{"level":40,"time":1677877806262,"pid":13844,"hostname":"DESKTOP-G8F9RK0","msg":"No hay usuario logueado"}
{"level":40,"time":1677877955022,"pid":7076,"hostname":"DESKTOP-G8F9RK0","msg":"la tabla \"productos\" ya existe. no se realizaron cambios"}
{"level":40,"time":1677877955025,"pid":7076,"hostname":"DESKTOP-G8F9RK0","msg":"la tabla \"chat\" ya existe. no se realizaron cambios"}
{"level":40,"time":1677877977589,"pid":7076,"hostname":"DESKTOP-G8F9RK0","msg":"no se encontró producto con ese id (fe6a0bda-273d-4ed0-a91f-9286e30cb3ca"}
{"level":40,"time":1677878223747,"pid":7076,"hostname":"DESKTOP-G8F9RK0","msg":"No hay usuario logueado"}
{"level":40,"time":1677878532836,"pid":13344,"hostname":"DESKTOP-G8F9RK0","msg":"la tabla \"productos\" ya existe. no se realizaron cambios"}
{"level":40,"time":1677878532840,"pid":13344,"hostname":"DESKTOP-G8F9RK0","msg":"la tabla \"chat\" ya existe. no se realizaron cambios"}
{"level":40,"time":1677932698079,"pid":13416,"hostname":"DESKTOP-G8F9RK0","msg":"la tabla \"productos\" ya existe. no se realizaron cambios"}
{"level":40,"time":1677932698082,"pid":13416,"hostname":"DESKTOP-G8F9RK0","msg":"la tabla \"chat\" ya existe. no se realizaron cambios"}
{"level":40,"time":1677933018764,"pid":2216,"hostname":"DESKTOP-G8F9RK0","msg":"la tabla \"productos\" ya existe. no se realizaron cambios"}
{"level":40,"time":1677933018766,"pid":2216,"hostname":"DESKTOP-G8F9RK0","msg":"la tabla \"chat\" ya existe. no se realizaron cambios"}
{"level":40,"time":1677933125873,"pid":3480,"hostname":"DESKTOP-G8F9RK0","msg":"la tabla \"productos\" ya existe. no se realizaron cambios"}
{"level":40,"time":1677933125876,"pid":3480,"hostname":"DESKTOP-G8F9RK0","msg":"la tabla \"chat\" ya existe. no se realizaron cambios"}
{"level":50,"time":1677933130506,"pid":3480,"hostname":"DESKTOP-G8F9RK0","msg":"User already exists"}
{"level":40,"time":1677933206659,"pid":14248,"hostname":"DESKTOP-G8F9RK0","msg":"la tabla \"productos\" ya existe. no se realizaron cambios"}
{"level":40,"time":1677933206661,"pid":14248,"hostname":"DESKTOP-G8F9RK0","msg":"la tabla \"chat\" ya existe. no se realizaron cambios"}
{"level":40,"time":1677933234911,"pid":9488,"hostname":"DESKTOP-G8F9RK0","msg":"la tabla \"productos\" ya existe. no se realizaron cambios"}
{"level":40,"time":1677933234914,"pid":9488,"hostname":"DESKTOP-G8F9RK0","msg":"la tabla \"chat\" ya existe. no se realizaron cambios"}
{"level":40,"time":1677933301302,"pid":6120,"hostname":"DESKTOP-G8F9RK0","msg":"la tabla \"productos\" ya existe. no se realizaron cambios"}
{"level":40,"time":1677933301304,"pid":6120,"hostname":"DESKTOP-G8F9RK0","msg":"la tabla \"chat\" ya existe. no se realizaron cambios"}
{"level":40,"time":1677933316639,"pid":14208,"hostname":"DESKTOP-G8F9RK0","msg":"la tabla \"productos\" ya existe. no se realizaron cambios"}
{"level":40,"time":1677933316643,"pid":14208,"hostname":"DESKTOP-G8F9RK0","msg":"la tabla \"chat\" ya existe. no se realizaron cambios"}
{"level":40,"time":1677933524453,"pid":12576,"hostname":"DESKTOP-G8F9RK0","msg":"la tabla \"productos\" ya existe. no se realizaron cambios"}
{"level":40,"time":1677933524455,"pid":12576,"hostname":"DESKTOP-G8F9RK0","msg":"la tabla \"chat\" ya existe. no se realizaron cambios"}
{"level":40,"time":1677933820985,"pid":13576,"hostname":"DESKTOP-G8F9RK0","msg":"la tabla \"productos\" ya existe. no se realizaron cambios"}
{"level":40,"time":1677933820990,"pid":13576,"hostname":"DESKTOP-G8F9RK0","msg":"la tabla \"chat\" ya existe. no se realizaron cambios"}
{"level":40,"time":1677934319949,"pid":8524,"hostname":"DESKTOP-G8F9RK0","msg":"la tabla \"productos\" ya existe. no se realizaron cambios"}
{"level":40,"time":1677934319952,"pid":8524,"hostname":"DESKTOP-G8F9RK0","msg":"la tabla \"chat\" ya existe. no se realizaron cambios"}
{"level":40,"time":1677934456284,"pid":3564,"hostname":"DESKTOP-G8F9RK0","msg":"la tabla \"productos\" ya existe. no se realizaron cambios"}
{"level":40,"time":1677934456286,"pid":3564,"hostname":"DESKTOP-G8F9RK0","msg":"la tabla \"chat\" ya existe. no se realizaron cambios"}
{"level":40,"time":1677934531578,"pid":4552,"hostname":"DESKTOP-G8F9RK0","msg":"la tabla \"productos\" ya existe. no se realizaron cambios"}
{"level":40,"time":1677934531580,"pid":4552,"hostname":"DESKTOP-G8F9RK0","msg":"la tabla \"chat\" ya existe. no se realizaron cambios"}
{"level":40,"time":1677934566891,"pid":11112,"hostname":"DESKTOP-G8F9RK0","msg":"la tabla \"productos\" ya existe. no se realizaron cambios"}
{"level":40,"time":1677934566895,"pid":11112,"hostname":"DESKTOP-G8F9RK0","msg":"la tabla \"chat\" ya existe. no se realizaron cambios"}
{"level":40,"time":1677934683217,"pid":9220,"hostname":"DESKTOP-G8F9RK0","msg":"la tabla \"productos\" ya existe. no se realizaron cambios"}
{"level":40,"time":1677934683220,"pid":9220,"hostname":"DESKTOP-G8F9RK0","msg":"la tabla \"chat\" ya existe. no se realizaron cambios"}
{"level":40,"time":1677934869702,"pid":2084,"hostname":"DESKTOP-G8F9RK0","msg":"la tabla \"productos\" ya existe. no se realizaron cambios"}
{"level":40,"time":1677934869745,"pid":2084,"hostname":"DESKTOP-G8F9RK0","msg":"la tabla \"chat\" ya existe. no se realizaron cambios"}
{"level":50,"time":1677934881736,"pid":2084,"hostname":"DESKTOP-G8F9RK0","errno":-4078,"code":"ESOCKET","syscall":"connect","address":"127.0.0.1","port":587,"command":"CONN","stack":"Error: connect ECONNREFUSED 127.0.0.1:587\n    at TCPConnectWrap.afterConnect [as oncomplete] (node:net:1247:16)","type":"Error","msg":"connect ECONNREFUSED 127.0.0.1:587"}
{"level":40,"time":1677934957587,"pid":11088,"hostname":"DESKTOP-G8F9RK0","msg":"la tabla \"productos\" ya existe. no se realizaron cambios"}
{"level":40,"time":1677934957590,"pid":11088,"hostname":"DESKTOP-G8F9RK0","msg":"la tabla \"chat\" ya existe. no se realizaron cambios"}
{"level":40,"time":1677935267513,"pid":14168,"hostname":"DESKTOP-G8F9RK0","msg":"la tabla \"productos\" ya existe. no se realizaron cambios"}
{"level":40,"time":1677935267516,"pid":14168,"hostname":"DESKTOP-G8F9RK0","msg":"la tabla \"chat\" ya existe. no se realizaron cambios"}
{"level":40,"time":1677935453591,"pid":6528,"hostname":"DESKTOP-G8F9RK0","msg":"la tabla \"productos\" ya existe. no se realizaron cambios"}
{"level":40,"time":1677935453594,"pid":6528,"hostname":"DESKTOP-G8F9RK0","msg":"la tabla \"chat\" ya existe. no se realizaron cambios"}
{"level":40,"time":1677935529499,"pid":11792,"hostname":"DESKTOP-G8F9RK0","msg":"la tabla \"productos\" ya existe. no se realizaron cambios"}
{"level":40,"time":1677935529502,"pid":11792,"hostname":"DESKTOP-G8F9RK0","msg":"la tabla \"chat\" ya existe. no se realizaron cambios"}
{"level":40,"time":1677936348847,"pid":7472,"hostname":"DESKTOP-G8F9RK0","msg":"la tabla \"productos\" ya existe. no se realizaron cambios"}
{"level":40,"time":1677936348850,"pid":7472,"hostname":"DESKTOP-G8F9RK0","msg":"la tabla \"chat\" ya existe. no se realizaron cambios"}
{"level":40,"time":1677936747446,"pid":12268,"hostname":"DESKTOP-G8F9RK0","msg":"la tabla \"productos\" ya existe. no se realizaron cambios"}
{"level":40,"time":1677936747453,"pid":12268,"hostname":"DESKTOP-G8F9RK0","msg":"la tabla \"chat\" ya existe. no se realizaron cambios"}
{"level":50,"time":1677936770087,"pid":12268,"hostname":"DESKTOP-G8F9RK0","msg":"No hay usuario logueado"}
{"level":40,"time":1677936834718,"pid":9464,"hostname":"DESKTOP-G8F9RK0","msg":"la tabla \"productos\" ya existe. no se realizaron cambios"}
{"level":40,"time":1677936834722,"pid":9464,"hostname":"DESKTOP-G8F9RK0","msg":"la tabla \"chat\" ya existe. no se realizaron cambios"}
{"level":40,"time":1677936961016,"pid":2980,"hostname":"DESKTOP-G8F9RK0","msg":"la tabla \"productos\" ya existe. no se realizaron cambios"}
{"level":40,"time":1677936961019,"pid":2980,"hostname":"DESKTOP-G8F9RK0","msg":"la tabla \"chat\" ya existe. no se realizaron cambios"}
{"level":50,"time":1677936964427,"pid":2980,"hostname":"DESKTOP-G8F9RK0","msg":"usuario is not defined"}
{"level":40,"time":1677936999724,"pid":7284,"hostname":"DESKTOP-G8F9RK0","msg":"la tabla \"productos\" ya existe. no se realizaron cambios"}
{"level":40,"time":1677936999727,"pid":7284,"hostname":"DESKTOP-G8F9RK0","msg":"la tabla \"chat\" ya existe. no se realizaron cambios"}
{"level":40,"time":1677937116536,"pid":11456,"hostname":"DESKTOP-G8F9RK0","msg":"la tabla \"productos\" ya existe. no se realizaron cambios"}
{"level":40,"time":1677937116539,"pid":11456,"hostname":"DESKTOP-G8F9RK0","msg":"la tabla \"chat\" ya existe. no se realizaron cambios"}
{"level":40,"time":1677937203232,"pid":11696,"hostname":"DESKTOP-G8F9RK0","msg":"la tabla \"productos\" ya existe. no se realizaron cambios"}
{"level":40,"time":1677937203235,"pid":11696,"hostname":"DESKTOP-G8F9RK0","msg":"la tabla \"chat\" ya existe. no se realizaron cambios"}
{"level":40,"time":1677937371500,"pid":9356,"hostname":"DESKTOP-G8F9RK0","msg":"la tabla \"productos\" ya existe. no se realizaron cambios"}
{"level":40,"time":1677937371533,"pid":9356,"hostname":"DESKTOP-G8F9RK0","msg":"la tabla \"chat\" ya existe. no se realizaron cambios"}
{"level":40,"time":1677937404749,"pid":10152,"hostname":"DESKTOP-G8F9RK0","msg":"la tabla \"productos\" ya existe. no se realizaron cambios"}
{"level":40,"time":1677937404752,"pid":10152,"hostname":"DESKTOP-G8F9RK0","msg":"la tabla \"chat\" ya existe. no se realizaron cambios"}
{"level":40,"time":1677937493661,"pid":12132,"hostname":"DESKTOP-G8F9RK0","msg":"la tabla \"productos\" ya existe. no se realizaron cambios"}
{"level":40,"time":1677937493663,"pid":12132,"hostname":"DESKTOP-G8F9RK0","msg":"la tabla \"chat\" ya existe. no se realizaron cambios"}
{"level":40,"time":1677937537906,"pid":10204,"hostname":"DESKTOP-G8F9RK0","msg":"la tabla \"productos\" ya existe. no se realizaron cambios"}
{"level":40,"time":1677937537909,"pid":10204,"hostname":"DESKTOP-G8F9RK0","msg":"la tabla \"chat\" ya existe. no se realizaron cambios"}
{"level":40,"time":1677937574140,"pid":10844,"hostname":"DESKTOP-G8F9RK0","msg":"la tabla \"productos\" ya existe. no se realizaron cambios"}
{"level":40,"time":1677937574143,"pid":10844,"hostname":"DESKTOP-G8F9RK0","msg":"la tabla \"chat\" ya existe. no se realizaron cambios"}
{"level":40,"time":1677937608343,"pid":10972,"hostname":"DESKTOP-G8F9RK0","msg":"la tabla \"productos\" ya existe. no se realizaron cambios"}
{"level":40,"time":1677937608347,"pid":10972,"hostname":"DESKTOP-G8F9RK0","msg":"la tabla \"chat\" ya existe. no se realizaron cambios"}
{"level":40,"time":1677937688691,"pid":13416,"hostname":"DESKTOP-G8F9RK0","msg":"la tabla \"productos\" ya existe. no se realizaron cambios"}
{"level":40,"time":1677937688694,"pid":13416,"hostname":"DESKTOP-G8F9RK0","msg":"la tabla \"chat\" ya existe. no se realizaron cambios"}
{"level":50,"time":1677937692607,"pid":13416,"hostname":"DESKTOP-G8F9RK0","msg":"Cannot read properties of undefined (reading 'toArray')"}
{"level":40,"time":1677937718444,"pid":1140,"hostname":"DESKTOP-G8F9RK0","msg":"la tabla \"productos\" ya existe. no se realizaron cambios"}
{"level":40,"time":1677937718447,"pid":1140,"hostname":"DESKTOP-G8F9RK0","msg":"la tabla \"chat\" ya existe. no se realizaron cambios"}
{"level":40,"time":1677937753513,"pid":9836,"hostname":"DESKTOP-G8F9RK0","msg":"la tabla \"productos\" ya existe. no se realizaron cambios"}
{"level":40,"time":1677937753516,"pid":9836,"hostname":"DESKTOP-G8F9RK0","msg":"la tabla \"chat\" ya existe. no se realizaron cambios"}
{"level":40,"time":1677937771166,"pid":684,"hostname":"DESKTOP-G8F9RK0","msg":"la tabla \"productos\" ya existe. no se realizaron cambios"}
{"level":40,"time":1677937771169,"pid":684,"hostname":"DESKTOP-G8F9RK0","msg":"la tabla \"chat\" ya existe. no se realizaron cambios"}
{"level":40,"time":1677937812801,"pid":8788,"hostname":"DESKTOP-G8F9RK0","msg":"la tabla \"productos\" ya existe. no se realizaron cambios"}
{"level":40,"time":1677937812804,"pid":8788,"hostname":"DESKTOP-G8F9RK0","msg":"la tabla \"chat\" ya existe. no se realizaron cambios"}
{"level":40,"time":1677937894751,"pid":7552,"hostname":"DESKTOP-G8F9RK0","msg":"la tabla \"productos\" ya existe. no se realizaron cambios"}
{"level":40,"time":1677937894753,"pid":7552,"hostname":"DESKTOP-G8F9RK0","msg":"la tabla \"chat\" ya existe. no se realizaron cambios"}
{"level":40,"time":1677937958651,"pid":5624,"hostname":"DESKTOP-G8F9RK0","msg":"la tabla \"productos\" ya existe. no se realizaron cambios"}
{"level":40,"time":1677937958655,"pid":5624,"hostname":"DESKTOP-G8F9RK0","msg":"la tabla \"chat\" ya existe. no se realizaron cambios"}
{"level":40,"time":1677938022651,"pid":12212,"hostname":"DESKTOP-G8F9RK0","msg":"la tabla \"productos\" ya existe. no se realizaron cambios"}
{"level":40,"time":1677938022654,"pid":12212,"hostname":"DESKTOP-G8F9RK0","msg":"la tabla \"chat\" ya existe. no se realizaron cambios"}
{"level":40,"time":1677938291042,"pid":4852,"hostname":"DESKTOP-G8F9RK0","msg":"la tabla \"productos\" ya existe. no se realizaron cambios"}
{"level":40,"time":1677938291044,"pid":4852,"hostname":"DESKTOP-G8F9RK0","msg":"la tabla \"chat\" ya existe. no se realizaron cambios"}
{"level":40,"time":1677938316694,"pid":12316,"hostname":"DESKTOP-G8F9RK0","msg":"la tabla \"productos\" ya existe. no se realizaron cambios"}
{"level":40,"time":1677938316697,"pid":12316,"hostname":"DESKTOP-G8F9RK0","msg":"la tabla \"chat\" ya existe. no se realizaron cambios"}
{"level":40,"time":1677938391301,"pid":6608,"hostname":"DESKTOP-G8F9RK0","msg":"la tabla \"productos\" ya existe. no se realizaron cambios"}
{"level":40,"time":1677938391304,"pid":6608,"hostname":"DESKTOP-G8F9RK0","msg":"la tabla \"chat\" ya existe. no se realizaron cambios"}
{"level":40,"time":1677938438287,"pid":14020,"hostname":"DESKTOP-G8F9RK0","msg":"la tabla \"productos\" ya existe. no se realizaron cambios"}
{"level":40,"time":1677938438289,"pid":14020,"hostname":"DESKTOP-G8F9RK0","msg":"la tabla \"chat\" ya existe. no se realizaron cambios"}
{"level":40,"time":1677938487049,"pid":10316,"hostname":"DESKTOP-G8F9RK0","msg":"la tabla \"productos\" ya existe. no se realizaron cambios"}
{"level":40,"time":1677938487052,"pid":10316,"hostname":"DESKTOP-G8F9RK0","msg":"la tabla \"chat\" ya existe. no se realizaron cambios"}
{"level":40,"time":1677938560662,"pid":8080,"hostname":"DESKTOP-G8F9RK0","msg":"la tabla \"productos\" ya existe. no se realizaron cambios"}
{"level":40,"time":1677938560665,"pid":8080,"hostname":"DESKTOP-G8F9RK0","msg":"la tabla \"chat\" ya existe. no se realizaron cambios"}
{"level":50,"time":1677938565579,"pid":8080,"hostname":"DESKTOP-G8F9RK0","msg":"Cannot read properties of undefined (reading 'toArray')"}
{"level":40,"time":1677938602146,"pid":13984,"hostname":"DESKTOP-G8F9RK0","msg":"la tabla \"productos\" ya existe. no se realizaron cambios"}
{"level":40,"time":1677938602148,"pid":13984,"hostname":"DESKTOP-G8F9RK0","msg":"la tabla \"chat\" ya existe. no se realizaron cambios"}
{"level":40,"time":1677938665293,"pid":8852,"hostname":"DESKTOP-G8F9RK0","msg":"la tabla \"productos\" ya existe. no se realizaron cambios"}
{"level":40,"time":1677938665297,"pid":8852,"hostname":"DESKTOP-G8F9RK0","msg":"la tabla \"chat\" ya existe. no se realizaron cambios"}
{"level":40,"time":1677938726346,"pid":11148,"hostname":"DESKTOP-G8F9RK0","msg":"la tabla \"productos\" ya existe. no se realizaron cambios"}
{"level":40,"time":1677938726349,"pid":11148,"hostname":"DESKTOP-G8F9RK0","msg":"la tabla \"chat\" ya existe. no se realizaron cambios"}
{"level":50,"time":1677938729843,"pid":11148,"hostname":"DESKTOP-G8F9RK0"}
{"level":40,"time":1677938915528,"pid":7492,"hostname":"DESKTOP-G8F9RK0","msg":"la tabla \"productos\" ya existe. no se realizaron cambios"}
{"level":40,"time":1677938915531,"pid":7492,"hostname":"DESKTOP-G8F9RK0","msg":"la tabla \"chat\" ya existe. no se realizaron cambios"}
{"level":40,"time":1677938931907,"pid":7480,"hostname":"DESKTOP-G8F9RK0","msg":"la tabla \"productos\" ya existe. no se realizaron cambios"}
{"level":40,"time":1677938931910,"pid":7480,"hostname":"DESKTOP-G8F9RK0","msg":"la tabla \"chat\" ya existe. no se realizaron cambios"}
{"level":50,"time":1677938937851,"pid":7480,"hostname":"DESKTOP-G8F9RK0"}
{"level":40,"time":1677939030996,"pid":4144,"hostname":"DESKTOP-G8F9RK0","msg":"la tabla \"productos\" ya existe. no se realizaron cambios"}
{"level":40,"time":1677939030999,"pid":4144,"hostname":"DESKTOP-G8F9RK0","msg":"la tabla \"chat\" ya existe. no se realizaron cambios"}
{"level":50,"time":1677939035507,"pid":4144,"hostname":"DESKTOP-G8F9RK0"}
{"level":40,"time":1677939073768,"pid":12188,"hostname":"DESKTOP-G8F9RK0","msg":"la tabla \"productos\" ya existe. no se realizaron cambios"}
{"level":40,"time":1677939073771,"pid":12188,"hostname":"DESKTOP-G8F9RK0","msg":"la tabla \"chat\" ya existe. no se realizaron cambios"}
{"level":50,"time":1677939081038,"pid":12188,"hostname":"DESKTOP-G8F9RK0"}
{"level":40,"time":1677939117904,"pid":8852,"hostname":"DESKTOP-G8F9RK0","msg":"la tabla \"productos\" ya existe. no se realizaron cambios"}
{"level":40,"time":1677939117906,"pid":8852,"hostname":"DESKTOP-G8F9RK0","msg":"la tabla \"chat\" ya existe. no se realizaron cambios"}
{"level":40,"time":1677939138976,"pid":5980,"hostname":"DESKTOP-G8F9RK0","msg":"la tabla \"productos\" ya existe. no se realizaron cambios"}
{"level":40,"time":1677939138979,"pid":5980,"hostname":"DESKTOP-G8F9RK0","msg":"la tabla \"chat\" ya existe. no se realizaron cambios"}
{"level":50,"time":1677939142721,"pid":5980,"hostname":"DESKTOP-G8F9RK0"}
{"level":40,"time":1677939169469,"pid":11996,"hostname":"DESKTOP-G8F9RK0","msg":"la tabla \"productos\" ya existe. no se realizaron cambios"}
{"level":40,"time":1677939169471,"pid":11996,"hostname":"DESKTOP-G8F9RK0","msg":"la tabla \"chat\" ya existe. no se realizaron cambios"}
{"level":50,"time":1677939175262,"pid":11996,"hostname":"DESKTOP-G8F9RK0"}
{"level":40,"time":1677939200986,"pid":10068,"hostname":"DESKTOP-G8F9RK0","msg":"la tabla \"productos\" ya existe. no se realizaron cambios"}
{"level":40,"time":1677939200989,"pid":10068,"hostname":"DESKTOP-G8F9RK0","msg":"la tabla \"chat\" ya existe. no se realizaron cambios"}
{"level":50,"time":1677939206576,"pid":10068,"hostname":"DESKTOP-G8F9RK0"}
{"level":40,"time":1677939308652,"pid":12740,"hostname":"DESKTOP-G8F9RK0","msg":"la tabla \"productos\" ya existe. no se realizaron cambios"}
{"level":40,"time":1677939308656,"pid":12740,"hostname":"DESKTOP-G8F9RK0","msg":"la tabla \"chat\" ya existe. no se realizaron cambios"}
{"level":40,"time":1677939324237,"pid":9232,"hostname":"DESKTOP-G8F9RK0","msg":"la tabla \"productos\" ya existe. no se realizaron cambios"}
{"level":40,"time":1677939324240,"pid":9232,"hostname":"DESKTOP-G8F9RK0","msg":"la tabla \"chat\" ya existe. no se realizaron cambios"}
{"level":50,"time":1677939324947,"pid":9232,"hostname":"DESKTOP-G8F9RK0","msg":"No hay usuario logueado"}
{"level":50,"time":1677939341038,"pid":9232,"hostname":"DESKTOP-G8F9RK0"}
{"level":40,"time":1677939386924,"pid":7684,"hostname":"DESKTOP-G8F9RK0","msg":"la tabla \"productos\" ya existe. no se realizaron cambios"}
{"level":40,"time":1677939386927,"pid":7684,"hostname":"DESKTOP-G8F9RK0","msg":"la tabla \"chat\" ya existe. no se realizaron cambios"}
{"level":50,"time":1677939390556,"pid":7684,"hostname":"DESKTOP-G8F9RK0"}
{"level":40,"time":1677939418883,"pid":12676,"hostname":"DESKTOP-G8F9RK0","msg":"la tabla \"productos\" ya existe. no se realizaron cambios"}
{"level":40,"time":1677939418886,"pid":12676,"hostname":"DESKTOP-G8F9RK0","msg":"la tabla \"chat\" ya existe. no se realizaron cambios"}
{"level":50,"time":1677939422642,"pid":12676,"hostname":"DESKTOP-G8F9RK0"}
{"level":40,"time":1677939535049,"pid":7292,"hostname":"DESKTOP-G8F9RK0","msg":"la tabla \"productos\" ya existe. no se realizaron cambios"}
{"level":40,"time":1677939535052,"pid":7292,"hostname":"DESKTOP-G8F9RK0","msg":"la tabla \"chat\" ya existe. no se realizaron cambios"}
{"level":50,"time":1677939539459,"pid":7292,"hostname":"DESKTOP-G8F9RK0"}
{"level":40,"time":1677939590309,"pid":14328,"hostname":"DESKTOP-G8F9RK0","msg":"la tabla \"productos\" ya existe. no se realizaron cambios"}
{"level":40,"time":1677939590311,"pid":14328,"hostname":"DESKTOP-G8F9RK0","msg":"la tabla \"chat\" ya existe. no se realizaron cambios"}
{"level":50,"time":1677939597629,"pid":14328,"hostname":"DESKTOP-G8F9RK0"}
{"level":40,"time":1677939668580,"pid":7492,"hostname":"DESKTOP-G8F9RK0","msg":"la tabla \"productos\" ya existe. no se realizaron cambios"}
{"level":40,"time":1677939668583,"pid":7492,"hostname":"DESKTOP-G8F9RK0","msg":"la tabla \"chat\" ya existe. no se realizaron cambios"}
{"level":40,"time":1677939713135,"pid":11840,"hostname":"DESKTOP-G8F9RK0","msg":"la tabla \"productos\" ya existe. no se realizaron cambios"}
{"level":40,"time":1677939713138,"pid":11840,"hostname":"DESKTOP-G8F9RK0","msg":"la tabla \"chat\" ya existe. no se realizaron cambios"}
{"level":50,"time":1677939720716,"pid":11840,"hostname":"DESKTOP-G8F9RK0"}
{"level":40,"time":1677939774677,"pid":12560,"hostname":"DESKTOP-G8F9RK0","msg":"la tabla \"productos\" ya existe. no se realizaron cambios"}
{"level":40,"time":1677939774680,"pid":12560,"hostname":"DESKTOP-G8F9RK0","msg":"la tabla \"chat\" ya existe. no se realizaron cambios"}
{"level":50,"time":1677939778468,"pid":12560,"hostname":"DESKTOP-G8F9RK0"}
{"level":40,"time":1677939823280,"pid":1748,"hostname":"DESKTOP-G8F9RK0","msg":"la tabla \"productos\" ya existe. no se realizaron cambios"}
{"level":40,"time":1677939823282,"pid":1748,"hostname":"DESKTOP-G8F9RK0","msg":"la tabla \"chat\" ya existe. no se realizaron cambios"}
{"level":50,"time":1677939829332,"pid":1748,"hostname":"DESKTOP-G8F9RK0"}
{"level":40,"time":1677939907288,"pid":9492,"hostname":"DESKTOP-G8F9RK0","msg":"la tabla \"productos\" ya existe. no se realizaron cambios"}
{"level":40,"time":1677939907293,"pid":9492,"hostname":"DESKTOP-G8F9RK0","msg":"la tabla \"chat\" ya existe. no se realizaron cambios"}
{"level":40,"time":1677940744372,"pid":4292,"hostname":"DESKTOP-G8F9RK0","msg":"la tabla \"productos\" ya existe. no se realizaron cambios"}
{"level":40,"time":1677940744375,"pid":4292,"hostname":"DESKTOP-G8F9RK0","msg":"la tabla \"chat\" ya existe. no se realizaron cambios"}
{"level":40,"time":1677940779919,"pid":1116,"hostname":"DESKTOP-G8F9RK0","msg":"la tabla \"productos\" ya existe. no se realizaron cambios"}
{"level":40,"time":1677940779921,"pid":1116,"hostname":"DESKTOP-G8F9RK0","msg":"la tabla \"chat\" ya existe. no se realizaron cambios"}
{"level":50,"time":1677940784299,"pid":1116,"hostname":"DESKTOP-G8F9RK0","msg":"Cannot read properties of null (reading 'tipo_usuario')"}
{"level":40,"time":1677940895571,"pid":1116,"hostname":"DESKTOP-G8F9RK0","msg":"error: 403, descripcion:  ruta /api/products método POST no autorizada"}
{"level":40,"time":1677940954900,"pid":1116,"hostname":"DESKTOP-G8F9RK0","msg":"error: 403, descripcion:  ruta /api/products método POST no autorizada"}
{"level":40,"time":1677941129636,"pid":10352,"hostname":"DESKTOP-G8F9RK0","msg":"la tabla \"productos\" ya existe. no se realizaron cambios"}
{"level":40,"time":1677941129644,"pid":10352,"hostname":"DESKTOP-G8F9RK0","msg":"la tabla \"chat\" ya existe. no se realizaron cambios"}
{"level":40,"time":1677941197266,"pid":10352,"hostname":"DESKTOP-G8F9RK0","msg":"no se encontró producto con ese id (08a9b929-211d-4070-9715-bbd40fd1cf86)"}
{"level":40,"time":1677941267180,"pid":11916,"hostname":"DESKTOP-G8F9RK0","msg":"la tabla \"productos\" ya existe. no se realizaron cambios"}
{"level":40,"time":1677941267183,"pid":11916,"hostname":"DESKTOP-G8F9RK0","msg":"la tabla \"chat\" ya existe. no se realizaron cambios"}
{"level":40,"time":1677941579313,"pid":11128,"hostname":"DESKTOP-G8F9RK0","msg":"la tabla \"productos\" ya existe. no se realizaron cambios"}
{"level":40,"time":1677941579317,"pid":11128,"hostname":"DESKTOP-G8F9RK0","msg":"la tabla \"chat\" ya existe. no se realizaron cambios"}
{"level":40,"time":1677941835489,"pid":7900,"hostname":"DESKTOP-G8F9RK0","msg":"la tabla \"productos\" ya existe. no se realizaron cambios"}
{"level":40,"time":1677941835497,"pid":7900,"hostname":"DESKTOP-G8F9RK0","msg":"la tabla \"chat\" ya existe. no se realizaron cambios"}
{"level":40,"time":1677941892962,"pid":276,"hostname":"DESKTOP-G8F9RK0","msg":"la tabla \"productos\" ya existe. no se realizaron cambios"}
{"level":40,"time":1677941892964,"pid":276,"hostname":"DESKTOP-G8F9RK0","msg":"la tabla \"chat\" ya existe. no se realizaron cambios"}
{"level":40,"time":1677941989947,"pid":4320,"hostname":"DESKTOP-G8F9RK0","msg":"la tabla \"productos\" ya existe. no se realizaron cambios"}
{"level":40,"time":1677941989950,"pid":4320,"hostname":"DESKTOP-G8F9RK0","msg":"la tabla \"chat\" ya existe. no se realizaron cambios"}
{"level":40,"time":1677942071707,"pid":8600,"hostname":"DESKTOP-G8F9RK0","msg":"la tabla \"productos\" ya existe. no se realizaron cambios"}
{"level":40,"time":1677942071710,"pid":8600,"hostname":"DESKTOP-G8F9RK0","msg":"la tabla \"chat\" ya existe. no se realizaron cambios"}
{"level":40,"time":1677942265077,"pid":10468,"hostname":"DESKTOP-G8F9RK0","msg":"la tabla \"productos\" ya existe. no se realizaron cambios"}
{"level":40,"time":1677942265080,"pid":10468,"hostname":"DESKTOP-G8F9RK0","msg":"la tabla \"chat\" ya existe. no se realizaron cambios"}
{"level":40,"time":1677942375779,"pid":13012,"hostname":"DESKTOP-G8F9RK0","msg":"la tabla \"productos\" ya existe. no se realizaron cambios"}
{"level":40,"time":1677942375781,"pid":13012,"hostname":"DESKTOP-G8F9RK0","msg":"la tabla \"chat\" ya existe. no se realizaron cambios"}
{"level":40,"time":1677942556347,"pid":6844,"hostname":"DESKTOP-G8F9RK0","msg":"la tabla \"productos\" ya existe. no se realizaron cambios"}
{"level":40,"time":1677942556350,"pid":6844,"hostname":"DESKTOP-G8F9RK0","msg":"la tabla \"chat\" ya existe. no se realizaron cambios"}
{"level":40,"time":1677942951146,"pid":12984,"hostname":"DESKTOP-G8F9RK0","msg":"la tabla \"productos\" ya existe. no se realizaron cambios"}
{"level":40,"time":1677942951149,"pid":12984,"hostname":"DESKTOP-G8F9RK0","msg":"la tabla \"chat\" ya existe. no se realizaron cambios"}
{"level":50,"time":1677942960457,"pid":12984,"hostname":"DESKTOP-G8F9RK0","msg":"No hay usuario logueado"}
{"level":40,"time":1677943218652,"pid":12344,"hostname":"DESKTOP-G8F9RK0","msg":"la tabla \"productos\" ya existe. no se realizaron cambios"}
{"level":40,"time":1677943218654,"pid":12344,"hostname":"DESKTOP-G8F9RK0","msg":"la tabla \"chat\" ya existe. no se realizaron cambios"}
{"level":40,"time":1677943348726,"pid":2204,"hostname":"DESKTOP-G8F9RK0","msg":"la tabla \"productos\" ya existe. no se realizaron cambios"}
{"level":40,"time":1677943348729,"pid":2204,"hostname":"DESKTOP-G8F9RK0","msg":"la tabla \"chat\" ya existe. no se realizaron cambios"}
{"level":40,"time":1677943975430,"pid":1248,"hostname":"DESKTOP-G8F9RK0","msg":"la tabla \"productos\" ya existe. no se realizaron cambios"}
{"level":40,"time":1677943975434,"pid":1248,"hostname":"DESKTOP-G8F9RK0","msg":"la tabla \"chat\" ya existe. no se realizaron cambios"}
{"level":50,"time":1677943976407,"pid":1248,"hostname":"DESKTOP-G8F9RK0","msg":"No hay usuario logueado"}
{"level":40,"time":1677943988487,"pid":1248,"hostname":"DESKTOP-G8F9RK0","msg":"No hay usuario logueado"}
{"level":40,"time":1677944198443,"pid":2352,"hostname":"DESKTOP-G8F9RK0","msg":"la tabla \"productos\" ya existe. no se realizaron cambios"}
{"level":40,"time":1677944198446,"pid":2352,"hostname":"DESKTOP-G8F9RK0","msg":"la tabla \"chat\" ya existe. no se realizaron cambios"}
{"level":40,"time":1677945061624,"pid":1168,"hostname":"DESKTOP-G8F9RK0","msg":"la tabla \"productos\" ya existe. no se realizaron cambios"}
{"level":40,"time":1677945061627,"pid":1168,"hostname":"DESKTOP-G8F9RK0","msg":"la tabla \"chat\" ya existe. no se realizaron cambios"}
{"level":40,"time":1677945240948,"pid":1168,"hostname":"DESKTOP-G8F9RK0","msg":"No hay usuario logueado"}
{"level":40,"time":1677945312290,"pid":2744,"hostname":"DESKTOP-G8F9RK0","msg":"la tabla \"productos\" ya existe. no se realizaron cambios"}
{"level":40,"time":1677945312293,"pid":2744,"hostname":"DESKTOP-G8F9RK0","msg":"la tabla \"chat\" ya existe. no se realizaron cambios"}
{"level":40,"time":1677945352587,"pid":5588,"hostname":"DESKTOP-G8F9RK0","msg":"la tabla \"productos\" ya existe. no se realizaron cambios"}
{"level":40,"time":1677945352590,"pid":5588,"hostname":"DESKTOP-G8F9RK0","msg":"la tabla \"chat\" ya existe. no se realizaron cambios"}
{"level":40,"time":1677945385551,"pid":12000,"hostname":"DESKTOP-G8F9RK0","msg":"la tabla \"productos\" ya existe. no se realizaron cambios"}
{"level":40,"time":1677945385554,"pid":12000,"hostname":"DESKTOP-G8F9RK0","msg":"la tabla \"chat\" ya existe. no se realizaron cambios"}
{"level":40,"time":1677945884836,"pid":4372,"hostname":"DESKTOP-G8F9RK0","msg":"la tabla \"productos\" ya existe. no se realizaron cambios"}
{"level":40,"time":1677945884839,"pid":4372,"hostname":"DESKTOP-G8F9RK0","msg":"la tabla \"chat\" ya existe. no se realizaron cambios"}
{"level":40,"time":1677945944271,"pid":7088,"hostname":"DESKTOP-G8F9RK0","msg":"la tabla \"productos\" ya existe. no se realizaron cambios"}
{"level":40,"time":1677945944273,"pid":7088,"hostname":"DESKTOP-G8F9RK0","msg":"la tabla \"chat\" ya existe. no se realizaron cambios"}
{"level":40,"time":1677946428777,"pid":3136,"hostname":"DESKTOP-G8F9RK0","msg":"la tabla \"productos\" ya existe. no se realizaron cambios"}
{"level":40,"time":1677946428784,"pid":3136,"hostname":"DESKTOP-G8F9RK0","msg":"la tabla \"chat\" ya existe. no se realizaron cambios"}
{"level":50,"time":1677946519282,"pid":3136,"hostname":"DESKTOP-G8F9RK0","msg":"User Not Found with username martin.cueva@uner.edu.ar"}
{"level":40,"time":1677946709427,"pid":4576,"hostname":"DESKTOP-G8F9RK0","msg":"la tabla \"productos\" ya existe. no se realizaron cambios"}
{"level":40,"time":1677946709433,"pid":4576,"hostname":"DESKTOP-G8F9RK0","msg":"la tabla \"chat\" ya existe. no se realizaron cambios"}
{"level":50,"time":1677946720042,"pid":4576,"hostname":"DESKTOP-G8F9RK0","msg":"User already exists"}
{"level":50,"time":1677946782392,"pid":4576,"hostname":"DESKTOP-G8F9RK0","code":"EENVELOPE","command":"API","stack":"Error: No recipients defined\n    at SMTPConnection._formatError (C:\\Users\\Usuario\\Desktop\\2022\\CoderHouse\\04 - Backend Página\\18 - trabajo_final_tercer_entrega\\node_modules\\nodemailer\\lib\\smtp-connection\\index.js:790:19)\n    at SMTPConnection._setEnvelope (C:\\Users\\Usuario\\Desktop\\2022\\CoderHouse\\04 - Backend Página\\18 - trabajo_final_tercer_entrega\\node_modules\\nodemailer\\lib\\smtp-connection\\index.js:1007:34)\n    at SMTPConnection.send (C:\\Users\\Usuario\\Desktop\\2022\\CoderHouse\\04 - Backend Página\\18 - trabajo_final_tercer_entrega\\node_modules\\nodemailer\\lib\\smtp-connection\\index.js:621:14)\n    at sendMessage (C:\\Users\\Usuario\\Desktop\\2022\\CoderHouse\\04 - Backend Página\\18 - trabajo_final_tercer_entrega\\node_modules\\nodemailer\\lib\\smtp-transport\\index.js:228:28)\n    at C:\\Users\\Usuario\\Desktop\\2022\\CoderHouse\\04 - Backend Página\\18 - trabajo_final_tercer_entrega\\node_modules\\nodemailer\\lib\\smtp-transport\\index.js:286:25\n    at SMTPConnection._actionAUTHComplete (C:\\Users\\Usuario\\Desktop\\2022\\CoderHouse\\04 - Backend Página\\18 - trabajo_final_tercer_entrega\\node_modules\\nodemailer\\lib\\smtp-connection\\index.js:1562:9)\n    at SMTPConnection.<anonymous> (C:\\Users\\Usuario\\Desktop\\2022\\CoderHouse\\04 - Backend Página\\18 - trabajo_final_tercer_entrega\\node_modules\\nodemailer\\lib\\smtp-connection\\index.js:546:26)\n    at SMTPConnection._processResponse (C:\\Users\\Usuario\\Desktop\\2022\\CoderHouse\\04 - Backend Página\\18 - trabajo_final_tercer_entrega\\node_modules\\nodemailer\\lib\\smtp-connection\\index.js:953:20)\n    at SMTPConnection._onData (C:\\Users\\Usuario\\Desktop\\2022\\CoderHouse\\04 - Backend Página\\18 - trabajo_final_tercer_entrega\\node_modules\\nodemailer\\lib\\smtp-connection\\index.js:755:14)\n    at SMTPConnection._onSocketData (C:\\Users\\Usuario\\Desktop\\2022\\CoderHouse\\04 - Backend Página\\18 - trabajo_final_tercer_entrega\\node_modules\\nodemailer\\lib\\smtp-connection\\index.js:193:44)","type":"Error","msg":"No recipients defined"}
{"level":40,"time":1677946988406,"pid":6784,"hostname":"DESKTOP-G8F9RK0","msg":"la tabla \"productos\" ya existe. no se realizaron cambios"}
{"level":40,"time":1677946988411,"pid":6784,"hostname":"DESKTOP-G8F9RK0","msg":"la tabla \"chat\" ya existe. no se realizaron cambios"}
{"level":40,"time":1677947279534,"pid":7280,"hostname":"DESKTOP-G8F9RK0","msg":"la tabla \"productos\" ya existe. no se realizaron cambios"}
{"level":40,"time":1677947279537,"pid":7280,"hostname":"DESKTOP-G8F9RK0","msg":"la tabla \"chat\" ya existe. no se realizaron cambios"}
{"level":40,"time":1677947415424,"pid":6888,"hostname":"DESKTOP-G8F9RK0","msg":"la tabla \"productos\" ya existe. no se realizaron cambios"}
{"level":40,"time":1677947415427,"pid":6888,"hostname":"DESKTOP-G8F9RK0","msg":"la tabla \"chat\" ya existe. no se realizaron cambios"}
{"level":40,"time":1677947522847,"pid":12284,"hostname":"DESKTOP-G8F9RK0","msg":"la tabla \"productos\" ya existe. no se realizaron cambios"}
{"level":40,"time":1677947522850,"pid":12284,"hostname":"DESKTOP-G8F9RK0","msg":"la tabla \"chat\" ya existe. no se realizaron cambios"}
{"level":40,"time":1677947835801,"pid":6564,"hostname":"DESKTOP-G8F9RK0","msg":"la tabla \"productos\" ya existe. no se realizaron cambios"}
{"level":40,"time":1677947835804,"pid":6564,"hostname":"DESKTOP-G8F9RK0","msg":"la tabla \"chat\" ya existe. no se realizaron cambios"}
{"level":40,"time":1677948307843,"pid":4380,"hostname":"DESKTOP-G8F9RK0","msg":"la tabla \"productos\" ya existe. no se realizaron cambios"}
{"level":40,"time":1677948307846,"pid":4380,"hostname":"DESKTOP-G8F9RK0","msg":"la tabla \"chat\" ya existe. no se realizaron cambios"}
{"level":40,"time":1677948418413,"pid":4380,"hostname":"DESKTOP-G8F9RK0","msg":"error: 403, descripcion:  ruta /api/products/766964a1-fb93-44aa-893a-8941cd970390 método PUT no autorizada"}
{"level":40,"time":1677948467668,"pid":4380,"hostname":"DESKTOP-G8F9RK0","msg":"error: 403, descripcion:  ruta /api/products/766964a1-fb93-44aa-893a-8941cd970390 método PUT no autorizada"}
{"level":40,"time":1677948513068,"pid":4380,"hostname":"DESKTOP-G8F9RK0","msg":"error: 403, descripcion:  ruta /api/products/766964a1-fb93-44aa-893a-8941cd970390 método PUT no autorizada"}
{"level":40,"time":1677948536569,"pid":4380,"hostname":"DESKTOP-G8F9RK0","msg":"error: 403, descripcion:  ruta /api/products/766964a1-fb93-44aa-893a-8941cd970390 método PUT no autorizada"}
{"level":40,"time":1677948576077,"pid":4380,"hostname":"DESKTOP-G8F9RK0","msg":"error: 403, descripcion:  ruta /api/products método POST no autorizada"}
{"level":40,"time":1677948881392,"pid":4380,"hostname":"DESKTOP-G8F9RK0","msg":"error: 403, descripcion:  ruta /api/products/766964a1-fb93-44aa-893a-8941cd970390 método PUT no autorizada"}
{"level":40,"time":1677948915957,"pid":4380,"hostname":"DESKTOP-G8F9RK0","msg":"error: 403, descripcion:  ruta /api/products/766964a1-fb93-44aa-893a-8941cd970390 método DELETE no autorizada"}
{"level":40,"time":1677949076051,"pid":13220,"hostname":"DESKTOP-G8F9RK0","msg":"la tabla \"productos\" ya existe. no se realizaron cambios"}
{"level":40,"time":1677949076053,"pid":13220,"hostname":"DESKTOP-G8F9RK0","msg":"la tabla \"chat\" ya existe. no se realizaron cambios"}
{"level":40,"time":1677949119401,"pid":5596,"hostname":"DESKTOP-G8F9RK0","msg":"la tabla \"productos\" ya existe. no se realizaron cambios"}
{"level":40,"time":1677949119405,"pid":5596,"hostname":"DESKTOP-G8F9RK0","msg":"la tabla \"chat\" ya existe. no se realizaron cambios"}
{"level":40,"time":1677949226984,"pid":10836,"hostname":"DESKTOP-G8F9RK0","msg":"la tabla \"productos\" ya existe. no se realizaron cambios"}
{"level":40,"time":1677949226987,"pid":10836,"hostname":"DESKTOP-G8F9RK0","msg":"la tabla \"chat\" ya existe. no se realizaron cambios"}
{"level":40,"time":1677949297146,"pid":5740,"hostname":"DESKTOP-G8F9RK0","msg":"la tabla \"productos\" ya existe. no se realizaron cambios"}
{"level":40,"time":1677949297150,"pid":5740,"hostname":"DESKTOP-G8F9RK0","msg":"la tabla \"chat\" ya existe. no se realizaron cambios"}
{"level":40,"time":1677949430960,"pid":8020,"hostname":"DESKTOP-G8F9RK0","msg":"la tabla \"productos\" ya existe. no se realizaron cambios"}
{"level":40,"time":1677949430962,"pid":8020,"hostname":"DESKTOP-G8F9RK0","msg":"la tabla \"chat\" ya existe. no se realizaron cambios"}
{"level":40,"time":1677949564464,"pid":4328,"hostname":"DESKTOP-G8F9RK0","msg":"la tabla \"productos\" ya existe. no se realizaron cambios"}
{"level":40,"time":1677949564469,"pid":4328,"hostname":"DESKTOP-G8F9RK0","msg":"la tabla \"chat\" ya existe. no se realizaron cambios"}
{"level":40,"time":1677949670075,"pid":8636,"hostname":"DESKTOP-G8F9RK0","msg":"la tabla \"productos\" ya existe. no se realizaron cambios"}
{"level":40,"time":1677949670083,"pid":8636,"hostname":"DESKTOP-G8F9RK0","msg":"la tabla \"chat\" ya existe. no se realizaron cambios"}
{"level":40,"time":1677949744434,"pid":8636,"hostname":"DESKTOP-G8F9RK0","msg":"Producto inexistente"}
{"level":40,"time":1677949877648,"pid":17152,"hostname":"DESKTOP-G8F9RK0","msg":"la tabla \"productos\" ya existe. no se realizaron cambios"}
{"level":40,"time":1677949877669,"pid":17152,"hostname":"DESKTOP-G8F9RK0","msg":"la tabla \"chat\" ya existe. no se realizaron cambios"}
{"level":40,"time":1677950055235,"pid":5084,"hostname":"DESKTOP-G8F9RK0","msg":"la tabla \"productos\" ya existe. no se realizaron cambios"}
{"level":40,"time":1677950055241,"pid":5084,"hostname":"DESKTOP-G8F9RK0","msg":"la tabla \"chat\" ya existe. no se realizaron cambios"}
{"level":40,"time":1677950391678,"pid":6504,"hostname":"DESKTOP-G8F9RK0","msg":"la tabla \"productos\" ya existe. no se realizaron cambios"}
{"level":40,"time":1677950391681,"pid":6504,"hostname":"DESKTOP-G8F9RK0","msg":"la tabla \"chat\" ya existe. no se realizaron cambios"}
{"level":40,"time":1677950503573,"pid":17540,"hostname":"DESKTOP-G8F9RK0","msg":"la tabla \"productos\" ya existe. no se realizaron cambios"}
{"level":40,"time":1677950503577,"pid":17540,"hostname":"DESKTOP-G8F9RK0","msg":"la tabla \"chat\" ya existe. no se realizaron cambios"}
{"level":40,"time":1677950538622,"pid":18044,"hostname":"DESKTOP-G8F9RK0","msg":"la tabla \"productos\" ya existe. no se realizaron cambios"}
{"level":40,"time":1677950538625,"pid":18044,"hostname":"DESKTOP-G8F9RK0","msg":"la tabla \"chat\" ya existe. no se realizaron cambios"}
{"level":40,"time":1677950666799,"pid":7800,"hostname":"DESKTOP-G8F9RK0","msg":"la tabla \"productos\" ya existe. no se realizaron cambios"}
{"level":40,"time":1677950666803,"pid":7800,"hostname":"DESKTOP-G8F9RK0","msg":"la tabla \"chat\" ya existe. no se realizaron cambios"}
{"level":40,"time":1677950672301,"pid":7800,"hostname":"DESKTOP-G8F9RK0","msg":"no se encontró producto con ese id (62e1eab-8705-4f5e-a468-a1a18bfa278d)"}
{"level":40,"time":1677950713671,"pid":16164,"hostname":"DESKTOP-G8F9RK0","msg":"la tabla \"productos\" ya existe. no se realizaron cambios"}
{"level":40,"time":1677950713675,"pid":16164,"hostname":"DESKTOP-G8F9RK0","msg":"la tabla \"chat\" ya existe. no se realizaron cambios"}
{"level":40,"time":1677950717476,"pid":16164,"hostname":"DESKTOP-G8F9RK0","msg":"no se encontró producto con ese id (62e1eab-8705-4f5e-a468-a1a18bfa278d)"}
{"level":40,"time":1677950754914,"pid":16544,"hostname":"DESKTOP-G8F9RK0","msg":"la tabla \"productos\" ya existe. no se realizaron cambios"}
{"level":40,"time":1677950754918,"pid":16544,"hostname":"DESKTOP-G8F9RK0","msg":"la tabla \"chat\" ya existe. no se realizaron cambios"}
{"level":40,"time":1677950810046,"pid":16544,"hostname":"DESKTOP-G8F9RK0","msg":"no se encontró producto con ese id (62e1eab9-805-4f5e-a468-a1a18bfa278d)"}
{"level":40,"time":1677951364022,"pid":9764,"hostname":"DESKTOP-G8F9RK0","msg":"la tabla \"productos\" ya existe. no se realizaron cambios"}
{"level":40,"time":1677951364026,"pid":9764,"hostname":"DESKTOP-G8F9RK0","msg":"la tabla \"chat\" ya existe. no se realizaron cambios"}
{"level":40,"time":1677951378598,"pid":16084,"hostname":"DESKTOP-G8F9RK0","msg":"la tabla \"productos\" ya existe. no se realizaron cambios"}
{"level":40,"time":1677951378601,"pid":16084,"hostname":"DESKTOP-G8F9RK0","msg":"la tabla \"chat\" ya existe. no se realizaron cambios"}
{"level":40,"time":1677951415440,"pid":16100,"hostname":"DESKTOP-G8F9RK0","msg":"la tabla \"productos\" ya existe. no se realizaron cambios"}
{"level":40,"time":1677951415445,"pid":16100,"hostname":"DESKTOP-G8F9RK0","msg":"la tabla \"chat\" ya existe. no se realizaron cambios"}
{"level":40,"time":1677951563966,"pid":16100,"hostname":"DESKTOP-G8F9RK0","msg":"no se encontró carrito para el usuario (prueba30021@otmail.com)"}
{"level":40,"time":1677951613424,"pid":16100,"hostname":"DESKTOP-G8F9RK0","msg":"no se encontró producto con ese id (ef9cdf56-71a1-49f2-8385-55a776b4f7f)"}
{"level":40,"time":1677952212808,"pid":16804,"hostname":"DESKTOP-G8F9RK0","msg":"la tabla \"productos\" ya existe. no se realizaron cambios"}
{"level":40,"time":1677952212811,"pid":16804,"hostname":"DESKTOP-G8F9RK0","msg":"la tabla \"chat\" ya existe. no se realizaron cambios"}
{"level":40,"time":1677952874469,"pid":4744,"hostname":"DESKTOP-G8F9RK0","msg":"la tabla \"productos\" ya existe. no se realizaron cambios"}
{"level":40,"time":1677952874476,"pid":4744,"hostname":"DESKTOP-G8F9RK0","msg":"la tabla \"chat\" ya existe. no se realizaron cambios"}
{"level":40,"time":1677954459094,"pid":8372,"hostname":"DESKTOP-G8F9RK0","msg":"la tabla \"productos\" ya existe. no se realizaron cambios"}
{"level":40,"time":1677954459098,"pid":8372,"hostname":"DESKTOP-G8F9RK0","msg":"la tabla \"chat\" ya existe. no se realizaron cambios"}
{"level":40,"time":1677956178019,"pid":1028,"hostname":"DESKTOP-G8F9RK0","msg":"la tabla \"productos\" ya existe. no se realizaron cambios"}
{"level":40,"time":1677956178031,"pid":13664,"hostname":"DESKTOP-G8F9RK0","msg":"la tabla \"productos\" ya existe. no se realizaron cambios"}
{"level":40,"time":1677956178034,"pid":1028,"hostname":"DESKTOP-G8F9RK0","msg":"la tabla \"chat\" ya existe. no se realizaron cambios"}
{"level":40,"time":1677956178067,"pid":13664,"hostname":"DESKTOP-G8F9RK0","msg":"la tabla \"chat\" ya existe. no se realizaron cambios"}
{"level":40,"time":1677956267899,"pid":2680,"hostname":"DESKTOP-G8F9RK0","msg":"la tabla \"productos\" ya existe. no se realizaron cambios"}
{"level":40,"time":1677956267903,"pid":2680,"hostname":"DESKTOP-G8F9RK0","msg":"la tabla \"chat\" ya existe. no se realizaron cambios"}
{"level":40,"time":1677956267955,"pid":13656,"hostname":"DESKTOP-G8F9RK0","msg":"la tabla \"productos\" ya existe. no se realizaron cambios"}
{"level":40,"time":1677956267959,"pid":13656,"hostname":"DESKTOP-G8F9RK0","msg":"la tabla \"chat\" ya existe. no se realizaron cambios"}
{"level":40,"time":1677956287490,"pid":5264,"hostname":"DESKTOP-G8F9RK0","msg":"la tabla \"productos\" ya existe. no se realizaron cambios"}
{"level":40,"time":1677956287493,"pid":5264,"hostname":"DESKTOP-G8F9RK0","msg":"la tabla \"chat\" ya existe. no se realizaron cambios"}
{"level":40,"time":1677956301518,"pid":5264,"hostname":"DESKTOP-G8F9RK0","msg":"no se encontró producto con ese id (62e1eab9-8705-3f5e-a468-a1a18bfa278d)"}
{"level":40,"time":1677956393864,"pid":11028,"hostname":"DESKTOP-G8F9RK0","msg":"la tabla \"productos\" ya existe. no se realizaron cambios"}
{"level":40,"time":1677956393870,"pid":11028,"hostname":"DESKTOP-G8F9RK0","msg":"la tabla \"chat\" ya existe. no se realizaron cambios"}
{"level":40,"time":1677956452276,"pid":5704,"hostname":"DESKTOP-G8F9RK0","msg":"la tabla \"productos\" ya existe. no se realizaron cambios"}
{"level":40,"time":1677956452278,"pid":5704,"hostname":"DESKTOP-G8F9RK0","msg":"la tabla \"chat\" ya existe. no se realizaron cambios"}
{"level":40,"time":1677956502165,"pid":15412,"hostname":"DESKTOP-G8F9RK0","msg":"la tabla \"productos\" ya existe. no se realizaron cambios"}
{"level":40,"time":1677956502168,"pid":15412,"hostname":"DESKTOP-G8F9RK0","msg":"la tabla \"chat\" ya existe. no se realizaron cambios"}
{"level":50,"time":1677956520057,"pid":15412,"hostname":"DESKTOP-G8F9RK0","msg":"Unexpected token \n in JSON at position 194"}
{"level":40,"time":1677956784451,"pid":14064,"hostname":"DESKTOP-G8F9RK0","msg":"la tabla \"productos\" ya existe. no se realizaron cambios"}
{"level":40,"time":1677956784455,"pid":14064,"hostname":"DESKTOP-G8F9RK0","msg":"la tabla \"chat\" ya existe. no se realizaron cambios"}
{"level":40,"time":1677957294048,"pid":15844,"hostname":"DESKTOP-G8F9RK0","msg":"la tabla \"productos\" ya existe. no se realizaron cambios"}
{"level":40,"time":1677957294052,"pid":15844,"hostname":"DESKTOP-G8F9RK0","msg":"la tabla \"chat\" ya existe. no se realizaron cambios"}
{"level":40,"time":1677957328639,"pid":5696,"hostname":"DESKTOP-G8F9RK0","msg":"la tabla \"productos\" ya existe. no se realizaron cambios"}
{"level":40,"time":1677957328643,"pid":5696,"hostname":"DESKTOP-G8F9RK0","msg":"la tabla \"chat\" ya existe. no se realizaron cambios"}
{"level":40,"time":1677957420877,"pid":12728,"hostname":"DESKTOP-G8F9RK0","msg":"la tabla \"productos\" ya existe. no se realizaron cambios"}
{"level":40,"time":1677957420880,"pid":12728,"hostname":"DESKTOP-G8F9RK0","msg":"la tabla \"chat\" ya existe. no se realizaron cambios"}
{"level":40,"time":1677957604597,"pid":17336,"hostname":"DESKTOP-G8F9RK0","msg":"la tabla \"productos\" ya existe. no se realizaron cambios"}
{"level":40,"time":1677957604600,"pid":17336,"hostname":"DESKTOP-G8F9RK0","msg":"la tabla \"chat\" ya existe. no se realizaron cambios"}
{"level":40,"time":1677960133387,"pid":12608,"hostname":"DESKTOP-G8F9RK0","msg":"la tabla \"productos\" ya existe. no se realizaron cambios"}
{"level":40,"time":1677960133390,"pid":12608,"hostname":"DESKTOP-G8F9RK0","msg":"la tabla \"chat\" ya existe. no se realizaron cambios"}
{"level":40,"time":1677960200285,"pid":17240,"hostname":"DESKTOP-G8F9RK0","msg":"la tabla \"productos\" ya existe. no se realizaron cambios"}
{"level":40,"time":1677960200298,"pid":17240,"hostname":"DESKTOP-G8F9RK0","msg":"la tabla \"chat\" ya existe. no se realizaron cambios"}
{"level":40,"time":1677960261771,"pid":16952,"hostname":"DESKTOP-G8F9RK0","msg":"la tabla \"productos\" ya existe. no se realizaron cambios"}
{"level":40,"time":1677960261774,"pid":16952,"hostname":"DESKTOP-G8F9RK0","msg":"la tabla \"chat\" ya existe. no se realizaron cambios"}
{"level":50,"time":1677960272366,"pid":16952,"hostname":"DESKTOP-G8F9RK0","msg":"Unexpected token \n in JSON at position 25"}
{"level":40,"time":1677960347609,"pid":12392,"hostname":"DESKTOP-G8F9RK0","msg":"la tabla \"productos\" ya existe. no se realizaron cambios"}
{"level":40,"time":1677960347615,"pid":12392,"hostname":"DESKTOP-G8F9RK0","msg":"la tabla \"chat\" ya existe. no se realizaron cambios"}
{"level":50,"time":1677960374543,"pid":12392,"hostname":"DESKTOP-G8F9RK0","msg":"Unexpected string in JSON at position 49"}
{"level":40,"time":1677960445608,"pid":1384,"hostname":"DESKTOP-G8F9RK0","msg":"la tabla \"productos\" ya existe. no se realizaron cambios"}
{"level":40,"time":1677960445613,"pid":1384,"hostname":"DESKTOP-G8F9RK0","msg":"la tabla \"chat\" ya existe. no se realizaron cambios"}
{"level":40,"time":1677960546824,"pid":17348,"hostname":"DESKTOP-G8F9RK0","msg":"la tabla \"productos\" ya existe. no se realizaron cambios"}
{"level":40,"time":1677960546827,"pid":17348,"hostname":"DESKTOP-G8F9RK0","msg":"la tabla \"chat\" ya existe. no se realizaron cambios"}
{"level":40,"time":1677960645424,"pid":17536,"hostname":"DESKTOP-G8F9RK0","msg":"la tabla \"productos\" ya existe. no se realizaron cambios"}
{"level":40,"time":1677960645437,"pid":17536,"hostname":"DESKTOP-G8F9RK0","msg":"la tabla \"chat\" ya existe. no se realizaron cambios"}
{"level":40,"time":1677960783629,"pid":17444,"hostname":"DESKTOP-G8F9RK0","msg":"la tabla \"productos\" ya existe. no se realizaron cambios"}
{"level":40,"time":1677960783640,"pid":17444,"hostname":"DESKTOP-G8F9RK0","msg":"la tabla \"chat\" ya existe. no se realizaron cambios"}
{"level":40,"time":1677961053488,"pid":13088,"hostname":"DESKTOP-G8F9RK0","msg":"la tabla \"productos\" ya existe. no se realizaron cambios"}
{"level":40,"time":1677961053491,"pid":13088,"hostname":"DESKTOP-G8F9RK0","msg":"la tabla \"chat\" ya existe. no se realizaron cambios"}
{"level":40,"time":1677961255815,"pid":12316,"hostname":"DESKTOP-G8F9RK0","msg":"la tabla \"productos\" ya existe. no se realizaron cambios"}
{"level":40,"time":1677961255817,"pid":12316,"hostname":"DESKTOP-G8F9RK0","msg":"la tabla \"chat\" ya existe. no se realizaron cambios"}
{"level":40,"time":1677961262099,"pid":12316,"hostname":"DESKTOP-G8F9RK0","msg":"No hay usuario logueado"}
{"level":40,"time":1677961376125,"pid":15340,"hostname":"DESKTOP-G8F9RK0","msg":"la tabla \"productos\" ya existe. no se realizaron cambios"}
{"level":40,"time":1677961376129,"pid":15340,"hostname":"DESKTOP-G8F9RK0","msg":"la tabla \"chat\" ya existe. no se realizaron cambios"}
{"level":40,"time":1677961743084,"pid":7500,"hostname":"DESKTOP-G8F9RK0","msg":"la tabla \"productos\" ya existe. no se realizaron cambios"}
{"level":40,"time":1677961743092,"pid":7500,"hostname":"DESKTOP-G8F9RK0","msg":"la tabla \"chat\" ya existe. no se realizaron cambios"}
{"level":40,"time":1677961771554,"pid":16940,"hostname":"DESKTOP-G8F9RK0","msg":"la tabla \"productos\" ya existe. no se realizaron cambios"}
{"level":40,"time":1677961771561,"pid":16940,"hostname":"DESKTOP-G8F9RK0","msg":"la tabla \"chat\" ya existe. no se realizaron cambios"}
{"level":40,"time":1677961913139,"pid":11080,"hostname":"DESKTOP-G8F9RK0","msg":"la tabla \"productos\" ya existe. no se realizaron cambios"}
{"level":40,"time":1677961913168,"pid":11080,"hostname":"DESKTOP-G8F9RK0","msg":"la tabla \"chat\" ya existe. no se realizaron cambios"}
{"level":40,"time":1677961915748,"pid":11080,"hostname":"DESKTOP-G8F9RK0","msg":"No hay usuario logueado"}
{"level":40,"time":1677962054683,"pid":11080,"hostname":"DESKTOP-G8F9RK0","msg":"No hay productos en el carrito"}
{"level":40,"time":1677962502603,"pid":17400,"hostname":"DESKTOP-G8F9RK0","msg":"la tabla \"productos\" ya existe. no se realizaron cambios"}
{"level":40,"time":1677962502608,"pid":17400,"hostname":"DESKTOP-G8F9RK0","msg":"la tabla \"chat\" ya existe. no se realizaron cambios"}
{"level":40,"time":1677962506480,"pid":17400,"hostname":"DESKTOP-G8F9RK0","msg":"No hay productos en el carrito"}
{"level":40,"time":1677962539650,"pid":15520,"hostname":"DESKTOP-G8F9RK0","msg":"la tabla \"productos\" ya existe. no se realizaron cambios"}
{"level":40,"time":1677962539658,"pid":15520,"hostname":"DESKTOP-G8F9RK0","msg":"la tabla \"chat\" ya existe. no se realizaron cambios"}
{"level":40,"time":1677962666861,"pid":7864,"hostname":"DESKTOP-G8F9RK0","msg":"la tabla \"productos\" ya existe. no se realizaron cambios"}
{"level":40,"time":1677962666864,"pid":7864,"hostname":"DESKTOP-G8F9RK0","msg":"la tabla \"chat\" ya existe. no se realizaron cambios"}
{"level":40,"time":1677962869888,"pid":4984,"hostname":"DESKTOP-G8F9RK0","msg":"la tabla \"productos\" ya existe. no se realizaron cambios"}
{"level":40,"time":1677962869957,"pid":4984,"hostname":"DESKTOP-G8F9RK0","msg":"la tabla \"chat\" ya existe. no se realizaron cambios"}
{"level":40,"time":1677963066903,"pid":15200,"hostname":"DESKTOP-G8F9RK0","msg":"la tabla \"productos\" ya existe. no se realizaron cambios"}
{"level":40,"time":1677963066906,"pid":15200,"hostname":"DESKTOP-G8F9RK0","msg":"la tabla \"chat\" ya existe. no se realizaron cambios"}
{"level":40,"time":1677963141638,"pid":10888,"hostname":"DESKTOP-G8F9RK0","msg":"la tabla \"productos\" ya existe. no se realizaron cambios"}
{"level":40,"time":1677963141643,"pid":10888,"hostname":"DESKTOP-G8F9RK0","msg":"la tabla \"chat\" ya existe. no se realizaron cambios"}
{"level":40,"time":1677963260782,"pid":11952,"hostname":"DESKTOP-G8F9RK0","msg":"la tabla \"productos\" ya existe. no se realizaron cambios"}
{"level":40,"time":1677963260800,"pid":11952,"hostname":"DESKTOP-G8F9RK0","msg":"la tabla \"chat\" ya existe. no se realizaron cambios"}
{"level":40,"time":1678032104047,"pid":4128,"hostname":"DESKTOP-G8F9RK0","msg":"la tabla \"productos\" ya existe. no se realizaron cambios"}
{"level":40,"time":1678032104051,"pid":4128,"hostname":"DESKTOP-G8F9RK0","msg":"la tabla \"chat\" ya existe. no se realizaron cambios"}
{"level":40,"time":1678032115151,"pid":4128,"hostname":"DESKTOP-G8F9RK0","msg":"No hay usuario logueado"}
{"level":40,"time":1678032211278,"pid":4128,"hostname":"DESKTOP-G8F9RK0","msg":"No hay productos en el carrito"}
{"level":40,"time":1678032293267,"pid":17676,"hostname":"DESKTOP-G8F9RK0","msg":"la tabla \"productos\" ya existe. no se realizaron cambios"}
{"level":40,"time":1678032293270,"pid":17676,"hostname":"DESKTOP-G8F9RK0","msg":"la tabla \"chat\" ya existe. no se realizaron cambios"}
{"level":40,"time":1678041134691,"pid":14732,"hostname":"DESKTOP-G8F9RK0","msg":"la tabla \"productos\" ya existe. no se realizaron cambios"}
{"level":40,"time":1678041134694,"pid":14732,"hostname":"DESKTOP-G8F9RK0","msg":"la tabla \"chat\" ya existe. no se realizaron cambios"}
{"level":40,"time":1678041460057,"pid":17548,"hostname":"DESKTOP-G8F9RK0","msg":"la tabla \"productos\" ya existe. no se realizaron cambios"}
{"level":40,"time":1678041460060,"pid":17548,"hostname":"DESKTOP-G8F9RK0","msg":"la tabla \"chat\" ya existe. no se realizaron cambios"}
{"level":40,"time":1678041523661,"pid":18144,"hostname":"DESKTOP-G8F9RK0","msg":"la tabla \"productos\" ya existe. no se realizaron cambios"}
{"level":40,"time":1678041523664,"pid":18144,"hostname":"DESKTOP-G8F9RK0","msg":"la tabla \"chat\" ya existe. no se realizaron cambios"}
{"level":40,"time":1678043093802,"pid":1288,"hostname":"DESKTOP-G8F9RK0","msg":"la tabla \"productos\" ya existe. no se realizaron cambios"}
{"level":40,"time":1678043093805,"pid":1288,"hostname":"DESKTOP-G8F9RK0","msg":"la tabla \"chat\" ya existe. no se realizaron cambios"}
{"level":40,"time":1678043668442,"pid":8368,"hostname":"DESKTOP-G8F9RK0","msg":"la tabla \"productos\" ya existe. no se realizaron cambios"}
{"level":40,"time":1678043668446,"pid":8368,"hostname":"DESKTOP-G8F9RK0","msg":"la tabla \"chat\" ya existe. no se realizaron cambios"}
{"level":40,"time":1678043683905,"pid":8368,"hostname":"DESKTOP-G8F9RK0","msg":"No hay un usuario logueado"}
{"level":40,"time":1678043765874,"pid":8368,"hostname":"DESKTOP-G8F9RK0","msg":"error: 403, descripcion:  ruta /api/products método POST no autorizada"}
{"level":40,"time":1678044676128,"pid":8368,"hostname":"DESKTOP-G8F9RK0","msg":"no se encontró producto con ese id (ef9cdf56-71a1-49f2-8385-55a776b4f7f)"}
{"level":40,"time":1678044700878,"pid":8368,"hostname":"DESKTOP-G8F9RK0","msg":"No hay usuario logueado"}
{"level":40,"time":1678046601613,"pid":16768,"hostname":"DESKTOP-G8F9RK0","msg":"la tabla \"productos\" ya existe. no se realizaron cambios"}
{"level":40,"time":1678046601615,"pid":16768,"hostname":"DESKTOP-G8F9RK0","msg":"la tabla \"chat\" ya existe. no se realizaron cambios"}
{"level":40,"time":1678046610441,"pid":16768,"hostname":"DESKTOP-G8F9RK0","msg":"No hay usuario logueado"}
{"level":40,"time":1678046626187,"pid":16768,"hostname":"DESKTOP-G8F9RK0","msg":"no se encontró carrito para el usuario (testmail@otmail.com)"}
{"level":40,"time":1678046677433,"pid":16768,"hostname":"DESKTOP-G8F9RK0","msg":"no se encontró carrito para el usuario (testmail@otmail.com)"}
{"level":40,"time":1678046724560,"pid":10232,"hostname":"DESKTOP-G8F9RK0","msg":"la tabla \"productos\" ya existe. no se realizaron cambios"}
{"level":40,"time":1678046724563,"pid":10232,"hostname":"DESKTOP-G8F9RK0","msg":"la tabla \"chat\" ya existe. no se realizaron cambios"}
{"level":40,"time":1678046732014,"pid":10232,"hostname":"DESKTOP-G8F9RK0","msg":"no se encontró carrito para el usuario (testmail@otmail.com)"}
{"level":40,"time":1678046792317,"pid":10232,"hostname":"DESKTOP-G8F9RK0","msg":"no se encontró carrito para el usuario (test32@otmail.com)"}
{"level":40,"time":1678046869671,"pid":9780,"hostname":"DESKTOP-G8F9RK0","msg":"la tabla \"productos\" ya existe. no se realizaron cambios"}
{"level":40,"time":1678046869674,"pid":9780,"hostname":"DESKTOP-G8F9RK0","msg":"la tabla \"chat\" ya existe. no se realizaron cambios"}
{"level":40,"time":1678046901563,"pid":12860,"hostname":"DESKTOP-G8F9RK0","msg":"la tabla \"productos\" ya existe. no se realizaron cambios"}
{"level":40,"time":1678046901566,"pid":12860,"hostname":"DESKTOP-G8F9RK0","msg":"la tabla \"chat\" ya existe. no se realizaron cambios"}
{"level":40,"time":1678046954343,"pid":17452,"hostname":"DESKTOP-G8F9RK0","msg":"la tabla \"productos\" ya existe. no se realizaron cambios"}
{"level":40,"time":1678046954346,"pid":17452,"hostname":"DESKTOP-G8F9RK0","msg":"la tabla \"chat\" ya existe. no se realizaron cambios"}
{"level":40,"time":1678046987336,"pid":17452,"hostname":"DESKTOP-G8F9RK0","msg":"No hay usuario logueado"}
{"level":40,"time":1678047202790,"pid":11712,"hostname":"DESKTOP-G8F9RK0","msg":"la tabla \"productos\" ya existe. no se realizaron cambios"}
{"level":40,"time":1678047202792,"pid":11712,"hostname":"DESKTOP-G8F9RK0","msg":"la tabla \"chat\" ya existe. no se realizaron cambios"}
{"level":40,"time":1678047265475,"pid":15980,"hostname":"DESKTOP-G8F9RK0","msg":"la tabla \"productos\" ya existe. no se realizaron cambios"}
{"level":40,"time":1678047265478,"pid":15980,"hostname":"DESKTOP-G8F9RK0","msg":"la tabla \"chat\" ya existe. no se realizaron cambios"}
{"level":40,"time":1678047269092,"pid":15980,"hostname":"DESKTOP-G8F9RK0","msg":"el carrito del usuario (martin.cueva@uner.edu.ar) está vacio"}
{"level":50,"time":1678047335727,"pid":15980,"hostname":"DESKTOP-G8F9RK0","msg":"User Not Found with username profesorborges06@gmail.com"}
{"level":40,"time":1678047339420,"pid":15980,"hostname":"DESKTOP-G8F9RK0","msg":"el carrito del usuario (martin.cueva@uner.edu.ar) está vacio"}
{"level":40,"time":1678047343751,"pid":15980,"hostname":"DESKTOP-G8F9RK0","msg":"el carrito del usuario (martin.cueva@uner.edu.ar) está vacio"}
{"level":50,"time":1678047354356,"pid":15980,"hostname":"DESKTOP-G8F9RK0","msg":"User Not Found with username profesorborges06@gmail.com"}
{"level":40,"time":1678047462229,"pid":14852,"hostname":"DESKTOP-G8F9RK0","msg":"la tabla \"productos\" ya existe. no se realizaron cambios"}
{"level":40,"time":1678047462233,"pid":14852,"hostname":"DESKTOP-G8F9RK0","msg":"la tabla \"chat\" ya existe. no se realizaron cambios"}
{"level":40,"time":1678047927481,"pid":17432,"hostname":"DESKTOP-G8F9RK0","msg":"la tabla \"productos\" ya existe. no se realizaron cambios"}
{"level":40,"time":1678047927488,"pid":17432,"hostname":"DESKTOP-G8F9RK0","msg":"la tabla \"chat\" ya existe. no se realizaron cambios"}
{"level":40,"time":1678048197318,"pid":1660,"hostname":"DESKTOP-G8F9RK0","msg":"la tabla \"productos\" ya existe. no se realizaron cambios"}
{"level":40,"time":1678048197321,"pid":1660,"hostname":"DESKTOP-G8F9RK0","msg":"la tabla \"chat\" ya existe. no se realizaron cambios"}
{"level":40,"time":1678048214536,"pid":1660,"hostname":"DESKTOP-G8F9RK0","msg":"No hay un usuario logueado"}
{"level":40,"time":1678048291136,"pid":9392,"hostname":"DESKTOP-G8F9RK0","msg":"la tabla \"productos\" ya existe. no se realizaron cambios"}
{"level":40,"time":1678048291139,"pid":9392,"hostname":"DESKTOP-G8F9RK0","msg":"la tabla \"chat\" ya existe. no se realizaron cambios"}
{"level":40,"time":1678048361931,"pid":9196,"hostname":"DESKTOP-G8F9RK0","msg":"la tabla \"productos\" ya existe. no se realizaron cambios"}
{"level":40,"time":1678048361933,"pid":9196,"hostname":"DESKTOP-G8F9RK0","msg":"la tabla \"chat\" ya existe. no se realizaron cambios"}
{"level":40,"time":1678048465225,"pid":13088,"hostname":"DESKTOP-G8F9RK0","msg":"la tabla \"productos\" ya existe. no se realizaron cambios"}
{"level":40,"time":1678048465229,"pid":13088,"hostname":"DESKTOP-G8F9RK0","msg":"la tabla \"chat\" ya existe. no se realizaron cambios"}
{"level":40,"time":1678048485017,"pid":13088,"hostname":"DESKTOP-G8F9RK0","msg":"el carrito del usuario (martin.cueva@uner.edu.ar) está vacio"}
{"level":40,"time":1678048649981,"pid":1888,"hostname":"DESKTOP-G8F9RK0","msg":"la tabla \"productos\" ya existe. no se realizaron cambios"}
{"level":40,"time":1678048649985,"pid":1888,"hostname":"DESKTOP-G8F9RK0","msg":"la tabla \"chat\" ya existe. no se realizaron cambios"}
{"level":40,"time":1678048823279,"pid":11304,"hostname":"DESKTOP-G8F9RK0","msg":"la tabla \"productos\" ya existe. no se realizaron cambios"}
{"level":40,"time":1678048823282,"pid":11304,"hostname":"DESKTOP-G8F9RK0","msg":"la tabla \"chat\" ya existe. no se realizaron cambios"}
{"level":40,"time":1678048891943,"pid":15724,"hostname":"DESKTOP-G8F9RK0","msg":"la tabla \"productos\" ya existe. no se realizaron cambios"}
{"level":40,"time":1678048891945,"pid":15724,"hostname":"DESKTOP-G8F9RK0","msg":"la tabla \"chat\" ya existe. no se realizaron cambios"}
{"level":40,"time":1678048977974,"pid":15724,"hostname":"DESKTOP-G8F9RK0","msg":"No hay usuario logueado"}
{"level":40,"time":1678049295279,"pid":9232,"hostname":"DESKTOP-G8F9RK0","msg":"la tabla \"productos\" ya existe. no se realizaron cambios"}
{"level":40,"time":1678049295283,"pid":9232,"hostname":"DESKTOP-G8F9RK0","msg":"la tabla \"chat\" ya existe. no se realizaron cambios"}
{"level":40,"time":1678049574397,"pid":1936,"hostname":"DESKTOP-G8F9RK0","msg":"la tabla \"productos\" ya existe. no se realizaron cambios"}
{"level":40,"time":1678049574400,"pid":1936,"hostname":"DESKTOP-G8F9RK0","msg":"la tabla \"chat\" ya existe. no se realizaron cambios"}
{"level":40,"time":1678049589999,"pid":1936,"hostname":"DESKTOP-G8F9RK0","msg":"No hay usuario logueado"}
{"level":40,"time":1678049689323,"pid":6784,"hostname":"DESKTOP-G8F9RK0","msg":"la tabla \"productos\" ya existe. no se realizaron cambios"}
{"level":40,"time":1678049689328,"pid":6784,"hostname":"DESKTOP-G8F9RK0","msg":"la tabla \"chat\" ya existe. no se realizaron cambios"}
{"level":40,"time":1678049778996,"pid":14564,"hostname":"DESKTOP-G8F9RK0","msg":"la tabla \"productos\" ya existe. no se realizaron cambios"}
{"level":40,"time":1678049778999,"pid":14564,"hostname":"DESKTOP-G8F9RK0","msg":"la tabla \"chat\" ya existe. no se realizaron cambios"}
{"level":40,"time":1678049782641,"pid":14564,"hostname":"DESKTOP-G8F9RK0","msg":"el carrito para el usuario (testmail8@otmail.com) no tiene productos"}
{"level":40,"time":1678049813583,"pid":14564,"hostname":"DESKTOP-G8F9RK0","msg":"el carrito del usuario (testmail8@otmail.com) está vacio"}
{"level":50,"time":1678049858825,"pid":14564,"hostname":"DESKTOP-G8F9RK0","msg":"User Not Found with username profesorborges06@gmail.com"}
{"level":40,"time":1678049910250,"pid":14564,"hostname":"DESKTOP-G8F9RK0","msg":"el carrito para el usuario (testmail@otmail.com) no tiene productos"}
{"level":40,"time":1678050004542,"pid":14564,"hostname":"DESKTOP-G8F9RK0","msg":"el carrito para el usuario (test31@otmail.com) no tiene productos"}
{"level":40,"time":1678050033116,"pid":3836,"hostname":"DESKTOP-G8F9RK0","msg":"la tabla \"productos\" ya existe. no se realizaron cambios"}
{"level":40,"time":1678050033119,"pid":3836,"hostname":"DESKTOP-G8F9RK0","msg":"la tabla \"chat\" ya existe. no se realizaron cambios"}
{"level":40,"time":1678050036740,"pid":3836,"hostname":"DESKTOP-G8F9RK0","msg":"el carrito para el usuario (test31@otmail.com) no tiene productos"}
{"level":40,"time":1678050072352,"pid":18168,"hostname":"DESKTOP-G8F9RK0","msg":"la tabla \"productos\" ya existe. no se realizaron cambios"}
{"level":40,"time":1678050072355,"pid":18168,"hostname":"DESKTOP-G8F9RK0","msg":"la tabla \"chat\" ya existe. no se realizaron cambios"}
{"level":40,"time":1678050076020,"pid":18168,"hostname":"DESKTOP-G8F9RK0","msg":"el carrito para el usuario (test31@otmail.com) no tiene productos"}
{"level":40,"time":1678050176224,"pid":13668,"hostname":"DESKTOP-G8F9RK0","msg":"la tabla \"productos\" ya existe. no se realizaron cambios"}
{"level":40,"time":1678050176228,"pid":13668,"hostname":"DESKTOP-G8F9RK0","msg":"la tabla \"chat\" ya existe. no se realizaron cambios"}
{"level":40,"time":1678050290173,"pid":3484,"hostname":"DESKTOP-G8F9RK0","msg":"la tabla \"productos\" ya existe. no se realizaron cambios"}
{"level":40,"time":1678050290176,"pid":3484,"hostname":"DESKTOP-G8F9RK0","msg":"la tabla \"chat\" ya existe. no se realizaron cambios"}
{"level":40,"time":1678050299472,"pid":3484,"hostname":"DESKTOP-G8F9RK0","msg":"el carrito para el usuario (test31@otmail.com) no tiene productos"}
{"level":40,"time":1678050336147,"pid":3484,"hostname":"DESKTOP-G8F9RK0","msg":"el carrito para el usuario (test32@otmail.com) no tiene productos"}
{"level":40,"time":1678050369625,"pid":16292,"hostname":"DESKTOP-G8F9RK0","msg":"la tabla \"productos\" ya existe. no se realizaron cambios"}
{"level":40,"time":1678050369628,"pid":16292,"hostname":"DESKTOP-G8F9RK0","msg":"la tabla \"chat\" ya existe. no se realizaron cambios"}
{"level":40,"time":1678050407675,"pid":16496,"hostname":"DESKTOP-G8F9RK0","msg":"la tabla \"productos\" ya existe. no se realizaron cambios"}
{"level":40,"time":1678050407678,"pid":16496,"hostname":"DESKTOP-G8F9RK0","msg":"la tabla \"chat\" ya existe. no se realizaron cambios"}
{"level":40,"time":1678050436270,"pid":16496,"hostname":"DESKTOP-G8F9RK0","msg":"No hay usuario logueado"}
{"level":40,"time":1678050460221,"pid":16496,"hostname":"DESKTOP-G8F9RK0","msg":"no se encontró producto con ese id (ef9cdf56-71a1-49f2-8385-55a776b4f7fa"}
{"level":40,"time":1678050477417,"pid":16496,"hostname":"DESKTOP-G8F9RK0","msg":"no se encontró producto con ese id (ef96-71a1-49f2-8385-55a776b4f7fa"}
{"level":40,"time":1678050603431,"pid":12200,"hostname":"DESKTOP-G8F9RK0","msg":"la tabla \"productos\" ya existe. no se realizaron cambios"}
{"level":40,"time":1678050603433,"pid":12200,"hostname":"DESKTOP-G8F9RK0","msg":"la tabla \"chat\" ya existe. no se realizaron cambios"}
{"level":40,"time":1678050619581,"pid":12200,"hostname":"DESKTOP-G8F9RK0","msg":"no se encontró producto con ese id (ef9cdf56-71a1-49f2-8385-55a776b4f7fa"}
{"level":40,"time":1678050778282,"pid":1128,"hostname":"DESKTOP-G8F9RK0","msg":"la tabla \"productos\" ya existe. no se realizaron cambios"}
{"level":40,"time":1678050778285,"pid":1128,"hostname":"DESKTOP-G8F9RK0","msg":"la tabla \"chat\" ya existe. no se realizaron cambios"}
{"level":40,"time":1678050825165,"pid":12800,"hostname":"DESKTOP-G8F9RK0","msg":"la tabla \"productos\" ya existe. no se realizaron cambios"}
{"level":40,"time":1678050825168,"pid":12800,"hostname":"DESKTOP-G8F9RK0","msg":"la tabla \"chat\" ya existe. no se realizaron cambios"}
{"level":40,"time":1678050979155,"pid":12172,"hostname":"DESKTOP-G8F9RK0","msg":"la tabla \"productos\" ya existe. no se realizaron cambios"}
{"level":40,"time":1678050979157,"pid":12172,"hostname":"DESKTOP-G8F9RK0","msg":"la tabla \"chat\" ya existe. no se realizaron cambios"}
{"level":40,"time":1678051012920,"pid":12172,"hostname":"DESKTOP-G8F9RK0","msg":"el carrito para el usuario (testmail@otmail.com) no tiene productos"}
{"level":40,"time":1678051061853,"pid":12172,"hostname":"DESKTOP-G8F9RK0","msg":"no se encontró producto con ese id (62e1eab9-8705-4f5e-a468-a1a18bfa278d"}
{"level":40,"time":1678051083439,"pid":3972,"hostname":"DESKTOP-G8F9RK0","msg":"la tabla \"productos\" ya existe. no se realizaron cambios"}
{"level":40,"time":1678051083442,"pid":3972,"hostname":"DESKTOP-G8F9RK0","msg":"la tabla \"chat\" ya existe. no se realizaron cambios"}
{"level":40,"time":1678051267517,"pid":13628,"hostname":"DESKTOP-G8F9RK0","msg":"la tabla \"productos\" ya existe. no se realizaron cambios"}
{"level":40,"time":1678051267520,"pid":13628,"hostname":"DESKTOP-G8F9RK0","msg":"la tabla \"chat\" ya existe. no se realizaron cambios"}
{"level":40,"time":1678052643786,"pid":13024,"hostname":"DESKTOP-G8F9RK0","msg":"la tabla \"productos\" ya existe. no se realizaron cambios"}
{"level":40,"time":1678052643808,"pid":13024,"hostname":"DESKTOP-G8F9RK0","msg":"la tabla \"chat\" ya existe. no se realizaron cambios"}
{"level":40,"time":1678052646235,"pid":13024,"hostname":"DESKTOP-G8F9RK0","msg":"No hay usuario logueado"}
{"level":40,"time":1678537626169,"pid":7344,"hostname":"DESKTOP-G8F9RK0","msg":"la tabla \"productos\" ya existe. no se realizaron cambios"}
{"level":40,"time":1678537626172,"pid":7344,"hostname":"DESKTOP-G8F9RK0","msg":"la tabla \"chat\" ya existe. no se realizaron cambios"}
{"level":40,"time":1678538307959,"pid":6152,"hostname":"DESKTOP-G8F9RK0","msg":"la tabla \"productos\" ya existe. no se realizaron cambios"}
{"level":40,"time":1678538307961,"pid":6152,"hostname":"DESKTOP-G8F9RK0","msg":"la tabla \"chat\" ya existe. no se realizaron cambios"}
{"level":50,"time":1678538411628,"pid":6152,"hostname":"DESKTOP-G8F9RK0","msg":"User already exists"}
{"level":40,"time":1678538495207,"pid":2344,"hostname":"DESKTOP-G8F9RK0","msg":"la tabla \"productos\" ya existe. no se realizaron cambios"}
{"level":40,"time":1678538495212,"pid":2344,"hostname":"DESKTOP-G8F9RK0","msg":"la tabla \"chat\" ya existe. no se realizaron cambios"}
{"level":40,"time":1678538661026,"pid":6132,"hostname":"DESKTOP-G8F9RK0","msg":"la tabla \"productos\" ya existe. no se realizaron cambios"}
{"level":40,"time":1678538661029,"pid":6132,"hostname":"DESKTOP-G8F9RK0","msg":"la tabla \"chat\" ya existe. no se realizaron cambios"}
{"level":40,"time":1678538694900,"pid":10476,"hostname":"DESKTOP-G8F9RK0","msg":"la tabla \"productos\" ya existe. no se realizaron cambios"}
{"level":40,"time":1678538694904,"pid":10476,"hostname":"DESKTOP-G8F9RK0","msg":"la tabla \"chat\" ya existe. no se realizaron cambios"}
{"level":40,"time":1678538738984,"pid":3744,"hostname":"DESKTOP-G8F9RK0","msg":"la tabla \"productos\" ya existe. no se realizaron cambios"}
{"level":40,"time":1678538738987,"pid":3744,"hostname":"DESKTOP-G8F9RK0","msg":"la tabla \"chat\" ya existe. no se realizaron cambios"}
{"level":40,"time":1678539743235,"pid":9852,"hostname":"DESKTOP-G8F9RK0","msg":"la tabla \"productos\" ya existe. no se realizaron cambios"}
{"level":40,"time":1678539743239,"pid":9852,"hostname":"DESKTOP-G8F9RK0","msg":"la tabla \"chat\" ya existe. no se realizaron cambios"}
{"level":40,"time":1678539761594,"pid":4240,"hostname":"DESKTOP-G8F9RK0","msg":"la tabla \"productos\" ya existe. no se realizaron cambios"}
{"level":40,"time":1678539761607,"pid":4240,"hostname":"DESKTOP-G8F9RK0","msg":"la tabla \"chat\" ya existe. no se realizaron cambios"}
{"level":40,"time":1678539831804,"pid":12252,"hostname":"DESKTOP-G8F9RK0","msg":"la tabla \"productos\" ya existe. no se realizaron cambios"}
{"level":40,"time":1678539831806,"pid":12252,"hostname":"DESKTOP-G8F9RK0","msg":"la tabla \"chat\" ya existe. no se realizaron cambios"}
{"level":40,"time":1678539845652,"pid":12252,"hostname":"DESKTOP-G8F9RK0","msg":"No hay usuario logueado"}
{"level":40,"time":1678545125296,"pid":10368,"hostname":"DESKTOP-G8F9RK0","msg":"la tabla \"productos\" ya existe. no se realizaron cambios"}
{"level":40,"time":1678545125299,"pid":10368,"hostname":"DESKTOP-G8F9RK0","msg":"la tabla \"chat\" ya existe. no se realizaron cambios"}
{"level":40,"time":1679488276604,"pid":272,"hostname":"DESKTOP-G8F9RK0","msg":"la tabla \"productos\" ya existe. no se realizaron cambios"}
{"level":40,"time":1679488276607,"pid":272,"hostname":"DESKTOP-G8F9RK0","msg":"la tabla \"chat\" ya existe. no se realizaron cambios"}
{"level":40,"time":1679488308223,"pid":272,"hostname":"DESKTOP-G8F9RK0","msg":"No hay un usuario logueado"}
{"level":40,"time":1679488318659,"pid":272,"hostname":"DESKTOP-G8F9RK0","msg":"no se encontró producto con ese id (6415aacc1eeb4953480af605)"}
{"level":40,"time":1679488330740,"pid":272,"hostname":"DESKTOP-G8F9RK0","msg":"no se encontró producto con ese id (6415aacc1eeb4953480af605)"}
{"level":40,"time":1679488352650,"pid":272,"hostname":"DESKTOP-G8F9RK0","msg":"no se encontró producto con ese id (6415aacc1eeb4953480af605)"}
{"level":40,"time":1681243199337,"pid":8656,"hostname":"DESKTOP-G8F9RK0","msg":"la tabla \"productos\" ya existe. no se realizaron cambios"}
{"level":40,"time":1681243199340,"pid":8656,"hostname":"DESKTOP-G8F9RK0","msg":"la tabla \"chat\" ya existe. no se realizaron cambios"}
{"level":40,"time":1681243220954,"pid":8656,"hostname":"DESKTOP-G8F9RK0","msg":"no se encontró producto con ese id (55)"}
{"level":40,"time":1681243248562,"pid":8656,"hostname":"DESKTOP-G8F9RK0","msg":"no se encontró producto con ese id (a2031d19-f0a6-49e9-9381-dff621600b22 )"}
{"level":40,"time":1681243812812,"pid":3584,"hostname":"DESKTOP-G8F9RK0","msg":"la tabla \"productos\" ya existe. no se realizaron cambios"}
{"level":40,"time":1681243812814,"pid":3584,"hostname":"DESKTOP-G8F9RK0","msg":"la tabla \"chat\" ya existe. no se realizaron cambios"}
{"level":40,"time":1681267117419,"pid":11032,"hostname":"DESKTOP-G8F9RK0","msg":"la tabla \"productos\" ya existe. no se realizaron cambios"}
{"level":40,"time":1681267117422,"pid":11032,"hostname":"DESKTOP-G8F9RK0","msg":"la tabla \"chat\" ya existe. no se realizaron cambios"}
{"level":40,"time":1681332004275,"pid":11960,"hostname":"DESKTOP-G8F9RK0","msg":"la tabla \"productos\" ya existe. no se realizaron cambios"}
{"level":40,"time":1681332004278,"pid":11960,"hostname":"DESKTOP-G8F9RK0","msg":"la tabla \"chat\" ya existe. no se realizaron cambios"}
{"level":40,"time":1681332010303,"pid":11960,"hostname":"DESKTOP-G8F9RK0","msg":"No hay un usuario logueado"}
{"level":40,"time":1681332063428,"pid":11960,"hostname":"DESKTOP-G8F9RK0","msg":"error: 403, descripcion:  ruta /api/products/ método POST no autorizada"}
{"level":40,"time":1681332228942,"pid":11960,"hostname":"DESKTOP-G8F9RK0","msg":"error: 403, descripcion:  ruta /api/products/ método POST no autorizada"}
{"level":40,"time":1681333394283,"pid":3408,"hostname":"DESKTOP-G8F9RK0","msg":"la tabla \"productos\" ya existe. no se realizaron cambios"}
{"level":40,"time":1681333394286,"pid":3408,"hostname":"DESKTOP-G8F9RK0","msg":"la tabla \"chat\" ya existe. no se realizaron cambios"}
{"level":40,"time":1681333401056,"pid":3408,"hostname":"DESKTOP-G8F9RK0","msg":"No hay un usuario logueado"}
{"level":40,"time":1681345139145,"pid":6568,"hostname":"DESKTOP-G8F9RK0","msg":"la tabla \"productos\" ya existe. no se realizaron cambios"}
{"level":40,"time":1681345139149,"pid":6568,"hostname":"DESKTOP-G8F9RK0","msg":"la tabla \"chat\" ya existe. no se realizaron cambios"}
{"level":40,"time":1681345352979,"pid":9096,"hostname":"DESKTOP-G8F9RK0","msg":"la tabla \"productos\" ya existe. no se realizaron cambios"}
{"level":40,"time":1681345352983,"pid":9096,"hostname":"DESKTOP-G8F9RK0","msg":"la tabla \"chat\" ya existe. no se realizaron cambios"}
{"level":40,"time":1681345467853,"pid":1348,"hostname":"DESKTOP-G8F9RK0","msg":"la tabla \"productos\" ya existe. no se realizaron cambios"}
{"level":40,"time":1681345467856,"pid":1348,"hostname":"DESKTOP-G8F9RK0","msg":"la tabla \"chat\" ya existe. no se realizaron cambios"}
{"level":40,"time":1681345478249,"pid":1348,"hostname":"DESKTOP-G8F9RK0","msg":"no se encontró producto con ese id (1b2a3ced-7953-4371-896e-35e406eb7833)"}
{"level":40,"time":1681345495358,"pid":1348,"hostname":"DESKTOP-G8F9RK0","msg":"no se encontró producto con ese id (1b2a3ced-7953-4371-896e-35e406eb7833)"}
{"level":40,"time":1681345551648,"pid":10544,"hostname":"DESKTOP-G8F9RK0","msg":"la tabla \"productos\" ya existe. no se realizaron cambios"}
{"level":40,"time":1681345551651,"pid":10544,"hostname":"DESKTOP-G8F9RK0","msg":"la tabla \"chat\" ya existe. no se realizaron cambios"}
{"level":50,"time":1681345556645,"pid":10544,"hostname":"DESKTOP-G8F9RK0","msg":"producto.datos is not a function"}
{"level":40,"time":1681345597701,"pid":2668,"hostname":"DESKTOP-G8F9RK0","msg":"la tabla \"productos\" ya existe. no se realizaron cambios"}
{"level":40,"time":1681345597705,"pid":2668,"hostname":"DESKTOP-G8F9RK0","msg":"la tabla \"chat\" ya existe. no se realizaron cambios"}
{"level":40,"time":1681345605098,"pid":2668,"hostname":"DESKTOP-G8F9RK0","msg":"no se encontró producto con ese id (1b2a3ced-7953-4371-896e-35e406eb7833)"}
{"level":40,"time":1681345633959,"pid":5104,"hostname":"DESKTOP-G8F9RK0","msg":"la tabla \"productos\" ya existe. no se realizaron cambios"}
{"level":40,"time":1681345633962,"pid":5104,"hostname":"DESKTOP-G8F9RK0","msg":"la tabla \"chat\" ya existe. no se realizaron cambios"}
{"level":40,"time":1681345637853,"pid":5104,"hostname":"DESKTOP-G8F9RK0","msg":"no se encontró producto con ese id (1b2a3ced-7953-4371-896e-35e406eb7833)"}
{"level":40,"time":1681345687120,"pid":3232,"hostname":"DESKTOP-G8F9RK0","msg":"la tabla \"productos\" ya existe. no se realizaron cambios"}
{"level":40,"time":1681345687123,"pid":3232,"hostname":"DESKTOP-G8F9RK0","msg":"la tabla \"chat\" ya existe. no se realizaron cambios"}
{"level":40,"time":1681345693932,"pid":3232,"hostname":"DESKTOP-G8F9RK0","msg":"no se encontró producto con ese id (1b2a3ced-7953-4371-896e-35e406eb7833)"}
{"level":40,"time":1681345746682,"pid":9424,"hostname":"DESKTOP-G8F9RK0","msg":"la tabla \"productos\" ya existe. no se realizaron cambios"}
{"level":40,"time":1681345746686,"pid":9424,"hostname":"DESKTOP-G8F9RK0","msg":"la tabla \"chat\" ya existe. no se realizaron cambios"}
{"level":40,"time":1681345761385,"pid":10408,"hostname":"DESKTOP-G8F9RK0","msg":"la tabla \"productos\" ya existe. no se realizaron cambios"}
{"level":40,"time":1681345761388,"pid":10408,"hostname":"DESKTOP-G8F9RK0","msg":"la tabla \"chat\" ya existe. no se realizaron cambios"}
{"level":40,"time":1681345764765,"pid":10408,"hostname":"DESKTOP-G8F9RK0","msg":"no se encontró producto con ese id (1b2a3ced-7953-4371-896e-35e406eb7833)"}
{"level":40,"time":1681345774378,"pid":10408,"hostname":"DESKTOP-G8F9RK0","msg":"no se encontró producto con ese id (1b2a3ced-7953-4371-896e-35e406eb7833)"}
{"level":40,"time":1681345806118,"pid":3080,"hostname":"DESKTOP-G8F9RK0","msg":"la tabla \"productos\" ya existe. no se realizaron cambios"}
{"level":40,"time":1681345806121,"pid":3080,"hostname":"DESKTOP-G8F9RK0","msg":"la tabla \"chat\" ya existe. no se realizaron cambios"}
{"level":40,"time":1681345818371,"pid":3080,"hostname":"DESKTOP-G8F9RK0","msg":"no se encontró producto con ese id (oo)"}
{"level":40,"time":1681345891489,"pid":1260,"hostname":"DESKTOP-G8F9RK0","msg":"la tabla \"productos\" ya existe. no se realizaron cambios"}
{"level":40,"time":1681345891492,"pid":1260,"hostname":"DESKTOP-G8F9RK0","msg":"la tabla \"chat\" ya existe. no se realizaron cambios"}
{"level":40,"time":1681345915229,"pid":1260,"hostname":"DESKTOP-G8F9RK0","msg":"no se encontró producto con ese id (oo)"}
{"level":40,"time":1681346089465,"pid":9148,"hostname":"DESKTOP-G8F9RK0","msg":"la tabla \"productos\" ya existe. no se realizaron cambios"}
{"level":40,"time":1681346089468,"pid":9148,"hostname":"DESKTOP-G8F9RK0","msg":"la tabla \"chat\" ya existe. no se realizaron cambios"}
{"level":40,"time":1681346467183,"pid":9104,"hostname":"DESKTOP-G8F9RK0","msg":"la tabla \"productos\" ya existe. no se realizaron cambios"}
{"level":40,"time":1681346467186,"pid":9104,"hostname":"DESKTOP-G8F9RK0","msg":"la tabla \"chat\" ya existe. no se realizaron cambios"}
{"level":40,"time":1681346480382,"pid":9104,"hostname":"DESKTOP-G8F9RK0","msg":"No hay un usuario logueado"}
{"level":40,"time":1681346504952,"pid":9104,"hostname":"DESKTOP-G8F9RK0","msg":"no se encontró producto con ese id (55)"}
{"level":40,"time":1681347388088,"pid":7832,"hostname":"DESKTOP-G8F9RK0","msg":"la tabla \"productos\" ya existe. no se realizaron cambios"}
{"level":40,"time":1681347388091,"pid":7832,"hostname":"DESKTOP-G8F9RK0","msg":"la tabla \"chat\" ya existe. no se realizaron cambios"}
{"level":40,"time":1681347392073,"pid":7832,"hostname":"DESKTOP-G8F9RK0","msg":"No hay un usuario logueado"}
{"level":40,"time":1681347419665,"pid":7832,"hostname":"DESKTOP-G8F9RK0","msg":"no se encontró producto con ese id (66)"}
{"level":40,"time":1681347428595,"pid":7832,"hostname":"DESKTOP-G8F9RK0","msg":"no se encontró producto con ese id (1b2a3ced-7953-4371-896e-35e406eb7833)"}
{"level":40,"time":1681347545886,"pid":7840,"hostname":"DESKTOP-G8F9RK0","msg":"la tabla \"productos\" ya existe. no se realizaron cambios"}
{"level":40,"time":1681347545889,"pid":7840,"hostname":"DESKTOP-G8F9RK0","msg":"la tabla \"chat\" ya existe. no se realizaron cambios"}
{"level":40,"time":1681347556156,"pid":7840,"hostname":"DESKTOP-G8F9RK0","msg":"no se encontró producto con ese id (88)"}
{"level":40,"time":1681347577751,"pid":7840,"hostname":"DESKTOP-G8F9RK0","msg":"no se encontró producto con ese id (1b2a3ced-7953-4371-896e-35e406eb7833)"}
{"level":40,"time":1681347681074,"pid":1632,"hostname":"DESKTOP-G8F9RK0","msg":"la tabla \"productos\" ya existe. no se realizaron cambios"}
{"level":40,"time":1681347681077,"pid":1632,"hostname":"DESKTOP-G8F9RK0","msg":"la tabla \"chat\" ya existe. no se realizaron cambios"}
{"level":40,"time":1681347685108,"pid":1632,"hostname":"DESKTOP-G8F9RK0","msg":"no se encontró producto con ese id (1b2a3ced-7953-4371-896e-35e406eb7833)"}
{"level":40,"time":1681347747218,"pid":11196,"hostname":"DESKTOP-G8F9RK0","msg":"la tabla \"productos\" ya existe. no se realizaron cambios"}
{"level":40,"time":1681347747221,"pid":11196,"hostname":"DESKTOP-G8F9RK0","msg":"la tabla \"chat\" ya existe. no se realizaron cambios"}
{"level":40,"time":1681387140142,"pid":11632,"hostname":"DESKTOP-G8F9RK0","msg":"la tabla \"productos\" ya existe. no se realizaron cambios"}
{"level":40,"time":1681387140144,"pid":11632,"hostname":"DESKTOP-G8F9RK0","msg":"la tabla \"chat\" ya existe. no se realizaron cambios"}
{"level":40,"time":1681387293371,"pid":11632,"hostname":"DESKTOP-G8F9RK0","msg":"No hay un usuario logueado"}
{"level":50,"time":1681387351440,"pid":11632,"hostname":"DESKTOP-G8F9RK0","msg":"Unexpected string in JSON at position 66"}
{"level":40,"time":1681387391232,"pid":10472,"hostname":"DESKTOP-G8F9RK0","msg":"la tabla \"productos\" ya existe. no se realizaron cambios"}
{"level":40,"time":1681387391235,"pid":10472,"hostname":"DESKTOP-G8F9RK0","msg":"la tabla \"chat\" ya existe. no se realizaron cambios"}
{"level":40,"time":1681387402495,"pid":11004,"hostname":"DESKTOP-G8F9RK0","msg":"la tabla \"productos\" ya existe. no se realizaron cambios"}
{"level":40,"time":1681387402497,"pid":11004,"hostname":"DESKTOP-G8F9RK0","msg":"la tabla \"chat\" ya existe. no se realizaron cambios"}
{"level":40,"time":1681387429020,"pid":4184,"hostname":"DESKTOP-G8F9RK0","msg":"la tabla \"productos\" ya existe. no se realizaron cambios"}
{"level":40,"time":1681387429023,"pid":4184,"hostname":"DESKTOP-G8F9RK0","msg":"la tabla \"chat\" ya existe. no se realizaron cambios"}
{"level":40,"time":1681387599036,"pid":10500,"hostname":"DESKTOP-G8F9RK0","msg":"la tabla \"productos\" ya existe. no se realizaron cambios"}
{"level":40,"time":1681387599039,"pid":10500,"hostname":"DESKTOP-G8F9RK0","msg":"la tabla \"chat\" ya existe. no se realizaron cambios"}
{"level":40,"time":1681387653852,"pid":5696,"hostname":"DESKTOP-G8F9RK0","msg":"la tabla \"productos\" ya existe. no se realizaron cambios"}
{"level":40,"time":1681387653854,"pid":5696,"hostname":"DESKTOP-G8F9RK0","msg":"la tabla \"chat\" ya existe. no se realizaron cambios"}
{"level":40,"time":1681421930115,"pid":2212,"hostname":"DESKTOP-G8F9RK0","msg":"la tabla \"productos\" ya existe. no se realizaron cambios"}
{"level":40,"time":1681421930120,"pid":2212,"hostname":"DESKTOP-G8F9RK0","msg":"la tabla \"chat\" ya existe. no se realizaron cambios"}
{"level":40,"time":1681422193632,"pid":3160,"hostname":"DESKTOP-G8F9RK0","msg":"la tabla \"productos\" ya existe. no se realizaron cambios"}
{"level":40,"time":1681422193635,"pid":3160,"hostname":"DESKTOP-G8F9RK0","msg":"la tabla \"chat\" ya existe. no se realizaron cambios"}
{"level":40,"time":1681422269387,"pid":648,"hostname":"DESKTOP-G8F9RK0","msg":"la tabla \"productos\" ya existe. no se realizaron cambios"}
{"level":40,"time":1681422269390,"pid":648,"hostname":"DESKTOP-G8F9RK0","msg":"la tabla \"chat\" ya existe. no se realizaron cambios"}
{"level":40,"time":1681424071211,"pid":3460,"hostname":"DESKTOP-G8F9RK0","msg":"la tabla \"productos\" ya existe. no se realizaron cambios"}
{"level":40,"time":1681424071214,"pid":3460,"hostname":"DESKTOP-G8F9RK0","msg":"la tabla \"chat\" ya existe. no se realizaron cambios"}
{"level":40,"time":1681424199837,"pid":1020,"hostname":"DESKTOP-G8F9RK0","msg":"la tabla \"productos\" ya existe. no se realizaron cambios"}
{"level":40,"time":1681424199841,"pid":1020,"hostname":"DESKTOP-G8F9RK0","msg":"la tabla \"chat\" ya existe. no se realizaron cambios"}
{"level":40,"time":1681424483794,"pid":2444,"hostname":"DESKTOP-G8F9RK0","msg":"la tabla \"productos\" ya existe. no se realizaron cambios"}
{"level":40,"time":1681424483796,"pid":2444,"hostname":"DESKTOP-G8F9RK0","msg":"la tabla \"chat\" ya existe. no se realizaron cambios"}
{"level":40,"time":1681424517307,"pid":11072,"hostname":"DESKTOP-G8F9RK0","msg":"la tabla \"productos\" ya existe. no se realizaron cambios"}
{"level":40,"time":1681424517310,"pid":11072,"hostname":"DESKTOP-G8F9RK0","msg":"la tabla \"chat\" ya existe. no se realizaron cambios"}
{"level":40,"time":1681425499176,"pid":9952,"hostname":"DESKTOP-G8F9RK0","msg":"la tabla \"productos\" ya existe. no se realizaron cambios"}
{"level":40,"time":1681425499179,"pid":9952,"hostname":"DESKTOP-G8F9RK0","msg":"la tabla \"chat\" ya existe. no se realizaron cambios"}
{"level":50,"time":1681425571082,"pid":9952,"hostname":"DESKTOP-G8F9RK0","msg":"listadoCarts.forEach is not a function"}
{"level":40,"time":1681425738506,"pid":8404,"hostname":"DESKTOP-G8F9RK0","msg":"la tabla \"productos\" ya existe. no se realizaron cambios"}
{"level":40,"time":1681425738509,"pid":8404,"hostname":"DESKTOP-G8F9RK0","msg":"la tabla \"chat\" ya existe. no se realizaron cambios"}
{"level":50,"time":1681425751283,"pid":8404,"hostname":"DESKTOP-G8F9RK0","msg":"listadoCarts.forEach is not a function"}
{"level":40,"time":1681425865419,"pid":5160,"hostname":"DESKTOP-G8F9RK0","msg":"la tabla \"productos\" ya existe. no se realizaron cambios"}
{"level":40,"time":1681425865421,"pid":5160,"hostname":"DESKTOP-G8F9RK0","msg":"la tabla \"chat\" ya existe. no se realizaron cambios"}
{"level":50,"time":1681425869190,"pid":5160,"hostname":"DESKTOP-G8F9RK0","msg":"listadoCarts.forEach is not a function"}
{"level":40,"time":1681425940879,"pid":11168,"hostname":"DESKTOP-G8F9RK0","msg":"la tabla \"productos\" ya existe. no se realizaron cambios"}
{"level":40,"time":1681425940881,"pid":11168,"hostname":"DESKTOP-G8F9RK0","msg":"la tabla \"chat\" ya existe. no se realizaron cambios"}
{"level":50,"time":1681425942740,"pid":11168,"hostname":"DESKTOP-G8F9RK0","msg":"idProd is not defined"}
{"level":40,"time":1681425976031,"pid":10216,"hostname":"DESKTOP-G8F9RK0","msg":"la tabla \"productos\" ya existe. no se realizaron cambios"}
{"level":40,"time":1681425976033,"pid":10216,"hostname":"DESKTOP-G8F9RK0","msg":"la tabla \"chat\" ya existe. no se realizaron cambios"}
{"level":40,"time":1681425978220,"pid":10216,"hostname":"DESKTOP-G8F9RK0","msg":"no se encontró producto con ese id (undefined)"}
{"level":40,"time":1681426087059,"pid":10344,"hostname":"DESKTOP-G8F9RK0","msg":"la tabla \"productos\" ya existe. no se realizaron cambios"}
{"level":40,"time":1681426087062,"pid":10344,"hostname":"DESKTOP-G8F9RK0","msg":"la tabla \"chat\" ya existe. no se realizaron cambios"}
{"level":40,"time":1681426124803,"pid":7444,"hostname":"DESKTOP-G8F9RK0","msg":"la tabla \"productos\" ya existe. no se realizaron cambios"}
{"level":40,"time":1681426124806,"pid":7444,"hostname":"DESKTOP-G8F9RK0","msg":"la tabla \"chat\" ya existe. no se realizaron cambios"}
{"level":40,"time":1681426139489,"pid":7444,"hostname":"DESKTOP-G8F9RK0","msg":"no se encontró producto con ese id (undefined)"}
{"level":40,"time":1681426346566,"pid":11104,"hostname":"DESKTOP-G8F9RK0","msg":"la tabla \"productos\" ya existe. no se realizaron cambios"}
{"level":40,"time":1681426346570,"pid":11104,"hostname":"DESKTOP-G8F9RK0","msg":"la tabla \"chat\" ya existe. no se realizaron cambios"}
{"level":40,"time":1681426512771,"pid":5276,"hostname":"DESKTOP-G8F9RK0","msg":"la tabla \"productos\" ya existe. no se realizaron cambios"}
{"level":40,"time":1681426512774,"pid":5276,"hostname":"DESKTOP-G8F9RK0","msg":"la tabla \"chat\" ya existe. no se realizaron cambios"}
{"level":40,"time":1681426563174,"pid":9060,"hostname":"DESKTOP-G8F9RK0","msg":"la tabla \"productos\" ya existe. no se realizaron cambios"}
{"level":40,"time":1681426563176,"pid":9060,"hostname":"DESKTOP-G8F9RK0","msg":"la tabla \"chat\" ya existe. no se realizaron cambios"}
{"level":40,"time":1681426573326,"pid":9060,"hostname":"DESKTOP-G8F9RK0","msg":"No hay usuario logueado"}
{"level":40,"time":1681426590297,"pid":9060,"hostname":"DESKTOP-G8F9RK0","msg":"no se encontró carrito para el usuario (prueba30001@otmail.com)"}
{"level":40,"time":1681426663923,"pid":9060,"hostname":"DESKTOP-G8F9RK0","msg":"no se encontró carrito para el usuario (prueba30001@otmail.com)"}
{"level":40,"time":1681427556607,"pid":9208,"hostname":"DESKTOP-G8F9RK0","msg":"la tabla \"productos\" ya existe. no se realizaron cambios"}
{"level":40,"time":1681427556622,"pid":9208,"hostname":"DESKTOP-G8F9RK0","msg":"la tabla \"chat\" ya existe. no se realizaron cambios"}
{"level":40,"time":1681427616845,"pid":9208,"hostname":"DESKTOP-G8F9RK0","msg":"No hay usuario logueado"}
{"level":40,"time":1681427801134,"pid":9208,"hostname":"DESKTOP-G8F9RK0","msg":"no se encontró carrito para el usuario (prueba30001@otmail.com)"}
{"level":40,"time":1681428510310,"pid":11116,"hostname":"DESKTOP-G8F9RK0","msg":"la tabla \"productos\" ya existe. no se realizaron cambios"}
{"level":40,"time":1681428510314,"pid":11116,"hostname":"DESKTOP-G8F9RK0","msg":"la tabla \"chat\" ya existe. no se realizaron cambios"}
{"level":40,"time":1681428541503,"pid":9616,"hostname":"DESKTOP-G8F9RK0","msg":"la tabla \"productos\" ya existe. no se realizaron cambios"}
{"level":40,"time":1681428541505,"pid":9616,"hostname":"DESKTOP-G8F9RK0","msg":"la tabla \"chat\" ya existe. no se realizaron cambios"}
{"level":40,"time":1681428570753,"pid":8496,"hostname":"DESKTOP-G8F9RK0","msg":"la tabla \"productos\" ya existe. no se realizaron cambios"}
{"level":40,"time":1681428570757,"pid":8496,"hostname":"DESKTOP-G8F9RK0","msg":"la tabla \"chat\" ya existe. no se realizaron cambios"}
{"level":40,"time":1681428594340,"pid":10064,"hostname":"DESKTOP-G8F9RK0","msg":"la tabla \"productos\" ya existe. no se realizaron cambios"}
{"level":40,"time":1681428594343,"pid":10064,"hostname":"DESKTOP-G8F9RK0","msg":"la tabla \"chat\" ya existe. no se realizaron cambios"}
{"level":40,"time":1681428597835,"pid":10064,"hostname":"DESKTOP-G8F9RK0","msg":"No hay usuario logueado"}
{"level":40,"time":1681428628353,"pid":10064,"hostname":"DESKTOP-G8F9RK0","msg":"el carrito del usuario (prueba30001@otmail.com) está vacio"}
{"level":40,"time":1681428716442,"pid":11884,"hostname":"DESKTOP-G8F9RK0","msg":"la tabla \"productos\" ya existe. no se realizaron cambios"}
{"level":40,"time":1681428716445,"pid":11884,"hostname":"DESKTOP-G8F9RK0","msg":"la tabla \"chat\" ya existe. no se realizaron cambios"}
{"level":40,"time":1681428746707,"pid":5480,"hostname":"DESKTOP-G8F9RK0","msg":"la tabla \"productos\" ya existe. no se realizaron cambios"}
{"level":40,"time":1681428746710,"pid":5480,"hostname":"DESKTOP-G8F9RK0","msg":"la tabla \"chat\" ya existe. no se realizaron cambios"}
{"level":40,"time":1681428928180,"pid":9808,"hostname":"DESKTOP-G8F9RK0","msg":"la tabla \"productos\" ya existe. no se realizaron cambios"}
{"level":40,"time":1681428928183,"pid":9808,"hostname":"DESKTOP-G8F9RK0","msg":"la tabla \"chat\" ya existe. no se realizaron cambios"}
{"level":40,"time":1681429103929,"pid":9612,"hostname":"DESKTOP-G8F9RK0","msg":"la tabla \"productos\" ya existe. no se realizaron cambios"}
{"level":40,"time":1681429103932,"pid":9612,"hostname":"DESKTOP-G8F9RK0","msg":"la tabla \"chat\" ya existe. no se realizaron cambios"}
{"level":40,"time":1681429202842,"pid":7384,"hostname":"DESKTOP-G8F9RK0","msg":"la tabla \"productos\" ya existe. no se realizaron cambios"}
{"level":40,"time":1681429202844,"pid":7384,"hostname":"DESKTOP-G8F9RK0","msg":"la tabla \"chat\" ya existe. no se realizaron cambios"}
{"level":40,"time":1681429684848,"pid":7172,"hostname":"DESKTOP-G8F9RK0","msg":"la tabla \"productos\" ya existe. no se realizaron cambios"}
{"level":40,"time":1681429684851,"pid":7172,"hostname":"DESKTOP-G8F9RK0","msg":"la tabla \"chat\" ya existe. no se realizaron cambios"}
{"level":40,"time":1681429688899,"pid":7172,"hostname":"DESKTOP-G8F9RK0","msg":"No hay usuario logueado"}
{"level":40,"time":1681429757573,"pid":5200,"hostname":"DESKTOP-G8F9RK0","msg":"la tabla \"productos\" ya existe. no se realizaron cambios"}
{"level":40,"time":1681429757597,"pid":5200,"hostname":"DESKTOP-G8F9RK0","msg":"la tabla \"chat\" ya existe. no se realizaron cambios"}
{"level":40,"time":1681429919027,"pid":1948,"hostname":"DESKTOP-G8F9RK0","msg":"la tabla \"productos\" ya existe. no se realizaron cambios"}
{"level":40,"time":1681429919029,"pid":1948,"hostname":"DESKTOP-G8F9RK0","msg":"la tabla \"chat\" ya existe. no se realizaron cambios"}
{"level":50,"time":1681429926844,"pid":1948,"hostname":"DESKTOP-G8F9RK0","msg":"productos is not defined"}
{"level":40,"time":1681430090976,"pid":10212,"hostname":"DESKTOP-G8F9RK0","msg":"la tabla \"productos\" ya existe. no se realizaron cambios"}
{"level":40,"time":1681430090979,"pid":10212,"hostname":"DESKTOP-G8F9RK0","msg":"la tabla \"chat\" ya existe. no se realizaron cambios"}
{"level":40,"time":1681430186863,"pid":9896,"hostname":"DESKTOP-G8F9RK0","msg":"la tabla \"productos\" ya existe. no se realizaron cambios"}
{"level":40,"time":1681430186866,"pid":9896,"hostname":"DESKTOP-G8F9RK0","msg":"la tabla \"chat\" ya existe. no se realizaron cambios"}
{"level":40,"time":1681430470140,"pid":2404,"hostname":"DESKTOP-G8F9RK0","msg":"la tabla \"productos\" ya existe. no se realizaron cambios"}
{"level":40,"time":1681430470143,"pid":2404,"hostname":"DESKTOP-G8F9RK0","msg":"la tabla \"chat\" ya existe. no se realizaron cambios"}
{"level":40,"time":1681430546848,"pid":5352,"hostname":"DESKTOP-G8F9RK0","msg":"la tabla \"productos\" ya existe. no se realizaron cambios"}
{"level":40,"time":1681430546850,"pid":5352,"hostname":"DESKTOP-G8F9RK0","msg":"la tabla \"chat\" ya existe. no se realizaron cambios"}
{"level":40,"time":1681430612181,"pid":2136,"hostname":"DESKTOP-G8F9RK0","msg":"la tabla \"productos\" ya existe. no se realizaron cambios"}
{"level":40,"time":1681430612184,"pid":2136,"hostname":"DESKTOP-G8F9RK0","msg":"la tabla \"chat\" ya existe. no se realizaron cambios"}
{"level":40,"time":1681430964120,"pid":6756,"hostname":"DESKTOP-G8F9RK0","msg":"la tabla \"productos\" ya existe. no se realizaron cambios"}
{"level":40,"time":1681430964122,"pid":6756,"hostname":"DESKTOP-G8F9RK0","msg":"la tabla \"chat\" ya existe. no se realizaron cambios"}
{"level":40,"time":1681430976309,"pid":10264,"hostname":"DESKTOP-G8F9RK0","msg":"la tabla \"productos\" ya existe. no se realizaron cambios"}
{"level":40,"time":1681430976312,"pid":10264,"hostname":"DESKTOP-G8F9RK0","msg":"la tabla \"chat\" ya existe. no se realizaron cambios"}
{"level":40,"time":1681431197480,"pid":3584,"hostname":"DESKTOP-G8F9RK0","msg":"la tabla \"productos\" ya existe. no se realizaron cambios"}
{"level":40,"time":1681431197484,"pid":3584,"hostname":"DESKTOP-G8F9RK0","msg":"la tabla \"chat\" ya existe. no se realizaron cambios"}
{"level":40,"time":1681431395755,"pid":8848,"hostname":"DESKTOP-G8F9RK0","msg":"la tabla \"productos\" ya existe. no se realizaron cambios"}
{"level":40,"time":1681431395758,"pid":8848,"hostname":"DESKTOP-G8F9RK0","msg":"la tabla \"chat\" ya existe. no se realizaron cambios"}
{"level":40,"time":1681431908830,"pid":2292,"hostname":"DESKTOP-G8F9RK0","msg":"la tabla \"productos\" ya existe. no se realizaron cambios"}
{"level":40,"time":1681431908833,"pid":2292,"hostname":"DESKTOP-G8F9RK0","msg":"la tabla \"chat\" ya existe. no se realizaron cambios"}
{"level":40,"time":1681431942304,"pid":2292,"hostname":"DESKTOP-G8F9RK0","msg":"No hay usuario logueado"}
{"level":50,"time":1681431970434,"pid":2292,"hostname":"DESKTOP-G8F9RK0","msg":"User already exists"}
{"level":40,"time":1681432082147,"pid":2292,"hostname":"DESKTOP-G8F9RK0","msg":"No hay usuario logueado"}
{"level":40,"time":1681432552554,"pid":5412,"hostname":"DESKTOP-G8F9RK0","msg":"la tabla \"productos\" ya existe. no se realizaron cambios"}
{"level":40,"time":1681432552556,"pid":5412,"hostname":"DESKTOP-G8F9RK0","msg":"la tabla \"chat\" ya existe. no se realizaron cambios"}
{"level":50,"time":1681432573856,"pid":5412,"hostname":"DESKTOP-G8F9RK0","msg":"Cannot read properties of null (reading 'tipo_usuario')"}
{"level":50,"time":1681432658463,"pid":5412,"hostname":"DESKTOP-G8F9RK0","msg":"Cannot read properties of null (reading 'tipo_usuario')"}
{"level":50,"time":1681432693207,"pid":5412,"hostname":"DESKTOP-G8F9RK0","msg":"Cannot read properties of null (reading 'tipo_usuario')"}
{"level":40,"time":1681432710965,"pid":5412,"hostname":"DESKTOP-G8F9RK0","msg":"No hay usuario logueado"}
{"level":40,"time":1681432720105,"pid":5412,"hostname":"DESKTOP-G8F9RK0","msg":"No hay usuario logueado"}
{"level":50,"time":1681432727480,"pid":5412,"hostname":"DESKTOP-G8F9RK0","msg":"User Not Found with username cuevabros2004@gmail.com"}
{"level":50,"time":1681432743386,"pid":5412,"hostname":"DESKTOP-G8F9RK0","msg":"User Not Found with username martin.cueva2023@uner.edu.ar"}
{"level":40,"time":1681432989218,"pid":7632,"hostname":"DESKTOP-G8F9RK0","msg":"la tabla \"productos\" ya existe. no se realizaron cambios"}
{"level":40,"time":1681432989222,"pid":7632,"hostname":"DESKTOP-G8F9RK0","msg":"la tabla \"chat\" ya existe. no se realizaron cambios"}
{"level":40,"time":1681433039342,"pid":7632,"hostname":"DESKTOP-G8F9RK0","msg":"No hay usuario logueado"}
{"level":40,"time":1681433262702,"pid":7580,"hostname":"DESKTOP-G8F9RK0","msg":"la tabla \"productos\" ya existe. no se realizaron cambios"}
{"level":40,"time":1681433262706,"pid":7580,"hostname":"DESKTOP-G8F9RK0","msg":"la tabla \"chat\" ya existe. no se realizaron cambios"}
{"level":40,"time":1681433335587,"pid":7580,"hostname":"DESKTOP-G8F9RK0","msg":"No hay usuario logueado"}
{"level":40,"time":1681433633674,"pid":4404,"hostname":"DESKTOP-G8F9RK0","msg":"la tabla \"productos\" ya existe. no se realizaron cambios"}
{"level":40,"time":1681433633677,"pid":4404,"hostname":"DESKTOP-G8F9RK0","msg":"la tabla \"chat\" ya existe. no se realizaron cambios"}
{"level":40,"time":1681433692105,"pid":5492,"hostname":"DESKTOP-G8F9RK0","msg":"la tabla \"productos\" ya existe. no se realizaron cambios"}
{"level":40,"time":1681433692109,"pid":5492,"hostname":"DESKTOP-G8F9RK0","msg":"la tabla \"chat\" ya existe. no se realizaron cambios"}
{"level":40,"time":1681435417128,"pid":10020,"hostname":"DESKTOP-G8F9RK0","msg":"la tabla \"productos\" ya existe. no se realizaron cambios"}
{"level":40,"time":1681435417136,"pid":10020,"hostname":"DESKTOP-G8F9RK0","msg":"la tabla \"chat\" ya existe. no se realizaron cambios"}
{"level":40,"time":1681435427290,"pid":10020,"hostname":"DESKTOP-G8F9RK0","msg":"No hay usuario logueado"}
{"level":40,"time":1681435542997,"pid":6880,"hostname":"DESKTOP-G8F9RK0","msg":"la tabla \"productos\" ya existe. no se realizaron cambios"}
{"level":40,"time":1681435543000,"pid":6880,"hostname":"DESKTOP-G8F9RK0","msg":"la tabla \"chat\" ya existe. no se realizaron cambios"}
{"level":40,"time":1681435605031,"pid":556,"hostname":"DESKTOP-G8F9RK0","msg":"la tabla \"productos\" ya existe. no se realizaron cambios"}
{"level":40,"time":1681435605034,"pid":556,"hostname":"DESKTOP-G8F9RK0","msg":"la tabla \"chat\" ya existe. no se realizaron cambios"}
{"level":40,"time":1681435703445,"pid":10904,"hostname":"DESKTOP-G8F9RK0","msg":"la tabla \"productos\" ya existe. no se realizaron cambios"}
{"level":40,"time":1681435703447,"pid":10904,"hostname":"DESKTOP-G8F9RK0","msg":"la tabla \"chat\" ya existe. no se realizaron cambios"}
{"level":40,"time":1681435949091,"pid":1300,"hostname":"DESKTOP-G8F9RK0","msg":"la tabla \"productos\" ya existe. no se realizaron cambios"}
{"level":40,"time":1681435949094,"pid":1300,"hostname":"DESKTOP-G8F9RK0","msg":"la tabla \"chat\" ya existe. no se realizaron cambios"}
{"level":50,"time":1681435957661,"pid":1300,"hostname":"DESKTOP-G8F9RK0","msg":"this[#dao].save_productos is not a function"}
{"level":40,"time":1681435989990,"pid":3076,"hostname":"DESKTOP-G8F9RK0","msg":"la tabla \"productos\" ya existe. no se realizaron cambios"}
{"level":40,"time":1681435989993,"pid":3076,"hostname":"DESKTOP-G8F9RK0","msg":"la tabla \"chat\" ya existe. no se realizaron cambios"}
{"level":40,"time":1681436190969,"pid":5116,"hostname":"DESKTOP-G8F9RK0","msg":"la tabla \"productos\" ya existe. no se realizaron cambios"}
{"level":40,"time":1681436190971,"pid":5116,"hostname":"DESKTOP-G8F9RK0","msg":"la tabla \"chat\" ya existe. no se realizaron cambios"}
{"level":40,"time":1681436483380,"pid":10200,"hostname":"DESKTOP-G8F9RK0","msg":"la tabla \"productos\" ya existe. no se realizaron cambios"}
{"level":40,"time":1681436483384,"pid":10200,"hostname":"DESKTOP-G8F9RK0","msg":"la tabla \"chat\" ya existe. no se realizaron cambios"}
{"level":40,"time":1681472144079,"pid":12072,"hostname":"DESKTOP-G8F9RK0","msg":"la tabla \"productos\" ya existe. no se realizaron cambios"}
{"level":40,"time":1681472144082,"pid":12072,"hostname":"DESKTOP-G8F9RK0","msg":"la tabla \"chat\" ya existe. no se realizaron cambios"}
{"level":40,"time":1681472237367,"pid":11060,"hostname":"DESKTOP-G8F9RK0","msg":"la tabla \"productos\" ya existe. no se realizaron cambios"}
{"level":40,"time":1681472237369,"pid":11060,"hostname":"DESKTOP-G8F9RK0","msg":"la tabla \"chat\" ya existe. no se realizaron cambios"}
{"level":40,"time":1681472318960,"pid":7904,"hostname":"DESKTOP-G8F9RK0","msg":"la tabla \"productos\" ya existe. no se realizaron cambios"}
{"level":40,"time":1681472318966,"pid":7904,"hostname":"DESKTOP-G8F9RK0","msg":"la tabla \"chat\" ya existe. no se realizaron cambios"}
{"level":40,"time":1681472594547,"pid":7608,"hostname":"DESKTOP-G8F9RK0","msg":"la tabla \"productos\" ya existe. no se realizaron cambios"}
{"level":40,"time":1681472594550,"pid":7608,"hostname":"DESKTOP-G8F9RK0","msg":"la tabla \"chat\" ya existe. no se realizaron cambios"}
{"level":40,"time":1681472605909,"pid":10020,"hostname":"DESKTOP-G8F9RK0","msg":"la tabla \"productos\" ya existe. no se realizaron cambios"}
{"level":40,"time":1681472605912,"pid":10020,"hostname":"DESKTOP-G8F9RK0","msg":"la tabla \"chat\" ya existe. no se realizaron cambios"}
{"level":40,"time":1681472632865,"pid":7084,"hostname":"DESKTOP-G8F9RK0","msg":"la tabla \"productos\" ya existe. no se realizaron cambios"}
{"level":40,"time":1681472632869,"pid":7084,"hostname":"DESKTOP-G8F9RK0","msg":"la tabla \"chat\" ya existe. no se realizaron cambios"}
{"level":40,"time":1681472675898,"pid":11340,"hostname":"DESKTOP-G8F9RK0","msg":"la tabla \"productos\" ya existe. no se realizaron cambios"}
{"level":40,"time":1681472675901,"pid":11340,"hostname":"DESKTOP-G8F9RK0","msg":"la tabla \"chat\" ya existe. no se realizaron cambios"}
{"level":40,"time":1681472753102,"pid":9364,"hostname":"DESKTOP-G8F9RK0","msg":"la tabla \"productos\" ya existe. no se realizaron cambios"}
{"level":40,"time":1681472753105,"pid":9364,"hostname":"DESKTOP-G8F9RK0","msg":"la tabla \"chat\" ya existe. no se realizaron cambios"}
{"level":40,"time":1681484351497,"pid":7648,"hostname":"DESKTOP-G8F9RK0","msg":"la tabla \"productos\" ya existe. no se realizaron cambios"}
{"level":40,"time":1681484351500,"pid":7648,"hostname":"DESKTOP-G8F9RK0","msg":"la tabla \"chat\" ya existe. no se realizaron cambios"}
{"level":40,"time":1681484651239,"pid":4524,"hostname":"DESKTOP-G8F9RK0","msg":"la tabla \"productos\" ya existe. no se realizaron cambios"}
{"level":40,"time":1681484651243,"pid":4524,"hostname":"DESKTOP-G8F9RK0","msg":"la tabla \"chat\" ya existe. no se realizaron cambios"}
{"level":40,"time":1681484665962,"pid":4524,"hostname":"DESKTOP-G8F9RK0","msg":"No hay usuario logueado"}
{"level":40,"time":1681484722522,"pid":9576,"hostname":"DESKTOP-G8F9RK0","msg":"la tabla \"productos\" ya existe. no se realizaron cambios"}
{"level":40,"time":1681484722524,"pid":9576,"hostname":"DESKTOP-G8F9RK0","msg":"la tabla \"chat\" ya existe. no se realizaron cambios"}
{"level":40,"time":1681484823106,"pid":3828,"hostname":"DESKTOP-G8F9RK0","msg":"la tabla \"productos\" ya existe. no se realizaron cambios"}
{"level":40,"time":1681484823132,"pid":3828,"hostname":"DESKTOP-G8F9RK0","msg":"la tabla \"chat\" ya existe. no se realizaron cambios"}
{"level":40,"time":1681484876010,"pid":13092,"hostname":"DESKTOP-G8F9RK0","msg":"la tabla \"productos\" ya existe. no se realizaron cambios"}
{"level":40,"time":1681484876013,"pid":13092,"hostname":"DESKTOP-G8F9RK0","msg":"la tabla \"chat\" ya existe. no se realizaron cambios"}
{"level":40,"time":1681485374324,"pid":13764,"hostname":"DESKTOP-G8F9RK0","msg":"la tabla \"productos\" ya existe. no se realizaron cambios"}
{"level":40,"time":1681485374326,"pid":13764,"hostname":"DESKTOP-G8F9RK0","msg":"la tabla \"chat\" ya existe. no se realizaron cambios"}
{"level":40,"time":1681485529878,"pid":10464,"hostname":"DESKTOP-G8F9RK0","msg":"la tabla \"productos\" ya existe. no se realizaron cambios"}
{"level":40,"time":1681485529880,"pid":10464,"hostname":"DESKTOP-G8F9RK0","msg":"la tabla \"chat\" ya existe. no se realizaron cambios"}
{"level":40,"time":1681485600455,"pid":8580,"hostname":"DESKTOP-G8F9RK0","msg":"la tabla \"productos\" ya existe. no se realizaron cambios"}
{"level":40,"time":1681485600460,"pid":8580,"hostname":"DESKTOP-G8F9RK0","msg":"la tabla \"chat\" ya existe. no se realizaron cambios"}
{"level":40,"time":1681485617761,"pid":8580,"hostname":"DESKTOP-G8F9RK0","msg":"No hay usuario logueado"}
{"level":40,"time":1681485627367,"pid":8580,"hostname":"DESKTOP-G8F9RK0","msg":"no se encontró producto con ese id (77f1fdd7-1406-4db1-aefc-e8f66bee5a4e"}
{"level":40,"time":1681485655861,"pid":8580,"hostname":"DESKTOP-G8F9RK0","msg":"no se encontró producto con ese id (77f1fdd7-1406-4db1-aefc-e8f66bee5a4e"}
{"level":40,"time":1681485755814,"pid":8580,"hostname":"DESKTOP-G8F9RK0","msg":"el carrito del usuario (cuevabros2005@gmail.com) está vacio"}
{"level":40,"time":1681485870126,"pid":8580,"hostname":"DESKTOP-G8F9RK0","msg":"no se encontró producto con ese id (a4d704cc-8019-487a-95a2-019008faac34"}
{"level":40,"time":1681486014775,"pid":11948,"hostname":"DESKTOP-G8F9RK0","msg":"la tabla \"productos\" ya existe. no se realizaron cambios"}
{"level":40,"time":1681486014778,"pid":11948,"hostname":"DESKTOP-G8F9RK0","msg":"la tabla \"chat\" ya existe. no se realizaron cambios"}
{"level":40,"time":1681486018656,"pid":11948,"hostname":"DESKTOP-G8F9RK0","msg":"no se encontró producto con ese id (a4d704cc-8019-487a-95a2-019008faac34"}
{"level":40,"time":1681486062205,"pid":6932,"hostname":"DESKTOP-G8F9RK0","msg":"la tabla \"productos\" ya existe. no se realizaron cambios"}
{"level":40,"time":1681486062208,"pid":6932,"hostname":"DESKTOP-G8F9RK0","msg":"la tabla \"chat\" ya existe. no se realizaron cambios"}
{"level":40,"time":1681486066349,"pid":6932,"hostname":"DESKTOP-G8F9RK0","msg":"no se encontró producto con ese id (a4d704cc-8019-487a-95a2-019008faac34"}
{"level":40,"time":1681486162090,"pid":7920,"hostname":"DESKTOP-G8F9RK0","msg":"la tabla \"productos\" ya existe. no se realizaron cambios"}
{"level":40,"time":1681486162093,"pid":7920,"hostname":"DESKTOP-G8F9RK0","msg":"la tabla \"chat\" ya existe. no se realizaron cambios"}
{"level":40,"time":1681486193722,"pid":8512,"hostname":"DESKTOP-G8F9RK0","msg":"la tabla \"productos\" ya existe. no se realizaron cambios"}
{"level":40,"time":1681486193725,"pid":8512,"hostname":"DESKTOP-G8F9RK0","msg":"la tabla \"chat\" ya existe. no se realizaron cambios"}
{"level":50,"time":1681486209085,"pid":8512,"hostname":"DESKTOP-G8F9RK0","msg":"Products is not defined"}
{"level":40,"time":1681486313162,"pid":4604,"hostname":"DESKTOP-G8F9RK0","msg":"la tabla \"productos\" ya existe. no se realizaron cambios"}
{"level":40,"time":1681486313165,"pid":4604,"hostname":"DESKTOP-G8F9RK0","msg":"la tabla \"chat\" ya existe. no se realizaron cambios"}
{"level":50,"time":1681486317375,"pid":4604,"hostname":"DESKTOP-G8F9RK0","msg":"Products is not defined"}
{"level":40,"time":1681486438228,"pid":11192,"hostname":"DESKTOP-G8F9RK0","msg":"la tabla \"productos\" ya existe. no se realizaron cambios"}
{"level":40,"time":1681486438233,"pid":11192,"hostname":"DESKTOP-G8F9RK0","msg":"la tabla \"chat\" ya existe. no se realizaron cambios"}
{"level":40,"time":1681486455822,"pid":11192,"hostname":"DESKTOP-G8F9RK0","msg":"no se encontró producto con ese id (a4d704cc-8019-487a-95a2-019008faac34"}
{"level":40,"time":1681486499552,"pid":8596,"hostname":"DESKTOP-G8F9RK0","msg":"la tabla \"productos\" ya existe. no se realizaron cambios"}
{"level":40,"time":1681486499555,"pid":8596,"hostname":"DESKTOP-G8F9RK0","msg":"la tabla \"chat\" ya existe. no se realizaron cambios"}
{"level":50,"time":1681486505605,"pid":8596,"hostname":"DESKTOP-G8F9RK0","msg":"Products is not defined"}
{"level":40,"time":1681486642803,"pid":10088,"hostname":"DESKTOP-G8F9RK0","msg":"la tabla \"productos\" ya existe. no se realizaron cambios"}
{"level":40,"time":1681486642806,"pid":10088,"hostname":"DESKTOP-G8F9RK0","msg":"la tabla \"chat\" ya existe. no se realizaron cambios"}
{"level":40,"time":1681569178677,"pid":8084,"hostname":"DESKTOP-G8F9RK0","msg":"la tabla \"productos\" ya existe. no se realizaron cambios"}
{"level":40,"time":1681569178681,"pid":8084,"hostname":"DESKTOP-G8F9RK0","msg":"la tabla \"chat\" ya existe. no se realizaron cambios"}
{"level":40,"time":1681573237502,"pid":7764,"hostname":"DESKTOP-G8F9RK0","msg":"la tabla \"productos\" ya existe. no se realizaron cambios"}
{"level":40,"time":1681573237505,"pid":7764,"hostname":"DESKTOP-G8F9RK0","msg":"la tabla \"chat\" ya existe. no se realizaron cambios"}
{"level":40,"time":1681574897647,"pid":9124,"hostname":"DESKTOP-G8F9RK0","msg":"la tabla \"productos\" ya existe. no se realizaron cambios"}
{"level":40,"time":1681574897650,"pid":9124,"hostname":"DESKTOP-G8F9RK0","msg":"la tabla \"chat\" ya existe. no se realizaron cambios"}
{"level":40,"time":1681581628903,"pid":7756,"hostname":"DESKTOP-G8F9RK0","msg":"la tabla \"productos\" ya existe. no se realizaron cambios"}
{"level":40,"time":1681581628913,"pid":7756,"hostname":"DESKTOP-G8F9RK0","msg":"la tabla \"chat\" ya existe. no se realizaron cambios"}
{"level":40,"time":1681581816837,"pid":11736,"hostname":"DESKTOP-G8F9RK0","msg":"la tabla \"productos\" ya existe. no se realizaron cambios"}
{"level":40,"time":1681581816840,"pid":11736,"hostname":"DESKTOP-G8F9RK0","msg":"la tabla \"chat\" ya existe. no se realizaron cambios"}
{"level":40,"time":1681582007270,"pid":7028,"hostname":"DESKTOP-G8F9RK0","msg":"la tabla \"productos\" ya existe. no se realizaron cambios"}
{"level":40,"time":1681582007272,"pid":7028,"hostname":"DESKTOP-G8F9RK0","msg":"la tabla \"chat\" ya existe. no se realizaron cambios"}
{"level":40,"time":1681582281018,"pid":7952,"hostname":"DESKTOP-G8F9RK0","msg":"la tabla \"productos\" ya existe. no se realizaron cambios"}
{"level":40,"time":1681582281021,"pid":7952,"hostname":"DESKTOP-G8F9RK0","msg":"la tabla \"chat\" ya existe. no se realizaron cambios"}
{"level":40,"time":1681582449071,"pid":8580,"hostname":"DESKTOP-G8F9RK0","msg":"la tabla \"productos\" ya existe. no se realizaron cambios"}
{"level":40,"time":1681582449074,"pid":8580,"hostname":"DESKTOP-G8F9RK0","msg":"la tabla \"chat\" ya existe. no se realizaron cambios"}
{"level":40,"time":1681582546246,"pid":10400,"hostname":"DESKTOP-G8F9RK0","msg":"la tabla \"productos\" ya existe. no se realizaron cambios"}
{"level":40,"time":1681582546248,"pid":10400,"hostname":"DESKTOP-G8F9RK0","msg":"la tabla \"chat\" ya existe. no se realizaron cambios"}
{"level":40,"time":1681582699305,"pid":1828,"hostname":"DESKTOP-G8F9RK0","msg":"la tabla \"productos\" ya existe. no se realizaron cambios"}
{"level":40,"time":1681582699307,"pid":1828,"hostname":"DESKTOP-G8F9RK0","msg":"la tabla \"chat\" ya existe. no se realizaron cambios"}
{"level":40,"time":1681582730524,"pid":4476,"hostname":"DESKTOP-G8F9RK0","msg":"la tabla \"productos\" ya existe. no se realizaron cambios"}
{"level":40,"time":1681582730527,"pid":4476,"hostname":"DESKTOP-G8F9RK0","msg":"la tabla \"chat\" ya existe. no se realizaron cambios"}
{"level":40,"time":1681582793728,"pid":12064,"hostname":"DESKTOP-G8F9RK0","msg":"la tabla \"productos\" ya existe. no se realizaron cambios"}
{"level":40,"time":1681582793731,"pid":12064,"hostname":"DESKTOP-G8F9RK0","msg":"la tabla \"chat\" ya existe. no se realizaron cambios"}
{"level":40,"time":1681583025842,"pid":9192,"hostname":"DESKTOP-G8F9RK0","msg":"la tabla \"productos\" ya existe. no se realizaron cambios"}
{"level":40,"time":1681583025849,"pid":9192,"hostname":"DESKTOP-G8F9RK0","msg":"la tabla \"chat\" ya existe. no se realizaron cambios"}
{"level":40,"time":1681583294082,"pid":9600,"hostname":"DESKTOP-G8F9RK0","msg":"la tabla \"productos\" ya existe. no se realizaron cambios"}
{"level":40,"time":1681583294085,"pid":9600,"hostname":"DESKTOP-G8F9RK0","msg":"la tabla \"chat\" ya existe. no se realizaron cambios"}
{"level":40,"time":1681583409203,"pid":4532,"hostname":"DESKTOP-G8F9RK0","msg":"la tabla \"productos\" ya existe. no se realizaron cambios"}
{"level":40,"time":1681583409206,"pid":4532,"hostname":"DESKTOP-G8F9RK0","msg":"la tabla \"chat\" ya existe. no se realizaron cambios"}
{"level":40,"time":1681583425258,"pid":1388,"hostname":"DESKTOP-G8F9RK0","msg":"la tabla \"productos\" ya existe. no se realizaron cambios"}
{"level":40,"time":1681583425261,"pid":1388,"hostname":"DESKTOP-G8F9RK0","msg":"la tabla \"chat\" ya existe. no se realizaron cambios"}
{"level":40,"time":1681583542123,"pid":10652,"hostname":"DESKTOP-G8F9RK0","msg":"la tabla \"productos\" ya existe. no se realizaron cambios"}
{"level":40,"time":1681583542125,"pid":10652,"hostname":"DESKTOP-G8F9RK0","msg":"la tabla \"chat\" ya existe. no se realizaron cambios"}
{"level":40,"time":1681583616214,"pid":11780,"hostname":"DESKTOP-G8F9RK0","msg":"la tabla \"productos\" ya existe. no se realizaron cambios"}
{"level":40,"time":1681583616222,"pid":11780,"hostname":"DESKTOP-G8F9RK0","msg":"la tabla \"chat\" ya existe. no se realizaron cambios"}
{"level":40,"time":1681583629511,"pid":12016,"hostname":"DESKTOP-G8F9RK0","msg":"la tabla \"productos\" ya existe. no se realizaron cambios"}
{"level":40,"time":1681583629513,"pid":12016,"hostname":"DESKTOP-G8F9RK0","msg":"la tabla \"chat\" ya existe. no se realizaron cambios"}
{"level":40,"time":1681583673284,"pid":5596,"hostname":"DESKTOP-G8F9RK0","msg":"la tabla \"productos\" ya existe. no se realizaron cambios"}
{"level":40,"time":1681583673288,"pid":5596,"hostname":"DESKTOP-G8F9RK0","msg":"la tabla \"chat\" ya existe. no se realizaron cambios"}
{"level":40,"time":1681584832212,"pid":10416,"hostname":"DESKTOP-G8F9RK0","msg":"la tabla \"productos\" ya existe. no se realizaron cambios"}
{"level":40,"time":1681584832215,"pid":10416,"hostname":"DESKTOP-G8F9RK0","msg":"la tabla \"chat\" ya existe. no se realizaron cambios"}
{"level":40,"time":1681584841140,"pid":10416,"hostname":"DESKTOP-G8F9RK0","msg":"No hay usuario logueado"}
{"level":40,"time":1681584921771,"pid":3888,"hostname":"DESKTOP-G8F9RK0","msg":"la tabla \"productos\" ya existe. no se realizaron cambios"}
{"level":40,"time":1681584921774,"pid":3888,"hostname":"DESKTOP-G8F9RK0","msg":"la tabla \"chat\" ya existe. no se realizaron cambios"}
{"level":40,"time":1681585103395,"pid":8056,"hostname":"DESKTOP-G8F9RK0","msg":"la tabla \"productos\" ya existe. no se realizaron cambios"}
{"level":40,"time":1681585103399,"pid":8056,"hostname":"DESKTOP-G8F9RK0","msg":"la tabla \"chat\" ya existe. no se realizaron cambios"}
{"level":40,"time":1681586037946,"pid":8164,"hostname":"DESKTOP-G8F9RK0","msg":"la tabla \"productos\" ya existe. no se realizaron cambios"}
{"level":40,"time":1681586037949,"pid":8164,"hostname":"DESKTOP-G8F9RK0","msg":"la tabla \"chat\" ya existe. no se realizaron cambios"}
{"level":40,"time":1681586046710,"pid":8164,"hostname":"DESKTOP-G8F9RK0","msg":"No hay usuario logueado"}
{"level":40,"time":1681586305647,"pid":6028,"hostname":"DESKTOP-G8F9RK0","msg":"la tabla \"productos\" ya existe. no se realizaron cambios"}
{"level":40,"time":1681586305649,"pid":6028,"hostname":"DESKTOP-G8F9RK0","msg":"la tabla \"chat\" ya existe. no se realizaron cambios"}
{"level":40,"time":1681586532641,"pid":4128,"hostname":"DESKTOP-G8F9RK0","msg":"la tabla \"productos\" ya existe. no se realizaron cambios"}
{"level":40,"time":1681586532644,"pid":4128,"hostname":"DESKTOP-G8F9RK0","msg":"la tabla \"chat\" ya existe. no se realizaron cambios"}
{"level":40,"time":1681586583090,"pid":2972,"hostname":"DESKTOP-G8F9RK0","msg":"la tabla \"productos\" ya existe. no se realizaron cambios"}
{"level":40,"time":1681586583093,"pid":2972,"hostname":"DESKTOP-G8F9RK0","msg":"la tabla \"chat\" ya existe. no se realizaron cambios"}
{"level":40,"time":1681586926321,"pid":5988,"hostname":"DESKTOP-G8F9RK0","msg":"la tabla \"productos\" ya existe. no se realizaron cambios"}
{"level":40,"time":1681586926324,"pid":5988,"hostname":"DESKTOP-G8F9RK0","msg":"la tabla \"chat\" ya existe. no se realizaron cambios"}
{"level":40,"time":1681586977427,"pid":11920,"hostname":"DESKTOP-G8F9RK0","msg":"la tabla \"productos\" ya existe. no se realizaron cambios"}
{"level":40,"time":1681586977430,"pid":11920,"hostname":"DESKTOP-G8F9RK0","msg":"la tabla \"chat\" ya existe. no se realizaron cambios"}
{"level":40,"time":1681587006116,"pid":1220,"hostname":"DESKTOP-G8F9RK0","msg":"la tabla \"productos\" ya existe. no se realizaron cambios"}
{"level":40,"time":1681587006120,"pid":1220,"hostname":"DESKTOP-G8F9RK0","msg":"la tabla \"chat\" ya existe. no se realizaron cambios"}
{"level":40,"time":1681587223629,"pid":10952,"hostname":"DESKTOP-G8F9RK0","msg":"la tabla \"productos\" ya existe. no se realizaron cambios"}
{"level":40,"time":1681587223632,"pid":10952,"hostname":"DESKTOP-G8F9RK0","msg":"la tabla \"chat\" ya existe. no se realizaron cambios"}
{"level":40,"time":1681587348044,"pid":6260,"hostname":"DESKTOP-G8F9RK0","msg":"la tabla \"productos\" ya existe. no se realizaron cambios"}
{"level":40,"time":1681587348047,"pid":6260,"hostname":"DESKTOP-G8F9RK0","msg":"la tabla \"chat\" ya existe. no se realizaron cambios"}
{"level":40,"time":1681587369290,"pid":4316,"hostname":"DESKTOP-G8F9RK0","msg":"la tabla \"productos\" ya existe. no se realizaron cambios"}
{"level":40,"time":1681587369293,"pid":4316,"hostname":"DESKTOP-G8F9RK0","msg":"la tabla \"chat\" ya existe. no se realizaron cambios"}
{"level":40,"time":1681587545613,"pid":6676,"hostname":"DESKTOP-G8F9RK0","msg":"la tabla \"productos\" ya existe. no se realizaron cambios"}
{"level":40,"time":1681587545616,"pid":6676,"hostname":"DESKTOP-G8F9RK0","msg":"la tabla \"chat\" ya existe. no se realizaron cambios"}
{"level":40,"time":1681588470035,"pid":6924,"hostname":"DESKTOP-G8F9RK0","msg":"la tabla \"productos\" ya existe. no se realizaron cambios"}
{"level":40,"time":1681588470037,"pid":6924,"hostname":"DESKTOP-G8F9RK0","msg":"la tabla \"chat\" ya existe. no se realizaron cambios"}
{"level":40,"time":1681588476032,"pid":6924,"hostname":"DESKTOP-G8F9RK0","msg":"No hay usuario logueado"}
{"level":40,"time":1681588575089,"pid":7080,"hostname":"DESKTOP-G8F9RK0","msg":"la tabla \"productos\" ya existe. no se realizaron cambios"}
{"level":40,"time":1681588575093,"pid":7080,"hostname":"DESKTOP-G8F9RK0","msg":"la tabla \"chat\" ya existe. no se realizaron cambios"}
{"level":40,"time":1681588581304,"pid":10476,"hostname":"DESKTOP-G8F9RK0","msg":"la tabla \"productos\" ya existe. no se realizaron cambios"}
{"level":40,"time":1681588581306,"pid":10476,"hostname":"DESKTOP-G8F9RK0","msg":"la tabla \"chat\" ya existe. no se realizaron cambios"}
{"level":40,"time":1681588704833,"pid":3392,"hostname":"DESKTOP-G8F9RK0","msg":"la tabla \"productos\" ya existe. no se realizaron cambios"}
{"level":40,"time":1681588704837,"pid":3392,"hostname":"DESKTOP-G8F9RK0","msg":"la tabla \"chat\" ya existe. no se realizaron cambios"}
{"level":40,"time":1681588784014,"pid":9680,"hostname":"DESKTOP-G8F9RK0","msg":"la tabla \"productos\" ya existe. no se realizaron cambios"}
{"level":40,"time":1681588784017,"pid":9680,"hostname":"DESKTOP-G8F9RK0","msg":"la tabla \"chat\" ya existe. no se realizaron cambios"}
{"level":40,"time":1681588898331,"pid":10308,"hostname":"DESKTOP-G8F9RK0","msg":"la tabla \"productos\" ya existe. no se realizaron cambios"}
{"level":40,"time":1681588898334,"pid":10308,"hostname":"DESKTOP-G8F9RK0","msg":"la tabla \"chat\" ya existe. no se realizaron cambios"}
{"level":40,"time":1681588969566,"pid":9888,"hostname":"DESKTOP-G8F9RK0","msg":"la tabla \"productos\" ya existe. no se realizaron cambios"}
{"level":40,"time":1681588969568,"pid":9888,"hostname":"DESKTOP-G8F9RK0","msg":"la tabla \"chat\" ya existe. no se realizaron cambios"}
{"level":40,"time":1681589177923,"pid":5316,"hostname":"DESKTOP-G8F9RK0","msg":"la tabla \"productos\" ya existe. no se realizaron cambios"}
{"level":40,"time":1681589177925,"pid":5316,"hostname":"DESKTOP-G8F9RK0","msg":"la tabla \"chat\" ya existe. no se realizaron cambios"}
{"level":40,"time":1681589224703,"pid":6324,"hostname":"DESKTOP-G8F9RK0","msg":"la tabla \"productos\" ya existe. no se realizaron cambios"}
{"level":40,"time":1681589224706,"pid":6324,"hostname":"DESKTOP-G8F9RK0","msg":"la tabla \"chat\" ya existe. no se realizaron cambios"}
{"level":40,"time":1681589264232,"pid":3392,"hostname":"DESKTOP-G8F9RK0","msg":"la tabla \"productos\" ya existe. no se realizaron cambios"}
{"level":40,"time":1681589264235,"pid":3392,"hostname":"DESKTOP-G8F9RK0","msg":"la tabla \"chat\" ya existe. no se realizaron cambios"}
{"level":40,"time":1681589295985,"pid":11256,"hostname":"DESKTOP-G8F9RK0","msg":"la tabla \"productos\" ya existe. no se realizaron cambios"}
{"level":40,"time":1681589295988,"pid":11256,"hostname":"DESKTOP-G8F9RK0","msg":"la tabla \"chat\" ya existe. no se realizaron cambios"}
{"level":40,"time":1681651110771,"pid":4980,"hostname":"DESKTOP-G8F9RK0","msg":"la tabla \"productos\" ya existe. no se realizaron cambios"}
{"level":40,"time":1681651110773,"pid":4980,"hostname":"DESKTOP-G8F9RK0","msg":"la tabla \"chat\" ya existe. no se realizaron cambios"}
{"level":40,"time":1681651228945,"pid":9064,"hostname":"DESKTOP-G8F9RK0","msg":"la tabla \"productos\" ya existe. no se realizaron cambios"}
{"level":40,"time":1681651228947,"pid":9064,"hostname":"DESKTOP-G8F9RK0","msg":"la tabla \"chat\" ya existe. no se realizaron cambios"}
{"level":40,"time":1681651308981,"pid":8148,"hostname":"DESKTOP-G8F9RK0","msg":"la tabla \"productos\" ya existe. no se realizaron cambios"}
{"level":40,"time":1681651308984,"pid":8148,"hostname":"DESKTOP-G8F9RK0","msg":"la tabla \"chat\" ya existe. no se realizaron cambios"}
{"level":40,"time":1681651357524,"pid":7488,"hostname":"DESKTOP-G8F9RK0","msg":"la tabla \"productos\" ya existe. no se realizaron cambios"}
{"level":40,"time":1681651357530,"pid":7488,"hostname":"DESKTOP-G8F9RK0","msg":"la tabla \"chat\" ya existe. no se realizaron cambios"}
{"level":40,"time":1681651365569,"pid":7488,"hostname":"DESKTOP-G8F9RK0","msg":"No hay usuario logueado"}
{"level":40,"time":1681651480130,"pid":4244,"hostname":"DESKTOP-G8F9RK0","msg":"la tabla \"productos\" ya existe. no se realizaron cambios"}
{"level":40,"time":1681651480133,"pid":4244,"hostname":"DESKTOP-G8F9RK0","msg":"la tabla \"chat\" ya existe. no se realizaron cambios"}
{"level":40,"time":1681651504584,"pid":8320,"hostname":"DESKTOP-G8F9RK0","msg":"la tabla \"productos\" ya existe. no se realizaron cambios"}
{"level":40,"time":1681651504587,"pid":8320,"hostname":"DESKTOP-G8F9RK0","msg":"la tabla \"chat\" ya existe. no se realizaron cambios"}
{"level":40,"time":1681651526920,"pid":9984,"hostname":"DESKTOP-G8F9RK0","msg":"la tabla \"productos\" ya existe. no se realizaron cambios"}
{"level":40,"time":1681651526923,"pid":9984,"hostname":"DESKTOP-G8F9RK0","msg":"la tabla \"chat\" ya existe. no se realizaron cambios"}
{"level":40,"time":1681651567698,"pid":32,"hostname":"DESKTOP-G8F9RK0","msg":"la tabla \"productos\" ya existe. no se realizaron cambios"}
{"level":40,"time":1681651567703,"pid":32,"hostname":"DESKTOP-G8F9RK0","msg":"la tabla \"chat\" ya existe. no se realizaron cambios"}
{"level":40,"time":1681651703929,"pid":7312,"hostname":"DESKTOP-G8F9RK0","msg":"la tabla \"productos\" ya existe. no se realizaron cambios"}
{"level":40,"time":1681651703931,"pid":7312,"hostname":"DESKTOP-G8F9RK0","msg":"la tabla \"chat\" ya existe. no se realizaron cambios"}
{"level":40,"time":1681651744641,"pid":1732,"hostname":"DESKTOP-G8F9RK0","msg":"la tabla \"productos\" ya existe. no se realizaron cambios"}
{"level":40,"time":1681651744643,"pid":1732,"hostname":"DESKTOP-G8F9RK0","msg":"la tabla \"chat\" ya existe. no se realizaron cambios"}
{"level":40,"time":1681651838407,"pid":5484,"hostname":"DESKTOP-G8F9RK0","msg":"la tabla \"productos\" ya existe. no se realizaron cambios"}
{"level":40,"time":1681651838410,"pid":5484,"hostname":"DESKTOP-G8F9RK0","msg":"la tabla \"chat\" ya existe. no se realizaron cambios"}
{"level":40,"time":1681651899270,"pid":6240,"hostname":"DESKTOP-G8F9RK0","msg":"la tabla \"productos\" ya existe. no se realizaron cambios"}
{"level":40,"time":1681651899273,"pid":6240,"hostname":"DESKTOP-G8F9RK0","msg":"la tabla \"chat\" ya existe. no se realizaron cambios"}
{"level":40,"time":1681652008792,"pid":264,"hostname":"DESKTOP-G8F9RK0","msg":"la tabla \"productos\" ya existe. no se realizaron cambios"}
{"level":40,"time":1681652008794,"pid":264,"hostname":"DESKTOP-G8F9RK0","msg":"la tabla \"chat\" ya existe. no se realizaron cambios"}
{"level":40,"time":1681652710344,"pid":264,"hostname":"DESKTOP-G8F9RK0","msg":"No hay usuario logueado"}
{"level":40,"time":1681652726894,"pid":264,"hostname":"DESKTOP-G8F9RK0","msg":"No hay usuario logueado"}
{"level":40,"time":1681653619022,"pid":4432,"hostname":"DESKTOP-G8F9RK0","msg":"la tabla \"productos\" ya existe. no se realizaron cambios"}
{"level":40,"time":1681653619024,"pid":4432,"hostname":"DESKTOP-G8F9RK0","msg":"la tabla \"chat\" ya existe. no se realizaron cambios"}
{"level":40,"time":1681653628542,"pid":4432,"hostname":"DESKTOP-G8F9RK0","msg":"No hay usuario logueado"}
{"level":40,"time":1681656673844,"pid":11292,"hostname":"DESKTOP-G8F9RK0","msg":"la tabla \"productos\" ya existe. no se realizaron cambios"}
{"level":40,"time":1681656673847,"pid":11292,"hostname":"DESKTOP-G8F9RK0","msg":"la tabla \"chat\" ya existe. no se realizaron cambios"}
{"level":40,"time":1681656825793,"pid":10416,"hostname":"DESKTOP-G8F9RK0","msg":"la tabla \"productos\" ya existe. no se realizaron cambios"}
{"level":40,"time":1681656825810,"pid":10416,"hostname":"DESKTOP-G8F9RK0","msg":"la tabla \"chat\" ya existe. no se realizaron cambios"}
{"level":40,"time":1681656901900,"pid":12900,"hostname":"DESKTOP-G8F9RK0","msg":"la tabla \"productos\" ya existe. no se realizaron cambios"}
{"level":40,"time":1681656901906,"pid":12900,"hostname":"DESKTOP-G8F9RK0","msg":"la tabla \"chat\" ya existe. no se realizaron cambios"}
{"level":40,"time":1681656913998,"pid":6036,"hostname":"DESKTOP-G8F9RK0","msg":"la tabla \"productos\" ya existe. no se realizaron cambios"}
{"level":40,"time":1681656914002,"pid":6036,"hostname":"DESKTOP-G8F9RK0","msg":"la tabla \"chat\" ya existe. no se realizaron cambios"}
{"level":40,"time":1681657041802,"pid":13064,"hostname":"DESKTOP-G8F9RK0","msg":"la tabla \"productos\" ya existe. no se realizaron cambios"}
{"level":40,"time":1681657041807,"pid":13064,"hostname":"DESKTOP-G8F9RK0","msg":"la tabla \"chat\" ya existe. no se realizaron cambios"}
{"level":40,"time":1681657280359,"pid":5696,"hostname":"DESKTOP-G8F9RK0","msg":"la tabla \"productos\" ya existe. no se realizaron cambios"}
{"level":40,"time":1681657280369,"pid":5696,"hostname":"DESKTOP-G8F9RK0","msg":"la tabla \"chat\" ya existe. no se realizaron cambios"}
{"level":50,"time":1681657343770,"pid":5696,"hostname":"DESKTOP-G8F9RK0","msg":"connection 1 to 54.149.32.119:27017 closed"}
{"level":50,"time":1681657343772,"pid":5696,"hostname":"DESKTOP-G8F9RK0","msg":"connection 1 to 54.149.32.119:27017 closed"}
{"level":50,"time":1681657367742,"pid":5696,"hostname":"DESKTOP-G8F9RK0","msg":"connection 1 to 54.149.32.119:27017 closed"}
{"level":40,"time":1681657594074,"pid":5884,"hostname":"DESKTOP-G8F9RK0","msg":"la tabla \"productos\" ya existe. no se realizaron cambios"}
{"level":40,"time":1681657594097,"pid":5884,"hostname":"DESKTOP-G8F9RK0","msg":"la tabla \"chat\" ya existe. no se realizaron cambios"}
{"level":40,"time":1681658035671,"pid":6288,"hostname":"DESKTOP-G8F9RK0","msg":"la tabla \"productos\" ya existe. no se realizaron cambios"}
{"level":40,"time":1681658035673,"pid":6288,"hostname":"DESKTOP-G8F9RK0","msg":"la tabla \"chat\" ya existe. no se realizaron cambios"}
{"level":40,"time":1681666359919,"pid":1012,"hostname":"DESKTOP-G8F9RK0","msg":"la tabla \"productos\" ya existe. no se realizaron cambios"}
{"level":40,"time":1681666359921,"pid":1012,"hostname":"DESKTOP-G8F9RK0","msg":"la tabla \"chat\" ya existe. no se realizaron cambios"}
{"level":40,"time":1681667053993,"pid":9364,"hostname":"DESKTOP-G8F9RK0","msg":"la tabla \"productos\" ya existe. no se realizaron cambios"}
{"level":40,"time":1681667053996,"pid":9364,"hostname":"DESKTOP-G8F9RK0","msg":"la tabla \"chat\" ya existe. no se realizaron cambios"}
{"level":40,"time":1681667161172,"pid":7732,"hostname":"DESKTOP-G8F9RK0","msg":"la tabla \"productos\" ya existe. no se realizaron cambios"}
{"level":40,"time":1681667161175,"pid":7732,"hostname":"DESKTOP-G8F9RK0","msg":"la tabla \"chat\" ya existe. no se realizaron cambios"}
{"level":40,"time":1681667330731,"pid":11384,"hostname":"DESKTOP-G8F9RK0","msg":"la tabla \"productos\" ya existe. no se realizaron cambios"}
{"level":40,"time":1681667330735,"pid":11384,"hostname":"DESKTOP-G8F9RK0","msg":"la tabla \"chat\" ya existe. no se realizaron cambios"}
{"level":40,"time":1681667714594,"pid":7812,"hostname":"DESKTOP-G8F9RK0","msg":"la tabla \"productos\" ya existe. no se realizaron cambios"}
{"level":40,"time":1681667714597,"pid":7812,"hostname":"DESKTOP-G8F9RK0","msg":"la tabla \"chat\" ya existe. no se realizaron cambios"}
{"level":40,"time":1681667787678,"pid":11748,"hostname":"DESKTOP-G8F9RK0","msg":"la tabla \"productos\" ya existe. no se realizaron cambios"}
{"level":40,"time":1681667787682,"pid":11748,"hostname":"DESKTOP-G8F9RK0","msg":"la tabla \"chat\" ya existe. no se realizaron cambios"}
{"level":40,"time":1681667898318,"pid":11468,"hostname":"DESKTOP-G8F9RK0","msg":"la tabla \"productos\" ya existe. no se realizaron cambios"}
{"level":40,"time":1681667898321,"pid":11468,"hostname":"DESKTOP-G8F9RK0","msg":"la tabla \"chat\" ya existe. no se realizaron cambios"}
{"level":40,"time":1681667960066,"pid":8004,"hostname":"DESKTOP-G8F9RK0","msg":"la tabla \"productos\" ya existe. no se realizaron cambios"}
{"level":40,"time":1681667960069,"pid":8004,"hostname":"DESKTOP-G8F9RK0","msg":"la tabla \"chat\" ya existe. no se realizaron cambios"}
{"level":40,"time":1681668014412,"pid":11768,"hostname":"DESKTOP-G8F9RK0","msg":"la tabla \"productos\" ya existe. no se realizaron cambios"}
{"level":40,"time":1681668014415,"pid":11768,"hostname":"DESKTOP-G8F9RK0","msg":"la tabla \"chat\" ya existe. no se realizaron cambios"}
{"level":40,"time":1681668067650,"pid":10288,"hostname":"DESKTOP-G8F9RK0","msg":"la tabla \"productos\" ya existe. no se realizaron cambios"}
{"level":40,"time":1681668067653,"pid":10288,"hostname":"DESKTOP-G8F9RK0","msg":"la tabla \"chat\" ya existe. no se realizaron cambios"}
{"level":40,"time":1681668101088,"pid":3976,"hostname":"DESKTOP-G8F9RK0","msg":"la tabla \"productos\" ya existe. no se realizaron cambios"}
{"level":40,"time":1681668101091,"pid":3976,"hostname":"DESKTOP-G8F9RK0","msg":"la tabla \"chat\" ya existe. no se realizaron cambios"}
{"level":40,"time":1681668218436,"pid":3976,"hostname":"DESKTOP-G8F9RK0","msg":"No hay usuario logueado"}
{"level":40,"time":1681668333132,"pid":11304,"hostname":"DESKTOP-G8F9RK0","msg":"la tabla \"productos\" ya existe. no se realizaron cambios"}
{"level":40,"time":1681668333135,"pid":11304,"hostname":"DESKTOP-G8F9RK0","msg":"la tabla \"chat\" ya existe. no se realizaron cambios"}
{"level":40,"time":1681668427593,"pid":4732,"hostname":"DESKTOP-G8F9RK0","msg":"la tabla \"productos\" ya existe. no se realizaron cambios"}
{"level":40,"time":1681668427595,"pid":4732,"hostname":"DESKTOP-G8F9RK0","msg":"la tabla \"chat\" ya existe. no se realizaron cambios"}
{"level":40,"time":1681668499335,"pid":268,"hostname":"DESKTOP-G8F9RK0","msg":"la tabla \"productos\" ya existe. no se realizaron cambios"}
{"level":40,"time":1681668499338,"pid":268,"hostname":"DESKTOP-G8F9RK0","msg":"la tabla \"chat\" ya existe. no se realizaron cambios"}
{"level":40,"time":1681668710866,"pid":8488,"hostname":"DESKTOP-G8F9RK0","msg":"la tabla \"productos\" ya existe. no se realizaron cambios"}
{"level":40,"time":1681668710869,"pid":8488,"hostname":"DESKTOP-G8F9RK0","msg":"la tabla \"chat\" ya existe. no se realizaron cambios"}
{"level":40,"time":1681668781383,"pid":11612,"hostname":"DESKTOP-G8F9RK0","msg":"la tabla \"productos\" ya existe. no se realizaron cambios"}
{"level":40,"time":1681668781386,"pid":11612,"hostname":"DESKTOP-G8F9RK0","msg":"la tabla \"chat\" ya existe. no se realizaron cambios"}
{"level":40,"time":1681668845192,"pid":11688,"hostname":"DESKTOP-G8F9RK0","msg":"la tabla \"productos\" ya existe. no se realizaron cambios"}
{"level":40,"time":1681668845194,"pid":11688,"hostname":"DESKTOP-G8F9RK0","msg":"la tabla \"chat\" ya existe. no se realizaron cambios"}
{"level":40,"time":1681668895779,"pid":12276,"hostname":"DESKTOP-G8F9RK0","msg":"la tabla \"productos\" ya existe. no se realizaron cambios"}
{"level":40,"time":1681668895781,"pid":12276,"hostname":"DESKTOP-G8F9RK0","msg":"la tabla \"chat\" ya existe. no se realizaron cambios"}
{"level":40,"time":1681668938172,"pid":4200,"hostname":"DESKTOP-G8F9RK0","msg":"la tabla \"productos\" ya existe. no se realizaron cambios"}
{"level":40,"time":1681668938175,"pid":4200,"hostname":"DESKTOP-G8F9RK0","msg":"la tabla \"chat\" ya existe. no se realizaron cambios"}
{"level":40,"time":1681668995061,"pid":11512,"hostname":"DESKTOP-G8F9RK0","msg":"la tabla \"productos\" ya existe. no se realizaron cambios"}
{"level":40,"time":1681668995064,"pid":11512,"hostname":"DESKTOP-G8F9RK0","msg":"la tabla \"chat\" ya existe. no se realizaron cambios"}
{"level":40,"time":1681669307628,"pid":1340,"hostname":"DESKTOP-G8F9RK0","msg":"la tabla \"productos\" ya existe. no se realizaron cambios"}
{"level":40,"time":1681669307631,"pid":1340,"hostname":"DESKTOP-G8F9RK0","msg":"la tabla \"chat\" ya existe. no se realizaron cambios"}
{"level":40,"time":1681669352638,"pid":12280,"hostname":"DESKTOP-G8F9RK0","msg":"la tabla \"productos\" ya existe. no se realizaron cambios"}
{"level":40,"time":1681669352641,"pid":12280,"hostname":"DESKTOP-G8F9RK0","msg":"la tabla \"chat\" ya existe. no se realizaron cambios"}
{"level":40,"time":1681669732710,"pid":11064,"hostname":"DESKTOP-G8F9RK0","msg":"la tabla \"productos\" ya existe. no se realizaron cambios"}
{"level":40,"time":1681669732712,"pid":11064,"hostname":"DESKTOP-G8F9RK0","msg":"la tabla \"chat\" ya existe. no se realizaron cambios"}
{"level":40,"time":1681669777073,"pid":11640,"hostname":"DESKTOP-G8F9RK0","msg":"la tabla \"productos\" ya existe. no se realizaron cambios"}
{"level":40,"time":1681669777076,"pid":11640,"hostname":"DESKTOP-G8F9RK0","msg":"la tabla \"chat\" ya existe. no se realizaron cambios"}
{"level":40,"time":1681669857153,"pid":11056,"hostname":"DESKTOP-G8F9RK0","msg":"la tabla \"productos\" ya existe. no se realizaron cambios"}
{"level":40,"time":1681669857156,"pid":11056,"hostname":"DESKTOP-G8F9RK0","msg":"la tabla \"chat\" ya existe. no se realizaron cambios"}
{"level":40,"time":1681670038634,"pid":9852,"hostname":"DESKTOP-G8F9RK0","msg":"la tabla \"productos\" ya existe. no se realizaron cambios"}
{"level":40,"time":1681670038637,"pid":9852,"hostname":"DESKTOP-G8F9RK0","msg":"la tabla \"chat\" ya existe. no se realizaron cambios"}
{"level":40,"time":1681670156315,"pid":4200,"hostname":"DESKTOP-G8F9RK0","msg":"la tabla \"productos\" ya existe. no se realizaron cambios"}
{"level":40,"time":1681670156317,"pid":4200,"hostname":"DESKTOP-G8F9RK0","msg":"la tabla \"chat\" ya existe. no se realizaron cambios"}
{"level":40,"time":1681670343111,"pid":4848,"hostname":"DESKTOP-G8F9RK0","msg":"la tabla \"productos\" ya existe. no se realizaron cambios"}
{"level":40,"time":1681670343113,"pid":4848,"hostname":"DESKTOP-G8F9RK0","msg":"la tabla \"chat\" ya existe. no se realizaron cambios"}
{"level":40,"time":1681670395983,"pid":9268,"hostname":"DESKTOP-G8F9RK0","msg":"la tabla \"productos\" ya existe. no se realizaron cambios"}
{"level":40,"time":1681670396014,"pid":9268,"hostname":"DESKTOP-G8F9RK0","msg":"la tabla \"chat\" ya existe. no se realizaron cambios"}
{"level":40,"time":1681670879732,"pid":1332,"hostname":"DESKTOP-G8F9RK0","msg":"la tabla \"productos\" ya existe. no se realizaron cambios"}
{"level":40,"time":1681670879734,"pid":1332,"hostname":"DESKTOP-G8F9RK0","msg":"la tabla \"chat\" ya existe. no se realizaron cambios"}
{"level":40,"time":1681670896337,"pid":1332,"hostname":"DESKTOP-G8F9RK0","msg":"No hay usuario logueado"}
{"level":40,"time":1681670914136,"pid":1332,"hostname":"DESKTOP-G8F9RK0","msg":"No hay usuario logueado"}
{"level":40,"time":1681671028914,"pid":1140,"hostname":"DESKTOP-G8F9RK0","msg":"la tabla \"productos\" ya existe. no se realizaron cambios"}
{"level":40,"time":1681671028917,"pid":1140,"hostname":"DESKTOP-G8F9RK0","msg":"la tabla \"chat\" ya existe. no se realizaron cambios"}
{"level":40,"time":1681671166199,"pid":6028,"hostname":"DESKTOP-G8F9RK0","msg":"la tabla \"productos\" ya existe. no se realizaron cambios"}
{"level":40,"time":1681671166202,"pid":6028,"hostname":"DESKTOP-G8F9RK0","msg":"la tabla \"chat\" ya existe. no se realizaron cambios"}
{"level":40,"time":1681671174602,"pid":6028,"hostname":"DESKTOP-G8F9RK0","msg":"no se encontró carrito para el usuario (undefined)"}
{"level":40,"time":1681671321135,"pid":6860,"hostname":"DESKTOP-G8F9RK0","msg":"la tabla \"productos\" ya existe. no se realizaron cambios"}
{"level":40,"time":1681671321138,"pid":6860,"hostname":"DESKTOP-G8F9RK0","msg":"la tabla \"chat\" ya existe. no se realizaron cambios"}
{"level":40,"time":1681671465455,"pid":4868,"hostname":"DESKTOP-G8F9RK0","msg":"la tabla \"productos\" ya existe. no se realizaron cambios"}
{"level":40,"time":1681671465458,"pid":4868,"hostname":"DESKTOP-G8F9RK0","msg":"la tabla \"chat\" ya existe. no se realizaron cambios"}
{"level":40,"time":1681671472417,"pid":4868,"hostname":"DESKTOP-G8F9RK0","msg":"no se encontró carrito para el usuario ([object Object])"}
{"level":40,"time":1681671538528,"pid":11488,"hostname":"DESKTOP-G8F9RK0","msg":"la tabla \"productos\" ya existe. no se realizaron cambios"}
{"level":40,"time":1681671538531,"pid":11488,"hostname":"DESKTOP-G8F9RK0","msg":"la tabla \"chat\" ya existe. no se realizaron cambios"}
{"level":40,"time":1681671539574,"pid":11488,"hostname":"DESKTOP-G8F9RK0","msg":"no se encontró carrito para el usuario ([object Object])"}
{"level":40,"time":1681671578177,"pid":1580,"hostname":"DESKTOP-G8F9RK0","msg":"la tabla \"productos\" ya existe. no se realizaron cambios"}
{"level":40,"time":1681671578180,"pid":1580,"hostname":"DESKTOP-G8F9RK0","msg":"la tabla \"chat\" ya existe. no se realizaron cambios"}
{"level":40,"time":1681671587818,"pid":1580,"hostname":"DESKTOP-G8F9RK0","msg":"no se encontró carrito para el usuario ([object Object])"}
{"level":40,"time":1681671654720,"pid":3940,"hostname":"DESKTOP-G8F9RK0","msg":"la tabla \"productos\" ya existe. no se realizaron cambios"}
{"level":40,"time":1681671654722,"pid":3940,"hostname":"DESKTOP-G8F9RK0","msg":"la tabla \"chat\" ya existe. no se realizaron cambios"}
{"level":40,"time":1681671677396,"pid":10344,"hostname":"DESKTOP-G8F9RK0","msg":"la tabla \"productos\" ya existe. no se realizaron cambios"}
{"level":40,"time":1681671677398,"pid":10344,"hostname":"DESKTOP-G8F9RK0","msg":"la tabla \"chat\" ya existe. no se realizaron cambios"}
{"level":40,"time":1681671717488,"pid":12068,"hostname":"DESKTOP-G8F9RK0","msg":"la tabla \"productos\" ya existe. no se realizaron cambios"}
{"level":40,"time":1681671717493,"pid":12068,"hostname":"DESKTOP-G8F9RK0","msg":"la tabla \"chat\" ya existe. no se realizaron cambios"}
{"level":40,"time":1681671725004,"pid":12068,"hostname":"DESKTOP-G8F9RK0","msg":"no se encontró carrito para el usuario ([object Object])"}
{"level":40,"time":1681671773631,"pid":12068,"hostname":"DESKTOP-G8F9RK0","msg":"no se encontró carrito para el usuario ([object Object])"}
{"level":40,"time":1681671783511,"pid":12068,"hostname":"DESKTOP-G8F9RK0","msg":"no se encontró carrito para el usuario ([object Object])"}
{"level":40,"time":1681671896051,"pid":11920,"hostname":"DESKTOP-G8F9RK0","msg":"la tabla \"productos\" ya existe. no se realizaron cambios"}
{"level":40,"time":1681671896053,"pid":11920,"hostname":"DESKTOP-G8F9RK0","msg":"la tabla \"chat\" ya existe. no se realizaron cambios"}
{"level":40,"time":1681671902710,"pid":11920,"hostname":"DESKTOP-G8F9RK0","msg":"no se encontró carrito para el usuario ([object Object])"}
{"level":40,"time":1681672008939,"pid":11384,"hostname":"DESKTOP-G8F9RK0","msg":"la tabla \"productos\" ya existe. no se realizaron cambios"}
{"level":40,"time":1681672008942,"pid":11384,"hostname":"DESKTOP-G8F9RK0","msg":"la tabla \"chat\" ya existe. no se realizaron cambios"}
{"level":40,"time":1681672033543,"pid":11384,"hostname":"DESKTOP-G8F9RK0","msg":"no se encontró carrito para el usuario ([object Object])"}
{"level":40,"time":1681672079105,"pid":7768,"hostname":"DESKTOP-G8F9RK0","msg":"la tabla \"productos\" ya existe. no se realizaron cambios"}
{"level":40,"time":1681672079108,"pid":7768,"hostname":"DESKTOP-G8F9RK0","msg":"la tabla \"chat\" ya existe. no se realizaron cambios"}
{"level":40,"time":1681672104681,"pid":4744,"hostname":"DESKTOP-G8F9RK0","msg":"la tabla \"productos\" ya existe. no se realizaron cambios"}
{"level":40,"time":1681672104684,"pid":4744,"hostname":"DESKTOP-G8F9RK0","msg":"la tabla \"chat\" ya existe. no se realizaron cambios"}
{"level":40,"time":1681672115326,"pid":4744,"hostname":"DESKTOP-G8F9RK0","msg":"no se encontró carrito para el usuario (undefined)"}
{"level":40,"time":1681672163630,"pid":7640,"hostname":"DESKTOP-G8F9RK0","msg":"la tabla \"productos\" ya existe. no se realizaron cambios"}
{"level":40,"time":1681672163632,"pid":7640,"hostname":"DESKTOP-G8F9RK0","msg":"la tabla \"chat\" ya existe. no se realizaron cambios"}
{"level":40,"time":1681672165050,"pid":7640,"hostname":"DESKTOP-G8F9RK0","msg":"no se encontró carrito para el usuario ([object Object])"}
{"level":40,"time":1681672206585,"pid":7380,"hostname":"DESKTOP-G8F9RK0","msg":"la tabla \"productos\" ya existe. no se realizaron cambios"}
{"level":40,"time":1681672206588,"pid":7380,"hostname":"DESKTOP-G8F9RK0","msg":"la tabla \"chat\" ya existe. no se realizaron cambios"}
{"level":40,"time":1681672210029,"pid":7380,"hostname":"DESKTOP-G8F9RK0","msg":"no se encontró carrito para el usuario (cuevabros2011@gmail.com)"}
{"level":40,"time":1681672221835,"pid":7380,"hostname":"DESKTOP-G8F9RK0","msg":"no se encontró carrito para el usuario (cuevabros2011@gmail.com)"}
{"level":40,"time":1681672368623,"pid":11004,"hostname":"DESKTOP-G8F9RK0","msg":"la tabla \"productos\" ya existe. no se realizaron cambios"}
{"level":40,"time":1681672368626,"pid":11004,"hostname":"DESKTOP-G8F9RK0","msg":"la tabla \"chat\" ya existe. no se realizaron cambios"}
{"level":40,"time":1681672408033,"pid":12280,"hostname":"DESKTOP-G8F9RK0","msg":"la tabla \"productos\" ya existe. no se realizaron cambios"}
{"level":40,"time":1681672408036,"pid":12280,"hostname":"DESKTOP-G8F9RK0","msg":"la tabla \"chat\" ya existe. no se realizaron cambios"}
{"level":40,"time":1681672669379,"pid":12048,"hostname":"DESKTOP-G8F9RK0","msg":"la tabla \"productos\" ya existe. no se realizaron cambios"}
{"level":40,"time":1681672669382,"pid":12048,"hostname":"DESKTOP-G8F9RK0","msg":"la tabla \"chat\" ya existe. no se realizaron cambios"}
{"level":40,"time":1681672703244,"pid":12048,"hostname":"DESKTOP-G8F9RK0","msg":"No hay usuario logueado"}
{"level":40,"time":1681672720867,"pid":12048,"hostname":"DESKTOP-G8F9RK0","msg":"No hay usuario logueado"}
{"level":40,"time":1681672760419,"pid":12048,"hostname":"DESKTOP-G8F9RK0","msg":"No hay usuario logueado"}
{"level":40,"time":1681672779454,"pid":12048,"hostname":"DESKTOP-G8F9RK0","msg":"No hay usuario logueado"}
{"level":40,"time":1681672801060,"pid":12048,"hostname":"DESKTOP-G8F9RK0","msg":"No hay usuario logueado"}
{"level":40,"time":1681672873904,"pid":1300,"hostname":"DESKTOP-G8F9RK0","msg":"la tabla \"productos\" ya existe. no se realizaron cambios"}
{"level":40,"time":1681672873907,"pid":1300,"hostname":"DESKTOP-G8F9RK0","msg":"la tabla \"chat\" ya existe. no se realizaron cambios"}
{"level":40,"time":1681673020813,"pid":1892,"hostname":"DESKTOP-G8F9RK0","msg":"la tabla \"productos\" ya existe. no se realizaron cambios"}
{"level":40,"time":1681673020816,"pid":1892,"hostname":"DESKTOP-G8F9RK0","msg":"la tabla \"chat\" ya existe. no se realizaron cambios"}
{"level":40,"time":1681673268513,"pid":4208,"hostname":"DESKTOP-G8F9RK0","msg":"la tabla \"productos\" ya existe. no se realizaron cambios"}
{"level":40,"time":1681673268516,"pid":4208,"hostname":"DESKTOP-G8F9RK0","msg":"la tabla \"chat\" ya existe. no se realizaron cambios"}
{"level":40,"time":1681673317209,"pid":4112,"hostname":"DESKTOP-G8F9RK0","msg":"la tabla \"productos\" ya existe. no se realizaron cambios"}
{"level":40,"time":1681673317211,"pid":4112,"hostname":"DESKTOP-G8F9RK0","msg":"la tabla \"chat\" ya existe. no se realizaron cambios"}
{"level":40,"time":1681673492014,"pid":1884,"hostname":"DESKTOP-G8F9RK0","msg":"la tabla \"productos\" ya existe. no se realizaron cambios"}
{"level":40,"time":1681673492018,"pid":1884,"hostname":"DESKTOP-G8F9RK0","msg":"la tabla \"chat\" ya existe. no se realizaron cambios"}
{"level":40,"time":1681673535165,"pid":7320,"hostname":"DESKTOP-G8F9RK0","msg":"la tabla \"productos\" ya existe. no se realizaron cambios"}
{"level":40,"time":1681673535168,"pid":7320,"hostname":"DESKTOP-G8F9RK0","msg":"la tabla \"chat\" ya existe. no se realizaron cambios"}
{"level":40,"time":1681676895365,"pid":10172,"hostname":"DESKTOP-G8F9RK0","msg":"la tabla \"productos\" ya existe. no se realizaron cambios"}
{"level":40,"time":1681676895378,"pid":10172,"hostname":"DESKTOP-G8F9RK0","msg":"la tabla \"chat\" ya existe. no se realizaron cambios"}
{"level":50,"time":1681676900884,"pid":10172,"hostname":"DESKTOP-G8F9RK0","msg":"Cannot read properties of undefined (reading 'email')"}
{"level":40,"time":1681676924607,"pid":5456,"hostname":"DESKTOP-G8F9RK0","msg":"la tabla \"productos\" ya existe. no se realizaron cambios"}
{"level":40,"time":1681676924610,"pid":5456,"hostname":"DESKTOP-G8F9RK0","msg":"la tabla \"chat\" ya existe. no se realizaron cambios"}
{"level":40,"time":1681676936936,"pid":8552,"hostname":"DESKTOP-G8F9RK0","msg":"la tabla \"productos\" ya existe. no se realizaron cambios"}
{"level":40,"time":1681676936938,"pid":8552,"hostname":"DESKTOP-G8F9RK0","msg":"la tabla \"chat\" ya existe. no se realizaron cambios"}
{"level":40,"time":1681688283559,"pid":10812,"hostname":"DESKTOP-G8F9RK0","msg":"la tabla \"productos\" ya existe. no se realizaron cambios"}
{"level":40,"time":1681688283565,"pid":10812,"hostname":"DESKTOP-G8F9RK0","msg":"la tabla \"chat\" ya existe. no se realizaron cambios"}
{"level":50,"time":1681688392376,"pid":10812,"hostname":"DESKTOP-G8F9RK0","msg":"invalid signature"}
{"level":40,"time":1681688707874,"pid":9960,"hostname":"DESKTOP-G8F9RK0","msg":"la tabla \"productos\" ya existe. no se realizaron cambios"}
{"level":40,"time":1681688707906,"pid":9960,"hostname":"DESKTOP-G8F9RK0","msg":"la tabla \"chat\" ya existe. no se realizaron cambios"}
{"level":40,"time":1681688712880,"pid":8612,"hostname":"DESKTOP-G8F9RK0","msg":"la tabla \"productos\" ya existe. no se realizaron cambios"}
{"level":40,"time":1681688712888,"pid":8612,"hostname":"DESKTOP-G8F9RK0","msg":"la tabla \"chat\" ya existe. no se realizaron cambios"}
{"level":50,"time":1681688741944,"pid":9960,"hostname":"DESKTOP-G8F9RK0","msg":"error is not defined"}
{"level":40,"time":1681688857052,"pid":5976,"hostname":"DESKTOP-G8F9RK0","msg":"la tabla \"productos\" ya existe. no se realizaron cambios"}
{"level":40,"time":1681688857057,"pid":5976,"hostname":"DESKTOP-G8F9RK0","msg":"la tabla \"chat\" ya existe. no se realizaron cambios"}
{"level":40,"time":1681688857073,"pid":8052,"hostname":"DESKTOP-G8F9RK0","msg":"la tabla \"productos\" ya existe. no se realizaron cambios"}
{"level":40,"time":1681688857137,"pid":8052,"hostname":"DESKTOP-G8F9RK0","msg":"la tabla \"chat\" ya existe. no se realizaron cambios"}
{"level":40,"time":1681688921531,"pid":872,"hostname":"DESKTOP-G8F9RK0","msg":"la tabla \"productos\" ya existe. no se realizaron cambios"}
{"level":40,"time":1681688921553,"pid":872,"hostname":"DESKTOP-G8F9RK0","msg":"la tabla \"chat\" ya existe. no se realizaron cambios"}
{"level":40,"time":1681688927054,"pid":872,"hostname":"DESKTOP-G8F9RK0","msg":"no se encontró carrito para el usuario (admin@gmail.com)"}
{"level":40,"time":1681689057226,"pid":7712,"hostname":"DESKTOP-G8F9RK0","msg":"la tabla \"productos\" ya existe. no se realizaron cambios"}
{"level":40,"time":1681689057229,"pid":7712,"hostname":"DESKTOP-G8F9RK0","msg":"la tabla \"chat\" ya existe. no se realizaron cambios"}
{"level":40,"time":1681689165555,"pid":5632,"hostname":"DESKTOP-G8F9RK0","msg":"la tabla \"productos\" ya existe. no se realizaron cambios"}
{"level":40,"time":1681689165560,"pid":5632,"hostname":"DESKTOP-G8F9RK0","msg":"la tabla \"chat\" ya existe. no se realizaron cambios"}
{"level":40,"time":1681690445141,"pid":1744,"hostname":"DESKTOP-G8F9RK0","msg":"la tabla \"productos\" ya existe. no se realizaron cambios"}
{"level":40,"time":1681690445143,"pid":1744,"hostname":"DESKTOP-G8F9RK0","msg":"la tabla \"chat\" ya existe. no se realizaron cambios"}
{"level":50,"time":1681690447712,"pid":1744,"hostname":"DESKTOP-G8F9RK0","msg":"jwt expired"}
{"level":40,"time":1681690520350,"pid":9464,"hostname":"DESKTOP-G8F9RK0","msg":"la tabla \"productos\" ya existe. no se realizaron cambios"}
{"level":40,"time":1681690520385,"pid":9464,"hostname":"DESKTOP-G8F9RK0","msg":"la tabla \"chat\" ya existe. no se realizaron cambios"}
{"level":50,"time":1681690526771,"pid":9464,"hostname":"DESKTOP-G8F9RK0","msg":"jwt expired"}
{"level":40,"time":1681690707509,"pid":7076,"hostname":"DESKTOP-G8F9RK0","msg":"la tabla \"productos\" ya existe. no se realizaron cambios"}
{"level":40,"time":1681690707514,"pid":7076,"hostname":"DESKTOP-G8F9RK0","msg":"la tabla \"chat\" ya existe. no se realizaron cambios"}
{"level":40,"time":1681690781058,"pid":8356,"hostname":"DESKTOP-G8F9RK0","msg":"la tabla \"productos\" ya existe. no se realizaron cambios"}
{"level":40,"time":1681690781061,"pid":8356,"hostname":"DESKTOP-G8F9RK0","msg":"la tabla \"chat\" ya existe. no se realizaron cambios"}
{"level":40,"time":1681691242044,"pid":4016,"hostname":"DESKTOP-G8F9RK0","msg":"la tabla \"productos\" ya existe. no se realizaron cambios"}
{"level":40,"time":1681691242048,"pid":4016,"hostname":"DESKTOP-G8F9RK0","msg":"la tabla \"chat\" ya existe. no se realizaron cambios"}
{"level":40,"time":1681691630380,"pid":10628,"hostname":"DESKTOP-G8F9RK0","msg":"la tabla \"productos\" ya existe. no se realizaron cambios"}
{"level":40,"time":1681691630383,"pid":10628,"hostname":"DESKTOP-G8F9RK0","msg":"la tabla \"chat\" ya existe. no se realizaron cambios"}
{"level":40,"time":1681691764538,"pid":2868,"hostname":"DESKTOP-G8F9RK0","msg":"la tabla \"productos\" ya existe. no se realizaron cambios"}
{"level":40,"time":1681691764545,"pid":2868,"hostname":"DESKTOP-G8F9RK0","msg":"la tabla \"chat\" ya existe. no se realizaron cambios"}
{"level":40,"time":1681691791273,"pid":2132,"hostname":"DESKTOP-G8F9RK0","msg":"la tabla \"productos\" ya existe. no se realizaron cambios"}
{"level":40,"time":1681691791276,"pid":2132,"hostname":"DESKTOP-G8F9RK0","msg":"la tabla \"chat\" ya existe. no se realizaron cambios"}
{"level":40,"time":1681691932088,"pid":6692,"hostname":"DESKTOP-G8F9RK0","msg":"la tabla \"productos\" ya existe. no se realizaron cambios"}
{"level":40,"time":1681691932094,"pid":6692,"hostname":"DESKTOP-G8F9RK0","msg":"la tabla \"chat\" ya existe. no se realizaron cambios"}
{"level":50,"time":1681691933162,"pid":6692,"hostname":"DESKTOP-G8F9RK0","msg":"date is not defined"}
{"level":40,"time":1681691969832,"pid":9416,"hostname":"DESKTOP-G8F9RK0","msg":"la tabla \"productos\" ya existe. no se realizaron cambios"}
{"level":40,"time":1681691969834,"pid":9416,"hostname":"DESKTOP-G8F9RK0","msg":"la tabla \"chat\" ya existe. no se realizaron cambios"}
{"level":50,"time":1681691970850,"pid":9416,"hostname":"DESKTOP-G8F9RK0","msg":"date is not defined"}
{"level":40,"time":1681692032933,"pid":5756,"hostname":"DESKTOP-G8F9RK0","msg":"la tabla \"productos\" ya existe. no se realizaron cambios"}
{"level":40,"time":1681692032936,"pid":5756,"hostname":"DESKTOP-G8F9RK0","msg":"la tabla \"chat\" ya existe. no se realizaron cambios"}
{"level":50,"time":1681692034026,"pid":5756,"hostname":"DESKTOP-G8F9RK0","msg":"date is not defined"}
{"level":40,"time":1681692074229,"pid":11112,"hostname":"DESKTOP-G8F9RK0","msg":"la tabla \"productos\" ya existe. no se realizaron cambios"}
{"level":40,"time":1681692074232,"pid":11112,"hostname":"DESKTOP-G8F9RK0","msg":"la tabla \"chat\" ya existe. no se realizaron cambios"}
{"level":40,"time":1681692107497,"pid":4128,"hostname":"DESKTOP-G8F9RK0","msg":"la tabla \"productos\" ya existe. no se realizaron cambios"}
{"level":40,"time":1681692107503,"pid":4128,"hostname":"DESKTOP-G8F9RK0","msg":"la tabla \"chat\" ya existe. no se realizaron cambios"}
{"level":40,"time":1681692193442,"pid":7032,"hostname":"DESKTOP-G8F9RK0","msg":"la tabla \"productos\" ya existe. no se realizaron cambios"}
{"level":40,"time":1681692193471,"pid":7032,"hostname":"DESKTOP-G8F9RK0","msg":"la tabla \"chat\" ya existe. no se realizaron cambios"}
{"level":40,"time":1681692678134,"pid":10800,"hostname":"DESKTOP-G8F9RK0","msg":"la tabla \"productos\" ya existe. no se realizaron cambios"}
{"level":40,"time":1681692678139,"pid":10800,"hostname":"DESKTOP-G8F9RK0","msg":"la tabla \"chat\" ya existe. no se realizaron cambios"}
{"level":40,"time":1681692764149,"pid":3284,"hostname":"DESKTOP-G8F9RK0","msg":"la tabla \"productos\" ya existe. no se realizaron cambios"}
{"level":40,"time":1681692764154,"pid":3284,"hostname":"DESKTOP-G8F9RK0","msg":"la tabla \"chat\" ya existe. no se realizaron cambios"}
{"level":40,"time":1681692833825,"pid":7636,"hostname":"DESKTOP-G8F9RK0","msg":"la tabla \"productos\" ya existe. no se realizaron cambios"}
{"level":40,"time":1681692833835,"pid":7636,"hostname":"DESKTOP-G8F9RK0","msg":"la tabla \"chat\" ya existe. no se realizaron cambios"}
{"level":40,"time":1681692938125,"pid":8260,"hostname":"DESKTOP-G8F9RK0","msg":"la tabla \"productos\" ya existe. no se realizaron cambios"}
{"level":40,"time":1681692938129,"pid":8260,"hostname":"DESKTOP-G8F9RK0","msg":"la tabla \"chat\" ya existe. no se realizaron cambios"}
{"level":40,"time":1681693309448,"pid":1892,"hostname":"DESKTOP-G8F9RK0","msg":"la tabla \"productos\" ya existe. no se realizaron cambios"}
{"level":40,"time":1681693309458,"pid":1892,"hostname":"DESKTOP-G8F9RK0","msg":"la tabla \"chat\" ya existe. no se realizaron cambios"}
{"level":40,"time":1681693708028,"pid":7620,"hostname":"DESKTOP-G8F9RK0","msg":"la tabla \"productos\" ya existe. no se realizaron cambios"}
{"level":40,"time":1681693708032,"pid":7620,"hostname":"DESKTOP-G8F9RK0","msg":"la tabla \"chat\" ya existe. no se realizaron cambios"}
{"level":50,"time":1681693709552,"pid":7620,"hostname":"DESKTOP-G8F9RK0","msg":"Time is not defined"}
{"level":40,"time":1681693871428,"pid":1500,"hostname":"DESKTOP-G8F9RK0","msg":"la tabla \"productos\" ya existe. no se realizaron cambios"}
{"level":40,"time":1681693871440,"pid":1500,"hostname":"DESKTOP-G8F9RK0","msg":"la tabla \"chat\" ya existe. no se realizaron cambios"}
{"level":40,"time":1681694204470,"pid":2692,"hostname":"DESKTOP-G8F9RK0","msg":"la tabla \"productos\" ya existe. no se realizaron cambios"}
{"level":40,"time":1681694204514,"pid":2692,"hostname":"DESKTOP-G8F9RK0","msg":"la tabla \"chat\" ya existe. no se realizaron cambios"}
{"level":40,"time":1681694289742,"pid":13192,"hostname":"DESKTOP-G8F9RK0","msg":"la tabla \"productos\" ya existe. no se realizaron cambios"}
{"level":40,"time":1681694289748,"pid":13192,"hostname":"DESKTOP-G8F9RK0","msg":"la tabla \"chat\" ya existe. no se realizaron cambios"}
{"level":40,"time":1681694356894,"pid":2456,"hostname":"DESKTOP-G8F9RK0","msg":"la tabla \"productos\" ya existe. no se realizaron cambios"}
{"level":40,"time":1681694356901,"pid":2456,"hostname":"DESKTOP-G8F9RK0","msg":"la tabla \"chat\" ya existe. no se realizaron cambios"}
{"level":50,"time":1681694373051,"pid":2456,"hostname":"DESKTOP-G8F9RK0","msg":"jwt expired"}
{"level":40,"time":1681694499111,"pid":1520,"hostname":"DESKTOP-G8F9RK0","msg":"la tabla \"productos\" ya existe. no se realizaron cambios"}
{"level":40,"time":1681694499115,"pid":1520,"hostname":"DESKTOP-G8F9RK0","msg":"la tabla \"chat\" ya existe. no se realizaron cambios"}
{"level":50,"time":1681694501681,"pid":1520,"hostname":"DESKTOP-G8F9RK0","msg":"jwt expired"}
{"level":40,"time":1681694781616,"pid":5896,"hostname":"DESKTOP-G8F9RK0","msg":"la tabla \"productos\" ya existe. no se realizaron cambios"}
{"level":40,"time":1681694781626,"pid":5896,"hostname":"DESKTOP-G8F9RK0","msg":"la tabla \"chat\" ya existe. no se realizaron cambios"}
{"level":40,"time":1681694858592,"pid":12796,"hostname":"DESKTOP-G8F9RK0","msg":"la tabla \"productos\" ya existe. no se realizaron cambios"}
{"level":40,"time":1681694858598,"pid":12796,"hostname":"DESKTOP-G8F9RK0","msg":"la tabla \"chat\" ya existe. no se realizaron cambios"}
{"level":50,"time":1681694859519,"pid":12796,"hostname":"DESKTOP-G8F9RK0","msg":"jwt expired"}
{"level":40,"time":1681694970200,"pid":11900,"hostname":"DESKTOP-G8F9RK0","msg":"la tabla \"productos\" ya existe. no se realizaron cambios"}
{"level":40,"time":1681694970215,"pid":11900,"hostname":"DESKTOP-G8F9RK0","msg":"la tabla \"chat\" ya existe. no se realizaron cambios"}
{"level":50,"time":1681694976667,"pid":11900,"hostname":"DESKTOP-G8F9RK0","msg":"jwt expired"}
{"level":40,"time":1681695073493,"pid":10860,"hostname":"DESKTOP-G8F9RK0","msg":"la tabla \"productos\" ya existe. no se realizaron cambios"}
{"level":40,"time":1681695073497,"pid":10860,"hostname":"DESKTOP-G8F9RK0","msg":"la tabla \"chat\" ya existe. no se realizaron cambios"}
{"level":40,"time":1681695170837,"pid":6888,"hostname":"DESKTOP-G8F9RK0","msg":"la tabla \"productos\" ya existe. no se realizaron cambios"}
{"level":40,"time":1681695170842,"pid":6888,"hostname":"DESKTOP-G8F9RK0","msg":"la tabla \"chat\" ya existe. no se realizaron cambios"}
{"level":50,"time":1681695172857,"pid":6888,"hostname":"DESKTOP-G8F9RK0","msg":"jwt expired"}
{"level":40,"time":1681695235691,"pid":10900,"hostname":"DESKTOP-G8F9RK0","msg":"la tabla \"productos\" ya existe. no se realizaron cambios"}
{"level":40,"time":1681695235697,"pid":10900,"hostname":"DESKTOP-G8F9RK0","msg":"la tabla \"chat\" ya existe. no se realizaron cambios"}
{"level":50,"time":1681695236202,"pid":10900,"hostname":"DESKTOP-G8F9RK0","msg":"jwt expired"}
{"level":40,"time":1681695290812,"pid":6108,"hostname":"DESKTOP-G8F9RK0","msg":"la tabla \"productos\" ya existe. no se realizaron cambios"}
{"level":40,"time":1681695290816,"pid":6108,"hostname":"DESKTOP-G8F9RK0","msg":"la tabla \"chat\" ya existe. no se realizaron cambios"}
{"level":50,"time":1681695291104,"pid":6108,"hostname":"DESKTOP-G8F9RK0","msg":"jwt expired"}
{"level":50,"time":1681695298844,"pid":6108,"hostname":"DESKTOP-G8F9RK0","msg":"jwt expired"}
{"level":40,"time":1681695371952,"pid":12736,"hostname":"DESKTOP-G8F9RK0","msg":"la tabla \"productos\" ya existe. no se realizaron cambios"}
{"level":40,"time":1681695371957,"pid":12736,"hostname":"DESKTOP-G8F9RK0","msg":"la tabla \"chat\" ya existe. no se realizaron cambios"}
{"level":50,"time":1681695395306,"pid":12736,"hostname":"DESKTOP-G8F9RK0","msg":"jwt expired"}
{"level":40,"time":1681695487544,"pid":13168,"hostname":"DESKTOP-G8F9RK0","msg":"la tabla \"productos\" ya existe. no se realizaron cambios"}
{"level":40,"time":1681695487547,"pid":13168,"hostname":"DESKTOP-G8F9RK0","msg":"la tabla \"chat\" ya existe. no se realizaron cambios"}
{"level":50,"time":1681695493248,"pid":13168,"hostname":"DESKTOP-G8F9RK0","msg":"jwt expired"}
{"level":40,"time":1681695573031,"pid":2644,"hostname":"DESKTOP-G8F9RK0","msg":"la tabla \"productos\" ya existe. no se realizaron cambios"}
{"level":40,"time":1681695573037,"pid":2644,"hostname":"DESKTOP-G8F9RK0","msg":"la tabla \"chat\" ya existe. no se realizaron cambios"}
{"level":40,"time":1681695652454,"pid":8744,"hostname":"DESKTOP-G8F9RK0","msg":"la tabla \"productos\" ya existe. no se realizaron cambios"}
{"level":40,"time":1681695652456,"pid":8744,"hostname":"DESKTOP-G8F9RK0","msg":"la tabla \"chat\" ya existe. no se realizaron cambios"}
{"level":50,"time":1681695653274,"pid":8744,"hostname":"DESKTOP-G8F9RK0","msg":"jwt expired"}
{"level":50,"time":1681695736576,"pid":8744,"hostname":"DESKTOP-G8F9RK0","msg":"jwt expired"}
{"level":40,"time":1681695807338,"pid":12216,"hostname":"DESKTOP-G8F9RK0","msg":"la tabla \"productos\" ya existe. no se realizaron cambios"}
{"level":40,"time":1681695807344,"pid":12216,"hostname":"DESKTOP-G8F9RK0","msg":"la tabla \"chat\" ya existe. no se realizaron cambios"}
{"level":50,"time":1681695813793,"pid":12216,"hostname":"DESKTOP-G8F9RK0","msg":"jwt expired"}
{"level":40,"time":1681730971706,"pid":10172,"hostname":"DESKTOP-G8F9RK0","msg":"la tabla \"productos\" ya existe. no se realizaron cambios"}
{"level":40,"time":1681730971709,"pid":10172,"hostname":"DESKTOP-G8F9RK0","msg":"la tabla \"chat\" ya existe. no se realizaron cambios"}
{"level":40,"time":1681730998709,"pid":9268,"hostname":"DESKTOP-G8F9RK0","msg":"la tabla \"productos\" ya existe. no se realizaron cambios"}
{"level":40,"time":1681730998712,"pid":9268,"hostname":"DESKTOP-G8F9RK0","msg":"la tabla \"chat\" ya existe. no se realizaron cambios"}
{"level":40,"time":1681731070900,"pid":11400,"hostname":"DESKTOP-G8F9RK0","msg":"la tabla \"productos\" ya existe. no se realizaron cambios"}
{"level":40,"time":1681731070907,"pid":11400,"hostname":"DESKTOP-G8F9RK0","msg":"la tabla \"chat\" ya existe. no se realizaron cambios"}
{"level":40,"time":1681731104938,"pid":11400,"hostname":"DESKTOP-G8F9RK0","msg":"Le queda (46064) segundos para que la sesión se expire"}
{"level":40,"time":1681731178847,"pid":284,"hostname":"DESKTOP-G8F9RK0","msg":"la tabla \"productos\" ya existe. no se realizaron cambios"}
{"level":40,"time":1681731178849,"pid":284,"hostname":"DESKTOP-G8F9RK0","msg":"la tabla \"chat\" ya existe. no se realizaron cambios"}
{"level":40,"time":1681731234547,"pid":2536,"hostname":"DESKTOP-G8F9RK0","msg":"la tabla \"productos\" ya existe. no se realizaron cambios"}
{"level":40,"time":1681731234550,"pid":2536,"hostname":"DESKTOP-G8F9RK0","msg":"la tabla \"chat\" ya existe. no se realizaron cambios"}
{"level":40,"time":1681731255892,"pid":2536,"hostname":"DESKTOP-G8F9RK0","msg":"Le queda (47109) segundos para que la sesión se expire"}
{"level":40,"time":1681731366266,"pid":9828,"hostname":"DESKTOP-G8F9RK0","msg":"la tabla \"productos\" ya existe. no se realizaron cambios"}
{"level":40,"time":1681731366269,"pid":9828,"hostname":"DESKTOP-G8F9RK0","msg":"la tabla \"chat\" ya existe. no se realizaron cambios"}
{"level":40,"time":1681731491218,"pid":11944,"hostname":"DESKTOP-G8F9RK0","msg":"la tabla \"productos\" ya existe. no se realizaron cambios"}
{"level":40,"time":1681731491221,"pid":11944,"hostname":"DESKTOP-G8F9RK0","msg":"la tabla \"chat\" ya existe. no se realizaron cambios"}
{"level":50,"time":1681731491999,"pid":11944,"hostname":"DESKTOP-G8F9RK0","msg":"mensaje is not defined"}
{"level":40,"time":1681731642474,"pid":7492,"hostname":"DESKTOP-G8F9RK0","msg":"la tabla \"productos\" ya existe. no se realizaron cambios"}
{"level":40,"time":1681731642476,"pid":7492,"hostname":"DESKTOP-G8F9RK0","msg":"la tabla \"chat\" ya existe. no se realizaron cambios"}
{"level":40,"time":1681731852273,"pid":5712,"hostname":"DESKTOP-G8F9RK0","msg":"la tabla \"productos\" ya existe. no se realizaron cambios"}
{"level":40,"time":1681731852275,"pid":5712,"hostname":"DESKTOP-G8F9RK0","msg":"la tabla \"chat\" ya existe. no se realizaron cambios"}
{"level":50,"time":1681731854438,"pid":5712,"hostname":"DESKTOP-G8F9RK0","msg":"jwt expired"}
{"level":40,"time":1681731888529,"pid":7568,"hostname":"DESKTOP-G8F9RK0","msg":"la tabla \"productos\" ya existe. no se realizaron cambios"}
{"level":40,"time":1681731888532,"pid":7568,"hostname":"DESKTOP-G8F9RK0","msg":"la tabla \"chat\" ya existe. no se realizaron cambios"}
{"level":40,"time":1681731904139,"pid":7568,"hostname":"DESKTOP-G8F9RK0","msg":"Le queda (47.862) segundos para que la sesión se expire"}
{"level":40,"time":1681732008936,"pid":6128,"hostname":"DESKTOP-G8F9RK0","msg":"la tabla \"productos\" ya existe. no se realizaron cambios"}
{"level":40,"time":1681732008939,"pid":6128,"hostname":"DESKTOP-G8F9RK0","msg":"la tabla \"chat\" ya existe. no se realizaron cambios"}
{"level":50,"time":1681732013880,"pid":6128,"hostname":"DESKTOP-G8F9RK0","msg":"jwt expired"}
{"level":40,"time":1681732029454,"pid":6128,"hostname":"DESKTOP-G8F9RK0","msg":"Le queda (49.547) segundos para que la sesión se expire"}
{"level":40,"time":1681732076483,"pid":7520,"hostname":"DESKTOP-G8F9RK0","msg":"la tabla \"productos\" ya existe. no se realizaron cambios"}
{"level":40,"time":1681732076485,"pid":7520,"hostname":"DESKTOP-G8F9RK0","msg":"la tabla \"chat\" ya existe. no se realizaron cambios"}
{"level":40,"time":1681732076705,"pid":7520,"hostname":"DESKTOP-G8F9RK0","msg":"Le queda (2.296) segundos para que la sesión se expire"}
{"level":50,"time":1681732085055,"pid":7520,"hostname":"DESKTOP-G8F9RK0","msg":"jwt expired"}
{"level":40,"time":1681732104959,"pid":3764,"hostname":"DESKTOP-G8F9RK0","msg":"la tabla \"productos\" ya existe. no se realizaron cambios"}
{"level":40,"time":1681732104962,"pid":3764,"hostname":"DESKTOP-G8F9RK0","msg":"la tabla \"chat\" ya existe. no se realizaron cambios"}
{"level":50,"time":1681732125101,"pid":3764,"hostname":"DESKTOP-G8F9RK0","msg":"jwt expired"}
{"level":40,"time":1681732213432,"pid":10056,"hostname":"DESKTOP-G8F9RK0","msg":"la tabla \"productos\" ya existe. no se realizaron cambios"}
{"level":40,"time":1681732213435,"pid":10056,"hostname":"DESKTOP-G8F9RK0","msg":"la tabla \"chat\" ya existe. no se realizaron cambios"}
{"level":50,"time":1681732214345,"pid":10056,"hostname":"DESKTOP-G8F9RK0","msg":"jwt expired"}
{"level":50,"time":1681732232217,"pid":10056,"hostname":"DESKTOP-G8F9RK0","msg":"invalid signature"}
{"level":40,"time":1681732254690,"pid":10056,"hostname":"DESKTOP-G8F9RK0","msg":"Le queda (46.312) segundos para que la sesión se expire"}
{"level":40,"time":1681732261209,"pid":10056,"hostname":"DESKTOP-G8F9RK0","msg":"Le queda (39.794) segundos para que la sesión se expire"}
{"level":40,"time":1681732271086,"pid":10056,"hostname":"DESKTOP-G8F9RK0","msg":"Le queda (29.916) segundos para que la sesión se expire"}
{"level":40,"time":1681732277788,"pid":10056,"hostname":"DESKTOP-G8F9RK0","msg":"Le queda (23.215) segundos para que la sesión se expire"}
{"level":40,"time":1681732286351,"pid":10056,"hostname":"DESKTOP-G8F9RK0","msg":"Le queda (14.65) segundos para que la sesión se expire"}
{"level":40,"time":1681732292973,"pid":10056,"hostname":"DESKTOP-G8F9RK0","msg":"Le queda (8.028) segundos para que la sesión se expire"}
{"level":40,"time":1681732298318,"pid":10056,"hostname":"DESKTOP-G8F9RK0","msg":"Le queda (2.684) segundos para que la sesión se expire"}
{"level":50,"time":1681732302798,"pid":10056,"hostname":"DESKTOP-G8F9RK0","msg":"jwt expired"}
{"level":40,"time":1681732391845,"pid":6516,"hostname":"DESKTOP-G8F9RK0","msg":"la tabla \"productos\" ya existe. no se realizaron cambios"}
{"level":40,"time":1681732391848,"pid":6516,"hostname":"DESKTOP-G8F9RK0","msg":"la tabla \"chat\" ya existe. no se realizaron cambios"}
{"level":40,"time":1681732402641,"pid":6516,"hostname":"DESKTOP-G8F9RK0","msg":"Le queda (49) segundos para que la sesion se expire"}
{"level":40,"time":1681732427050,"pid":2504,"hostname":"DESKTOP-G8F9RK0","msg":"la tabla \"productos\" ya existe. no se realizaron cambios"}
{"level":40,"time":1681732427053,"pid":2504,"hostname":"DESKTOP-G8F9RK0","msg":"la tabla \"chat\" ya existe. no se realizaron cambios"}
{"level":40,"time":1681732617879,"pid":7536,"hostname":"DESKTOP-G8F9RK0","msg":"la tabla \"productos\" ya existe. no se realizaron cambios"}
{"level":40,"time":1681732617882,"pid":7536,"hostname":"DESKTOP-G8F9RK0","msg":"la tabla \"chat\" ya existe. no se realizaron cambios"}
{"level":50,"time":1681732653436,"pid":7536,"hostname":"DESKTOP-G8F9RK0","msg":"jwt expired"}
{"level":50,"time":1681732662926,"pid":7536,"hostname":"DESKTOP-G8F9RK0","msg":"jwt expired"}
{"level":40,"time":1681732718287,"pid":9360,"hostname":"DESKTOP-G8F9RK0","msg":"la tabla \"productos\" ya existe. no se realizaron cambios"}
{"level":40,"time":1681732718290,"pid":9360,"hostname":"DESKTOP-G8F9RK0","msg":"la tabla \"chat\" ya existe. no se realizaron cambios"}
{"level":50,"time":1681732719153,"pid":9360,"hostname":"DESKTOP-G8F9RK0","msg":"jwt expired"}
{"level":50,"time":1681732729738,"pid":9360,"hostname":"DESKTOP-G8F9RK0","msg":"jwt expired"}
{"level":40,"time":1681732774905,"pid":9360,"hostname":"DESKTOP-G8F9RK0","msg":"Le queda (86383) segundos para que la sesion se expire"}
{"level":40,"time":1681733742329,"pid":10436,"hostname":"DESKTOP-G8F9RK0","msg":"la tabla \"productos\" ya existe. no se realizaron cambios"}
{"level":40,"time":1681733742332,"pid":10436,"hostname":"DESKTOP-G8F9RK0","msg":"la tabla \"chat\" ya existe. no se realizaron cambios"}
{"level":40,"time":1681733763950,"pid":9668,"hostname":"DESKTOP-G8F9RK0","msg":"la tabla \"productos\" ya existe. no se realizaron cambios"}
{"level":40,"time":1681733763955,"pid":9668,"hostname":"DESKTOP-G8F9RK0","msg":"la tabla \"chat\" ya existe. no se realizaron cambios"}
{"level":40,"time":1681733814574,"pid":10256,"hostname":"DESKTOP-G8F9RK0","msg":"la tabla \"productos\" ya existe. no se realizaron cambios"}
{"level":40,"time":1681733814578,"pid":10256,"hostname":"DESKTOP-G8F9RK0","msg":"la tabla \"chat\" ya existe. no se realizaron cambios"}
{"level":40,"time":1681733837971,"pid":32,"hostname":"DESKTOP-G8F9RK0","msg":"la tabla \"productos\" ya existe. no se realizaron cambios"}
{"level":40,"time":1681733837974,"pid":32,"hostname":"DESKTOP-G8F9RK0","msg":"la tabla \"chat\" ya existe. no se realizaron cambios"}
{"level":40,"time":1681733882640,"pid":4020,"hostname":"DESKTOP-G8F9RK0","msg":"la tabla \"productos\" ya existe. no se realizaron cambios"}
{"level":40,"time":1681733882642,"pid":4020,"hostname":"DESKTOP-G8F9RK0","msg":"la tabla \"chat\" ya existe. no se realizaron cambios"}
{"level":40,"time":1681733913093,"pid":6676,"hostname":"DESKTOP-G8F9RK0","msg":"la tabla \"productos\" ya existe. no se realizaron cambios"}
{"level":40,"time":1681733913096,"pid":6676,"hostname":"DESKTOP-G8F9RK0","msg":"la tabla \"chat\" ya existe. no se realizaron cambios"}
{"level":40,"time":1681733933081,"pid":5672,"hostname":"DESKTOP-G8F9RK0","msg":"la tabla \"productos\" ya existe. no se realizaron cambios"}
{"level":40,"time":1681733933084,"pid":5672,"hostname":"DESKTOP-G8F9RK0","msg":"la tabla \"chat\" ya existe. no se realizaron cambios"}
{"level":40,"time":1681734088680,"pid":2988,"hostname":"DESKTOP-G8F9RK0","msg":"la tabla \"productos\" ya existe. no se realizaron cambios"}
{"level":40,"time":1681734088683,"pid":2988,"hostname":"DESKTOP-G8F9RK0","msg":"la tabla \"chat\" ya existe. no se realizaron cambios"}
{"level":40,"time":1681734162392,"pid":7248,"hostname":"DESKTOP-G8F9RK0","msg":"la tabla \"productos\" ya existe. no se realizaron cambios"}
{"level":40,"time":1681734162394,"pid":7248,"hostname":"DESKTOP-G8F9RK0","msg":"la tabla \"chat\" ya existe. no se realizaron cambios"}
{"level":40,"time":1681742031888,"pid":3912,"hostname":"DESKTOP-G8F9RK0","msg":"la tabla \"productos\" ya existe. no se realizaron cambios"}
{"level":40,"time":1681742031891,"pid":3912,"hostname":"DESKTOP-G8F9RK0","msg":"la tabla \"chat\" ya existe. no se realizaron cambios"}
{"level":50,"time":1681742072429,"pid":3912,"hostname":"DESKTOP-G8F9RK0","msg":"Cannot set headers after they are sent to the client"}
{"level":50,"time":1681742104476,"pid":3912,"hostname":"DESKTOP-G8F9RK0","msg":"Cannot set headers after they are sent to the client"}
{"level":40,"time":1681742282005,"pid":11560,"hostname":"DESKTOP-G8F9RK0","msg":"la tabla \"productos\" ya existe. no se realizaron cambios"}
{"level":40,"time":1681742282008,"pid":11560,"hostname":"DESKTOP-G8F9RK0","msg":"la tabla \"chat\" ya existe. no se realizaron cambios"}
{"level":40,"time":1681742313644,"pid":12820,"hostname":"DESKTOP-G8F9RK0","msg":"la tabla \"productos\" ya existe. no se realizaron cambios"}
{"level":40,"time":1681742313647,"pid":12820,"hostname":"DESKTOP-G8F9RK0","msg":"la tabla \"chat\" ya existe. no se realizaron cambios"}
{"level":50,"time":1681742360689,"pid":12820,"hostname":"DESKTOP-G8F9RK0","msg":"Unexpected field"}
{"level":40,"time":1681742429223,"pid":232,"hostname":"DESKTOP-G8F9RK0","msg":"la tabla \"productos\" ya existe. no se realizaron cambios"}
{"level":40,"time":1681742429226,"pid":232,"hostname":"DESKTOP-G8F9RK0","msg":"la tabla \"chat\" ya existe. no se realizaron cambios"}
{"level":40,"time":1681742869881,"pid":4448,"hostname":"DESKTOP-G8F9RK0","msg":"la tabla \"productos\" ya existe. no se realizaron cambios"}
{"level":40,"time":1681742869884,"pid":4448,"hostname":"DESKTOP-G8F9RK0","msg":"la tabla \"chat\" ya existe. no se realizaron cambios"}
{"level":50,"time":1681742914991,"pid":4448,"hostname":"DESKTOP-G8F9RK0","msg":"Unexpected field"}
{"level":40,"time":1681743049104,"pid":13572,"hostname":"DESKTOP-G8F9RK0","msg":"la tabla \"productos\" ya existe. no se realizaron cambios"}
{"level":40,"time":1681743049107,"pid":13572,"hostname":"DESKTOP-G8F9RK0","msg":"la tabla \"chat\" ya existe. no se realizaron cambios"}
{"level":50,"time":1681743050292,"pid":13572,"hostname":"DESKTOP-G8F9RK0","msg":"ENOENT: no such file or directory, open 'C:\\Users\\Usuario\\Desktop\\2022\\CoderHouse\\04 - Backend Página\\25 - trabajo_final\\img\\docente.jpg'"}
{"level":40,"time":1681743128797,"pid":10396,"hostname":"DESKTOP-G8F9RK0","msg":"la tabla \"productos\" ya existe. no se realizaron cambios"}
{"level":40,"time":1681743128800,"pid":10396,"hostname":"DESKTOP-G8F9RK0","msg":"la tabla \"chat\" ya existe. no se realizaron cambios"}
{"level":40,"time":1681743411380,"pid":13904,"hostname":"DESKTOP-G8F9RK0","msg":"la tabla \"productos\" ya existe. no se realizaron cambios"}
{"level":40,"time":1681743411383,"pid":13904,"hostname":"DESKTOP-G8F9RK0","msg":"la tabla \"chat\" ya existe. no se realizaron cambios"}
{"level":40,"time":1681743559175,"pid":14200,"hostname":"DESKTOP-G8F9RK0","msg":"la tabla \"productos\" ya existe. no se realizaron cambios"}
{"level":40,"time":1681743559178,"pid":14200,"hostname":"DESKTOP-G8F9RK0","msg":"la tabla \"chat\" ya existe. no se realizaron cambios"}
{"level":40,"time":1681779065131,"pid":1392,"hostname":"DESKTOP-G8F9RK0","msg":"la tabla \"productos\" ya existe. no se realizaron cambios"}
{"level":40,"time":1681779065135,"pid":1392,"hostname":"DESKTOP-G8F9RK0","msg":"la tabla \"chat\" ya existe. no se realizaron cambios"}
{"level":50,"time":1681779141841,"pid":1392,"hostname":"DESKTOP-G8F9RK0","msg":"jwt expired"}
{"level":50,"time":1681779195678,"pid":1392,"hostname":"DESKTOP-G8F9RK0","msg":"jwt expired"}
{"level":40,"time":1681779225629,"pid":1392,"hostname":"DESKTOP-G8F9RK0","msg":"Le queda (86382) segundos para que la sesion se expire"}
{"level":40,"time":1681779406662,"pid":1392,"hostname":"DESKTOP-G8F9RK0","msg":"Le queda (86384) segundos para que la sesion se expire"}
{"level":40,"time":1681779417028,"pid":1392,"hostname":"DESKTOP-G8F9RK0","msg":"Le queda (86373) segundos para que la sesion se expire"}
{"level":40,"time":1681779479557,"pid":1392,"hostname":"DESKTOP-G8F9RK0","msg":"Le queda (86311) segundos para que la sesion se expire"}
{"level":40,"time":1681779564665,"pid":1392,"hostname":"DESKTOP-G8F9RK0","msg":"Le queda (86337) segundos para que la sesion se expire"}
{"level":40,"time":1681779570663,"pid":1392,"hostname":"DESKTOP-G8F9RK0","msg":"Le queda (86331) segundos para que la sesion se expire"}
{"level":40,"time":1681779577384,"pid":1392,"hostname":"DESKTOP-G8F9RK0","msg":"Le queda (86324) segundos para que la sesion se expire"}
{"level":40,"time":1681779630286,"pid":1392,"hostname":"DESKTOP-G8F9RK0","msg":"Le queda (86271) segundos para que la sesion se expire"}
{"level":50,"time":1681779632945,"pid":1392,"hostname":"DESKTOP-G8F9RK0","code":"EAUTH","response":"535-5.7.8 Username and Password not accepted. Learn more at\n535 5.7.8  https://support.google.com/mail/?p=BadCredentials c3-20020a056830000300b006a5eb4e5a42sm1405853otp.60 - gsmtp","responseCode":535,"command":"AUTH PLAIN","stack":"Error: Invalid login: 535-5.7.8 Username and Password not accepted. Learn more at\n535 5.7.8  https://support.google.com/mail/?p=BadCredentials c3-20020a056830000300b006a5eb4e5a42sm1405853otp.60 - gsmtp\n    at SMTPConnection._formatError (C:\\Users\\Usuario\\Desktop\\2022\\CoderHouse\\04 - Backend Página\\25 - trabajo_final\\node_modules\\nodemailer\\lib\\smtp-connection\\index.js:790:19)\n    at SMTPConnection._actionAUTHComplete (C:\\Users\\Usuario\\Desktop\\2022\\CoderHouse\\04 - Backend Página\\25 - trabajo_final\\node_modules\\nodemailer\\lib\\smtp-connection\\index.js:1548:34)\n    at SMTPConnection.<anonymous> (C:\\Users\\Usuario\\Desktop\\2022\\CoderHouse\\04 - Backend Página\\25 - trabajo_final\\node_modules\\nodemailer\\lib\\smtp-connection\\index.js:546:26)\n    at SMTPConnection._processResponse (C:\\Users\\Usuario\\Desktop\\2022\\CoderHouse\\04 - Backend Página\\25 - trabajo_final\\node_modules\\nodemailer\\lib\\smtp-connection\\index.js:953:20)\n    at SMTPConnection._onData (C:\\Users\\Usuario\\Desktop\\2022\\CoderHouse\\04 - Backend Página\\25 - trabajo_final\\node_modules\\nodemailer\\lib\\smtp-connection\\index.js:755:14)\n    at SMTPConnection._onSocketData (C:\\Users\\Usuario\\Desktop\\2022\\CoderHouse\\04 - Backend Página\\25 - trabajo_final\\node_modules\\nodemailer\\lib\\smtp-connection\\index.js:193:44)\n    at TLSSocket.emit (node:events:513:28)\n    at addChunk (node:internal/streams/readable:324:12)\n    at readableAddChunk (node:internal/streams/readable:297:9)\n    at Readable.push (node:internal/streams/readable:234:10)","type":"Error","msg":"Invalid login: 535-5.7.8 Username and Password not accepted. Learn more at\n535 5.7.8  https://support.google.com/mail/?p=BadCredentials c3-20020a056830000300b006a5eb4e5a42sm1405853otp.60 - gsmtp"}
{"level":40,"time":1681779700598,"pid":1392,"hostname":"DESKTOP-G8F9RK0","msg":"Le queda (86201) segundos para que la sesion se expire"}
{"level":40,"time":1681779738995,"pid":1392,"hostname":"DESKTOP-G8F9RK0","msg":"Le queda (86163) segundos para que la sesion se expire"}
{"level":50,"time":1681779741120,"pid":1392,"hostname":"DESKTOP-G8F9RK0","code":"EAUTH","response":"535-5.7.8 Username and Password not accepted. Learn more at\n535 5.7.8  https://support.google.com/mail/?p=BadCredentials z10-20020a9d7a4a000000b006a4244d2a7asm5049429otm.9 - gsmtp","responseCode":535,"command":"AUTH PLAIN","stack":"Error: Invalid login: 535-5.7.8 Username and Password not accepted. Learn more at\n535 5.7.8  https://support.google.com/mail/?p=BadCredentials z10-20020a9d7a4a000000b006a4244d2a7asm5049429otm.9 - gsmtp\n    at SMTPConnection._formatError (C:\\Users\\Usuario\\Desktop\\2022\\CoderHouse\\04 - Backend Página\\25 - trabajo_final\\node_modules\\nodemailer\\lib\\smtp-connection\\index.js:790:19)\n    at SMTPConnection._actionAUTHComplete (C:\\Users\\Usuario\\Desktop\\2022\\CoderHouse\\04 - Backend Página\\25 - trabajo_final\\node_modules\\nodemailer\\lib\\smtp-connection\\index.js:1548:34)\n    at SMTPConnection.<anonymous> (C:\\Users\\Usuario\\Desktop\\2022\\CoderHouse\\04 - Backend Página\\25 - trabajo_final\\node_modules\\nodemailer\\lib\\smtp-connection\\index.js:546:26)\n    at SMTPConnection._processResponse (C:\\Users\\Usuario\\Desktop\\2022\\CoderHouse\\04 - Backend Página\\25 - trabajo_final\\node_modules\\nodemailer\\lib\\smtp-connection\\index.js:953:20)\n    at SMTPConnection._onData (C:\\Users\\Usuario\\Desktop\\2022\\CoderHouse\\04 - Backend Página\\25 - trabajo_final\\node_modules\\nodemailer\\lib\\smtp-connection\\index.js:755:14)\n    at SMTPConnection._onSocketData (C:\\Users\\Usuario\\Desktop\\2022\\CoderHouse\\04 - Backend Página\\25 - trabajo_final\\node_modules\\nodemailer\\lib\\smtp-connection\\index.js:193:44)\n    at TLSSocket.emit (node:events:513:28)\n    at addChunk (node:internal/streams/readable:324:12)\n    at readableAddChunk (node:internal/streams/readable:297:9)\n    at Readable.push (node:internal/streams/readable:234:10)","type":"Error","msg":"Invalid login: 535-5.7.8 Username and Password not accepted. Learn more at\n535 5.7.8  https://support.google.com/mail/?p=BadCredentials z10-20020a9d7a4a000000b006a4244d2a7asm5049429otm.9 - gsmtp"}
{"level":40,"time":1681780157509,"pid":8256,"hostname":"DESKTOP-G8F9RK0","msg":"la tabla \"productos\" ya existe. no se realizaron cambios"}
{"level":40,"time":1681780157511,"pid":8256,"hostname":"DESKTOP-G8F9RK0","msg":"la tabla \"chat\" ya existe. no se realizaron cambios"}
{"level":40,"time":1681780163248,"pid":8256,"hostname":"DESKTOP-G8F9RK0","msg":"Le queda (85444) segundos para que la sesion se expire"}
{"level":40,"time":1681780213125,"pid":10796,"hostname":"DESKTOP-G8F9RK0","msg":"la tabla \"productos\" ya existe. no se realizaron cambios"}
{"level":40,"time":1681780213127,"pid":10796,"hostname":"DESKTOP-G8F9RK0","msg":"la tabla \"chat\" ya existe. no se realizaron cambios"}
{"level":40,"time":1681780215216,"pid":10796,"hostname":"DESKTOP-G8F9RK0","msg":"Le queda (85392) segundos para que la sesion se expire"}
{"level":40,"time":1681780283448,"pid":4212,"hostname":"DESKTOP-G8F9RK0","msg":"la tabla \"productos\" ya existe. no se realizaron cambios"}
{"level":40,"time":1681780283451,"pid":4212,"hostname":"DESKTOP-G8F9RK0","msg":"la tabla \"chat\" ya existe. no se realizaron cambios"}
{"level":40,"time":1681780284848,"pid":4212,"hostname":"DESKTOP-G8F9RK0","msg":"Le queda (85323) segundos para que la sesion se expire"}
{"level":40,"time":1681780332585,"pid":1936,"hostname":"DESKTOP-G8F9RK0","msg":"la tabla \"productos\" ya existe. no se realizaron cambios"}
{"level":40,"time":1681780332588,"pid":1936,"hostname":"DESKTOP-G8F9RK0","msg":"la tabla \"chat\" ya existe. no se realizaron cambios"}
{"level":40,"time":1681780337414,"pid":1936,"hostname":"DESKTOP-G8F9RK0","msg":"Le queda (85270) segundos para que la sesion se expire"}
{"level":40,"time":1681780359528,"pid":9212,"hostname":"DESKTOP-G8F9RK0","msg":"la tabla \"productos\" ya existe. no se realizaron cambios"}
{"level":40,"time":1681780359531,"pid":9212,"hostname":"DESKTOP-G8F9RK0","msg":"la tabla \"chat\" ya existe. no se realizaron cambios"}
{"level":40,"time":1681780378874,"pid":9212,"hostname":"DESKTOP-G8F9RK0","msg":"Le queda (86382) segundos para que la sesion se expire"}
{"level":40,"time":1681780643783,"pid":8096,"hostname":"DESKTOP-G8F9RK0","msg":"la tabla \"productos\" ya existe. no se realizaron cambios"}
{"level":40,"time":1681780643785,"pid":8096,"hostname":"DESKTOP-G8F9RK0","msg":"la tabla \"chat\" ya existe. no se realizaron cambios"}
{"level":40,"time":1681780647159,"pid":8096,"hostname":"DESKTOP-G8F9RK0","msg":"Le queda (86113) segundos para que la sesion se expire"}
{"level":40,"time":1681780781597,"pid":3892,"hostname":"DESKTOP-G8F9RK0","msg":"la tabla \"productos\" ya existe. no se realizaron cambios"}
{"level":40,"time":1681780781599,"pid":3892,"hostname":"DESKTOP-G8F9RK0","msg":"la tabla \"chat\" ya existe. no se realizaron cambios"}
{"level":40,"time":1681780782655,"pid":3892,"hostname":"DESKTOP-G8F9RK0","msg":"Le queda (85978) segundos para que la sesion se expire"}
{"level":40,"time":1681780842818,"pid":10796,"hostname":"DESKTOP-G8F9RK0","msg":"la tabla \"productos\" ya existe. no se realizaron cambios"}
{"level":40,"time":1681780842821,"pid":10796,"hostname":"DESKTOP-G8F9RK0","msg":"la tabla \"chat\" ya existe. no se realizaron cambios"}
{"level":40,"time":1681780846600,"pid":10796,"hostname":"DESKTOP-G8F9RK0","msg":"Le queda (85914) segundos para que la sesion se expire"}
{"level":40,"time":1681780887295,"pid":10532,"hostname":"DESKTOP-G8F9RK0","msg":"la tabla \"productos\" ya existe. no se realizaron cambios"}
{"level":40,"time":1681780887299,"pid":10532,"hostname":"DESKTOP-G8F9RK0","msg":"la tabla \"chat\" ya existe. no se realizaron cambios"}
{"level":40,"time":1681780888245,"pid":10532,"hostname":"DESKTOP-G8F9RK0","msg":"Le queda (85872) segundos para que la sesion se expire"}
{"level":40,"time":1681780968503,"pid":8360,"hostname":"DESKTOP-G8F9RK0","msg":"la tabla \"productos\" ya existe. no se realizaron cambios"}
{"level":40,"time":1681780968506,"pid":8360,"hostname":"DESKTOP-G8F9RK0","msg":"la tabla \"chat\" ya existe. no se realizaron cambios"}
{"level":40,"time":1681780970642,"pid":8360,"hostname":"DESKTOP-G8F9RK0","msg":"Le queda (85790) segundos para que la sesion se expire"}
{"level":40,"time":1681781024661,"pid":8332,"hostname":"DESKTOP-G8F9RK0","msg":"la tabla \"productos\" ya existe. no se realizaron cambios"}
{"level":40,"time":1681781024663,"pid":8332,"hostname":"DESKTOP-G8F9RK0","msg":"la tabla \"chat\" ya existe. no se realizaron cambios"}
{"level":40,"time":1681781027991,"pid":8332,"hostname":"DESKTOP-G8F9RK0","msg":"Le queda (85733) segundos para que la sesion se expire"}
{"level":40,"time":1681781107330,"pid":4212,"hostname":"DESKTOP-G8F9RK0","msg":"la tabla \"productos\" ya existe. no se realizaron cambios"}
{"level":40,"time":1681781107332,"pid":4212,"hostname":"DESKTOP-G8F9RK0","msg":"la tabla \"chat\" ya existe. no se realizaron cambios"}
{"level":40,"time":1681781108174,"pid":4212,"hostname":"DESKTOP-G8F9RK0","msg":"Le queda (85652) segundos para que la sesion se expire"}
{"level":40,"time":1681781173669,"pid":1828,"hostname":"DESKTOP-G8F9RK0","msg":"la tabla \"productos\" ya existe. no se realizaron cambios"}
{"level":40,"time":1681781173672,"pid":1828,"hostname":"DESKTOP-G8F9RK0","msg":"la tabla \"chat\" ya existe. no se realizaron cambios"}
{"level":40,"time":1681781175072,"pid":1828,"hostname":"DESKTOP-G8F9RK0","msg":"Le queda (85585) segundos para que la sesion se expire"}
{"level":40,"time":1681781257091,"pid":2484,"hostname":"DESKTOP-G8F9RK0","msg":"la tabla \"productos\" ya existe. no se realizaron cambios"}
{"level":40,"time":1681781257093,"pid":2484,"hostname":"DESKTOP-G8F9RK0","msg":"la tabla \"chat\" ya existe. no se realizaron cambios"}
{"level":40,"time":1681781257875,"pid":2484,"hostname":"DESKTOP-G8F9RK0","msg":"Le queda (85503) segundos para que la sesion se expire"}
{"level":40,"time":1681781299819,"pid":2428,"hostname":"DESKTOP-G8F9RK0","msg":"la tabla \"productos\" ya existe. no se realizaron cambios"}
{"level":40,"time":1681781299824,"pid":2428,"hostname":"DESKTOP-G8F9RK0","msg":"la tabla \"chat\" ya existe. no se realizaron cambios"}
{"level":40,"time":1681781303159,"pid":2428,"hostname":"DESKTOP-G8F9RK0","msg":"Le queda (85457) segundos para que la sesion se expire"}
{"level":40,"time":1681781384648,"pid":10912,"hostname":"DESKTOP-G8F9RK0","msg":"la tabla \"productos\" ya existe. no se realizaron cambios"}
{"level":40,"time":1681781384651,"pid":10912,"hostname":"DESKTOP-G8F9RK0","msg":"la tabla \"chat\" ya existe. no se realizaron cambios"}
{"level":40,"time":1681781386576,"pid":10912,"hostname":"DESKTOP-G8F9RK0","msg":"Le queda (85374) segundos para que la sesion se expire"}
{"level":40,"time":1681781482302,"pid":4244,"hostname":"DESKTOP-G8F9RK0","msg":"la tabla \"productos\" ya existe. no se realizaron cambios"}
{"level":40,"time":1681781482304,"pid":4244,"hostname":"DESKTOP-G8F9RK0","msg":"la tabla \"chat\" ya existe. no se realizaron cambios"}
{"level":40,"time":1681781483547,"pid":4244,"hostname":"DESKTOP-G8F9RK0","msg":"Le queda (85277) segundos para que la sesion se expire"}
{"level":40,"time":1681781532686,"pid":2516,"hostname":"DESKTOP-G8F9RK0","msg":"la tabla \"productos\" ya existe. no se realizaron cambios"}
{"level":40,"time":1681781532689,"pid":2516,"hostname":"DESKTOP-G8F9RK0","msg":"la tabla \"chat\" ya existe. no se realizaron cambios"}
{"level":40,"time":1681781539585,"pid":2516,"hostname":"DESKTOP-G8F9RK0","msg":"Le queda (85221) segundos para que la sesion se expire"}
{"level":40,"time":1681781550325,"pid":2516,"hostname":"DESKTOP-G8F9RK0","msg":"Le queda (85210) segundos para que la sesion se expire"}
{"level":40,"time":1681781592728,"pid":9276,"hostname":"DESKTOP-G8F9RK0","msg":"la tabla \"productos\" ya existe. no se realizaron cambios"}
{"level":40,"time":1681781592731,"pid":9276,"hostname":"DESKTOP-G8F9RK0","msg":"la tabla \"chat\" ya existe. no se realizaron cambios"}
{"level":40,"time":1681781593359,"pid":9276,"hostname":"DESKTOP-G8F9RK0","msg":"Le queda (85167) segundos para que la sesion se expire"}
{"level":40,"time":1681781611049,"pid":10512,"hostname":"DESKTOP-G8F9RK0","msg":"la tabla \"productos\" ya existe. no se realizaron cambios"}
{"level":40,"time":1681781611052,"pid":10512,"hostname":"DESKTOP-G8F9RK0","msg":"la tabla \"chat\" ya existe. no se realizaron cambios"}
{"level":40,"time":1681781611497,"pid":10512,"hostname":"DESKTOP-G8F9RK0","msg":"Le queda (85149) segundos para que la sesion se expire"}
{"level":40,"time":1681781735479,"pid":3148,"hostname":"DESKTOP-G8F9RK0","msg":"la tabla \"productos\" ya existe. no se realizaron cambios"}
{"level":40,"time":1681781735481,"pid":3148,"hostname":"DESKTOP-G8F9RK0","msg":"la tabla \"chat\" ya existe. no se realizaron cambios"}
{"level":40,"time":1681781736409,"pid":3148,"hostname":"DESKTOP-G8F9RK0","msg":"Le queda (85024) segundos para que la sesion se expire"}
{"level":40,"time":1681781861129,"pid":5088,"hostname":"DESKTOP-G8F9RK0","msg":"la tabla \"productos\" ya existe. no se realizaron cambios"}
{"level":40,"time":1681781861131,"pid":5088,"hostname":"DESKTOP-G8F9RK0","msg":"la tabla \"chat\" ya existe. no se realizaron cambios"}
{"level":40,"time":1681781862821,"pid":5088,"hostname":"DESKTOP-G8F9RK0","msg":"Le queda (84898) segundos para que la sesion se expire"}
{"level":40,"time":1681782407761,"pid":3128,"hostname":"DESKTOP-G8F9RK0","msg":"la tabla \"productos\" ya existe. no se realizaron cambios"}
{"level":40,"time":1681782407764,"pid":3128,"hostname":"DESKTOP-G8F9RK0","msg":"la tabla \"chat\" ya existe. no se realizaron cambios"}
{"level":40,"time":1681782408700,"pid":3128,"hostname":"DESKTOP-G8F9RK0","msg":"Le queda (84352) segundos para que la sesion se expire"}
{"level":40,"time":1681782430839,"pid":3128,"hostname":"DESKTOP-G8F9RK0","msg":"Le queda (84330) segundos para que la sesion se expire"}
{"level":40,"time":1681782491392,"pid":3128,"hostname":"DESKTOP-G8F9RK0","msg":"Le queda (84269) segundos para que la sesion se expire"}
{"level":40,"time":1681782540820,"pid":3128,"hostname":"DESKTOP-G8F9RK0","msg":"Le queda (84220) segundos para que la sesion se expire"}
{"level":40,"time":1681782572990,"pid":3128,"hostname":"DESKTOP-G8F9RK0","msg":"Le queda (84188) segundos para que la sesion se expire"}
{"level":40,"time":1681782646725,"pid":9504,"hostname":"DESKTOP-G8F9RK0","msg":"la tabla \"productos\" ya existe. no se realizaron cambios"}
{"level":40,"time":1681782646728,"pid":9504,"hostname":"DESKTOP-G8F9RK0","msg":"la tabla \"chat\" ya existe. no se realizaron cambios"}
{"level":40,"time":1681782819389,"pid":9004,"hostname":"DESKTOP-G8F9RK0","msg":"la tabla \"productos\" ya existe. no se realizaron cambios"}
{"level":40,"time":1681782819392,"pid":9004,"hostname":"DESKTOP-G8F9RK0","msg":"la tabla \"chat\" ya existe. no se realizaron cambios"}
{"level":50,"time":1681782834890,"pid":9004,"hostname":"DESKTOP-G8F9RK0","msg":"jwt expired"}
{"level":40,"time":1681782890903,"pid":9004,"hostname":"DESKTOP-G8F9RK0","msg":"Le queda (86382) segundos para que la sesion se expire"}
{"level":40,"time":1681783487598,"pid":9748,"hostname":"DESKTOP-G8F9RK0","msg":"la tabla \"productos\" ya existe. no se realizaron cambios"}
{"level":40,"time":1681783487601,"pid":9748,"hostname":"DESKTOP-G8F9RK0","msg":"la tabla \"chat\" ya existe. no se realizaron cambios"}
{"level":40,"time":1681783569249,"pid":9748,"hostname":"DESKTOP-G8F9RK0","msg":"Le queda (82332) segundos para que la sesion se expire"}
{"level":40,"time":1681783578022,"pid":9748,"hostname":"DESKTOP-G8F9RK0","msg":"Le queda (82323) segundos para que la sesion se expire"}
{"level":50,"time":1681783580795,"pid":9748,"hostname":"DESKTOP-G8F9RK0","code":"EAUTH","response":"535-5.7.8 Username and Password not accepted. Learn more at\n535 5.7.8  https://support.google.com/mail/?p=BadCredentials q62-20020a4a4b41000000b00541854d066bsm5378287ooa.10 - gsmtp","responseCode":535,"command":"AUTH PLAIN","stack":"Error: Invalid login: 535-5.7.8 Username and Password not accepted. Learn more at\n535 5.7.8  https://support.google.com/mail/?p=BadCredentials q62-20020a4a4b41000000b00541854d066bsm5378287ooa.10 - gsmtp\n    at SMTPConnection._formatError (C:\\Users\\Usuario\\Desktop\\2022\\CoderHouse\\04 - Backend Página\\25 - trabajo_final\\node_modules\\nodemailer\\lib\\smtp-connection\\index.js:790:19)\n    at SMTPConnection._actionAUTHComplete (C:\\Users\\Usuario\\Desktop\\2022\\CoderHouse\\04 - Backend Página\\25 - trabajo_final\\node_modules\\nodemailer\\lib\\smtp-connection\\index.js:1548:34)\n    at SMTPConnection.<anonymous> (C:\\Users\\Usuario\\Desktop\\2022\\CoderHouse\\04 - Backend Página\\25 - trabajo_final\\node_modules\\nodemailer\\lib\\smtp-connection\\index.js:546:26)\n    at SMTPConnection._processResponse (C:\\Users\\Usuario\\Desktop\\2022\\CoderHouse\\04 - Backend Página\\25 - trabajo_final\\node_modules\\nodemailer\\lib\\smtp-connection\\index.js:953:20)\n    at SMTPConnection._onData (C:\\Users\\Usuario\\Desktop\\2022\\CoderHouse\\04 - Backend Página\\25 - trabajo_final\\node_modules\\nodemailer\\lib\\smtp-connection\\index.js:755:14)\n    at SMTPConnection._onSocketData (C:\\Users\\Usuario\\Desktop\\2022\\CoderHouse\\04 - Backend Página\\25 - trabajo_final\\node_modules\\nodemailer\\lib\\smtp-connection\\index.js:193:44)\n    at TLSSocket.emit (node:events:513:28)\n    at addChunk (node:internal/streams/readable:324:12)\n    at readableAddChunk (node:internal/streams/readable:297:9)\n    at Readable.push (node:internal/streams/readable:234:10)","type":"Error","msg":"Invalid login: 535-5.7.8 Username and Password not accepted. Learn more at\n535 5.7.8  https://support.google.com/mail/?p=BadCredentials q62-20020a4a4b41000000b00541854d066bsm5378287ooa.10 - gsmtp"}
{"level":40,"time":1681783654021,"pid":2484,"hostname":"DESKTOP-G8F9RK0","msg":"la tabla \"productos\" ya existe. no se realizaron cambios"}
{"level":40,"time":1681783654024,"pid":2484,"hostname":"DESKTOP-G8F9RK0","msg":"la tabla \"chat\" ya existe. no se realizaron cambios"}
{"level":40,"time":1681783662571,"pid":2484,"hostname":"DESKTOP-G8F9RK0","msg":"Le queda (82239) segundos para que la sesion se expire"}
{"level":40,"time":1681783762402,"pid":8460,"hostname":"DESKTOP-G8F9RK0","msg":"la tabla \"productos\" ya existe. no se realizaron cambios"}
{"level":40,"time":1681783762404,"pid":8460,"hostname":"DESKTOP-G8F9RK0","msg":"la tabla \"chat\" ya existe. no se realizaron cambios"}
{"level":40,"time":1681783854941,"pid":8460,"hostname":"DESKTOP-G8F9RK0","msg":"Le queda (86369) segundos para que la sesion se expire"}
{"level":40,"time":1681783862101,"pid":8460,"hostname":"DESKTOP-G8F9RK0","msg":"Le queda (86361) segundos para que la sesion se expire"}
{"level":40,"time":1681784104941,"pid":9800,"hostname":"DESKTOP-G8F9RK0","msg":"la tabla \"productos\" ya existe. no se realizaron cambios"}
{"level":40,"time":1681784104946,"pid":9800,"hostname":"DESKTOP-G8F9RK0","msg":"la tabla \"chat\" ya existe. no se realizaron cambios"}
{"level":40,"time":1681784203138,"pid":9800,"hostname":"DESKTOP-G8F9RK0","msg":"Le queda (86020) segundos para que la sesion se expire"}
{"level":40,"time":1681784207374,"pid":9800,"hostname":"DESKTOP-G8F9RK0","msg":"Le queda (86016) segundos para que la sesion se expire"}
{"level":40,"time":1681784248418,"pid":9800,"hostname":"DESKTOP-G8F9RK0","msg":"Le queda (85975) segundos para que la sesion se expire"}
{"level":40,"time":1681784339576,"pid":9800,"hostname":"DESKTOP-G8F9RK0","msg":"Le queda (85884) segundos para que la sesion se expire"}
{"level":40,"time":1681784404927,"pid":9800,"hostname":"DESKTOP-G8F9RK0","msg":"Le queda (85819) segundos para que la sesion se expire"}
{"level":40,"time":1681784511304,"pid":9800,"hostname":"DESKTOP-G8F9RK0","msg":"Le queda (85712) segundos para que la sesion se expire"}
{"level":40,"time":1681784546339,"pid":9800,"hostname":"DESKTOP-G8F9RK0","msg":"Le queda (85677) segundos para que la sesion se expire"}
{"level":40,"time":1681784551213,"pid":9800,"hostname":"DESKTOP-G8F9RK0","msg":"Le queda (85672) segundos para que la sesion se expire"}
{"level":40,"time":1681784556900,"pid":9800,"hostname":"DESKTOP-G8F9RK0","msg":"Le queda (85667) segundos para que la sesion se expire"}
{"level":50,"time":1681850285286,"pid":7704,"hostname":"DESKTOP-G8F9RK0","msg":"Converting circular structure to JSON\n    --> starting at object with constructor 'Socket'\n    |     property 'parser' -> object with constructor 'HTTPParser'\n    --- property 'socket' closes the circle"}
{"level":50,"time":1681850330081,"pid":6212,"hostname":"DESKTOP-G8F9RK0","msg":"Converting circular structure to JSON\n    --> starting at object with constructor 'Socket'\n    |     property 'parser' -> object with constructor 'HTTPParser'\n    --- property 'socket' closes the circle"}
{"level":40,"time":1681850946388,"pid":10336,"hostname":"DESKTOP-G8F9RK0","msg":"Le queda (19277) segundos para que la sesion se expire"}
{"level":40,"time":1681851225036,"pid":10288,"hostname":"DESKTOP-G8F9RK0","msg":"Le queda (18998) segundos para que la sesion se expire"}
{"level":40,"time":1681851230349,"pid":10288,"hostname":"DESKTOP-G8F9RK0","msg":"Le queda (18993) segundos para que la sesion se expire"}
{"level":40,"time":1681851396534,"pid":1248,"hostname":"DESKTOP-G8F9RK0","msg":"Le queda (86380) segundos para que la sesion se expire"}
{"level":40,"time":1681851481772,"pid":1248,"hostname":"DESKTOP-G8F9RK0","msg":"Le queda (86295) segundos para que la sesion se expire"}
{"level":40,"time":1681851503033,"pid":1248,"hostname":"DESKTOP-G8F9RK0","msg":"Le queda (86273) segundos para que la sesion se expire"}
{"level":40,"time":1681851533422,"pid":1248,"hostname":"DESKTOP-G8F9RK0","msg":"Le queda (86243) segundos para que la sesion se expire"}
{"level":40,"time":1681851533682,"pid":1248,"hostname":"DESKTOP-G8F9RK0","msg":"no se encontró producto con ese id (77f1fdd7-1406-4db1-aefc-e8f66bee5a4e)"}
{"level":40,"time":1681851546337,"pid":1248,"hostname":"DESKTOP-G8F9RK0","msg":"Le queda (86230) segundos para que la sesion se expire"}
{"level":40,"time":1681851546595,"pid":1248,"hostname":"DESKTOP-G8F9RK0","msg":"no se encontró producto con ese id (77f1fdd7-1406-4db1-aefc-e8f66bee5a4e)"}
{"level":40,"time":1681851559785,"pid":1248,"hostname":"DESKTOP-G8F9RK0","msg":"Le queda (86217) segundos para que la sesion se expire"}
{"level":40,"time":1681851571788,"pid":1248,"hostname":"DESKTOP-G8F9RK0","msg":"Le queda (86205) segundos para que la sesion se expire"}
{"level":40,"time":1681851727671,"pid":9344,"hostname":"DESKTOP-G8F9RK0","msg":"Le queda (15033) segundos para que la sesion se expire"}
{"level":40,"time":1681851728201,"pid":9344,"hostname":"DESKTOP-G8F9RK0","msg":"no se encontró producto con ese id (77f1fdd7-1406-4db1-aefc-e8f66bee5a4e"}
{"level":40,"time":1681851739116,"pid":9344,"hostname":"DESKTOP-G8F9RK0","msg":"Le queda (15021) segundos para que la sesion se expire"}
{"level":40,"time":1681851739632,"pid":9344,"hostname":"DESKTOP-G8F9RK0","msg":"no se encontró producto con ese id (77f1fdd7-1406-4db1-aefc-e8f66bee5a4e)"}
{"level":40,"time":1681851778138,"pid":9344,"hostname":"DESKTOP-G8F9RK0","msg":"Le queda (14982) segundos para que la sesion se expire"}
{"level":40,"time":1681851778652,"pid":9344,"hostname":"DESKTOP-G8F9RK0","msg":"no se encontró producto con ese id (b62e7f1c-9bc8-4196-9e23-0ebb37188be1)"}
{"level":40,"time":1681851808722,"pid":9344,"hostname":"DESKTOP-G8F9RK0","msg":"Le queda (14952) segundos para que la sesion se expire"}
{"level":40,"time":1681851859327,"pid":2824,"hostname":"DESKTOP-G8F9RK0","msg":"Le queda (14901) segundos para que la sesion se expire"}
{"level":40,"time":1681851884924,"pid":2824,"hostname":"DESKTOP-G8F9RK0","msg":"Le queda (14876) segundos para que la sesion se expire"}
{"level":40,"time":1681851960560,"pid":2824,"hostname":"DESKTOP-G8F9RK0","msg":"Le queda (14800) segundos para que la sesion se expire"}
{"level":40,"time":1681851968754,"pid":2824,"hostname":"DESKTOP-G8F9RK0","msg":"Le queda (14792) segundos para que la sesion se expire"}
{"level":40,"time":1681856180260,"pid":5192,"hostname":"DESKTOP-G8F9RK0","msg":"Le queda (10580) segundos para que la sesion se expire"}
{"level":40,"time":1681856188386,"pid":5192,"hostname":"DESKTOP-G8F9RK0","msg":"Le queda (10572) segundos para que la sesion se expire"}
{"level":40,"time":1681856326395,"pid":1032,"hostname":"DESKTOP-G8F9RK0","msg":"Le queda (10434) segundos para que la sesion se expire"}
{"level":40,"time":1681856422410,"pid":1032,"hostname":"DESKTOP-G8F9RK0","msg":"Le queda (13801) segundos para que la sesion se expire"}
{"level":40,"time":1681856777791,"pid":5024,"hostname":"DESKTOP-G8F9RK0","msg":"Le queda (9983) segundos para que la sesion se expire"}
{"level":40,"time":1681864897529,"pid":7544,"hostname":"DESKTOP-G8F9RK0","msg":"Le queda (1863) segundos para que la sesion se expire"}
{"level":40,"time":1681866322364,"pid":10568,"hostname":"DESKTOP-G8F9RK0","msg":"Le queda (438) segundos para que la sesion se expire"}
{"level":40,"time":1681866411083,"pid":2472,"hostname":"DESKTOP-G8F9RK0","msg":"Le queda (349) segundos para que la sesion se expire"}
{"level":40,"time":1681866636568,"pid":9732,"hostname":"DESKTOP-G8F9RK0","msg":"Le queda (124) segundos para que la sesion se expire"}
{"level":40,"time":1681866699709,"pid":10732,"hostname":"DESKTOP-G8F9RK0","msg":"Le queda (61) segundos para que la sesion se expire"}
{"level":50,"time":1681867223075,"pid":5068,"hostname":"DESKTOP-G8F9RK0","msg":"jwt expired"}
{"level":40,"time":1681867344700,"pid":5068,"hostname":"DESKTOP-G8F9RK0","msg":"Le queda (86380) segundos para que la sesion se expire"}
{"level":40,"time":1681867793489,"pid":12264,"hostname":"DESKTOP-G8F9RK0","msg":"Le queda (85931) segundos para que la sesion se expire"}
{"level":40,"time":1681867948404,"pid":8072,"hostname":"DESKTOP-G8F9RK0","msg":"Le queda (85776) segundos para que la sesion se expire"}
{"level":40,"time":1681868013328,"pid":9056,"hostname":"DESKTOP-G8F9RK0","msg":"Le queda (85711) segundos para que la sesion se expire"}
{"level":40,"time":1681868071617,"pid":5848,"hostname":"DESKTOP-G8F9RK0","msg":"Le queda (85653) segundos para que la sesion se expire"}
{"level":40,"time":1681868135290,"pid":8244,"hostname":"DESKTOP-G8F9RK0","msg":"Le queda (85589) segundos para que la sesion se expire"}
{"level":40,"time":1681869261062,"pid":10052,"hostname":"DESKTOP-G8F9RK0","msg":"Le queda (84463) segundos para que la sesion se expire"}
{"level":40,"time":1681869294367,"pid":11372,"hostname":"DESKTOP-G8F9RK0","msg":"Le queda (84430) segundos para que la sesion se expire"}
{"level":40,"time":1681869917392,"pid":11680,"hostname":"DESKTOP-G8F9RK0","msg":"Le queda (83807) segundos para que la sesion se expire"}
{"level":40,"time":1681869968930,"pid":11732,"hostname":"DESKTOP-G8F9RK0","msg":"Le queda (83756) segundos para que la sesion se expire"}
{"level":40,"time":1681870046523,"pid":11732,"hostname":"DESKTOP-G8F9RK0","msg":"Le queda (83678) segundos para que la sesion se expire"}
{"level":40,"time":1681870091926,"pid":11732,"hostname":"DESKTOP-G8F9RK0","msg":"Le queda (83633) segundos para que la sesion se expire"}
{"level":40,"time":1681870094263,"pid":11732,"hostname":"DESKTOP-G8F9RK0","msg":"Le queda (83630) segundos para que la sesion se expire"}
{"level":40,"time":1681870095870,"pid":11732,"hostname":"DESKTOP-G8F9RK0","msg":"Le queda (83629) segundos para que la sesion se expire"}
{"level":40,"time":1681870097404,"pid":11732,"hostname":"DESKTOP-G8F9RK0","msg":"Le queda (83627) segundos para que la sesion se expire"}
{"level":40,"time":1681870100471,"pid":11732,"hostname":"DESKTOP-G8F9RK0","msg":"Le queda (83624) segundos para que la sesion se expire"}
{"level":40,"time":1681870102572,"pid":11732,"hostname":"DESKTOP-G8F9RK0","msg":"Le queda (83622) segundos para que la sesion se expire"}
{"level":40,"time":1681870104189,"pid":11732,"hostname":"DESKTOP-G8F9RK0","msg":"Le queda (83620) segundos para que la sesion se expire"}
{"level":40,"time":1681870104708,"pid":11732,"hostname":"DESKTOP-G8F9RK0","msg":"no se encontró producto con ese id (a4d704cc-8019-487a-95a2-019008faac34"}
{"level":40,"time":1681870194104,"pid":11732,"hostname":"DESKTOP-G8F9RK0","msg":"Le queda (83530) segundos para que la sesion se expire"}
{"level":40,"time":1681870194622,"pid":11732,"hostname":"DESKTOP-G8F9RK0","msg":"no se encontró producto con ese id (a4d704cc-8019-487a-95a2-019008faac34"}
{"level":40,"time":1681870201670,"pid":11732,"hostname":"DESKTOP-G8F9RK0","msg":"Le queda (83523) segundos para que la sesion se expire"}
{"level":40,"time":1681870237196,"pid":11732,"hostname":"DESKTOP-G8F9RK0","msg":"Le queda (83487) segundos para que la sesion se expire"}
{"level":40,"time":1681870457708,"pid":8692,"hostname":"DESKTOP-G8F9RK0","msg":"Le queda (83267) segundos para que la sesion se expire"}
{"level":40,"time":1681870469409,"pid":8692,"hostname":"DESKTOP-G8F9RK0","msg":"Le queda (83255) segundos para que la sesion se expire"}
{"level":40,"time":1681870507235,"pid":7800,"hostname":"DESKTOP-G8F9RK0","msg":"Le queda (83217) segundos para que la sesion se expire"}
{"level":40,"time":1681870522728,"pid":7800,"hostname":"DESKTOP-G8F9RK0","msg":"Le queda (83202) segundos para que la sesion se expire"}
{"level":40,"time":1681870561256,"pid":7800,"hostname":"DESKTOP-G8F9RK0","msg":"Le queda (83163) segundos para que la sesion se expire"}
{"level":40,"time":1681870587305,"pid":7800,"hostname":"DESKTOP-G8F9RK0","msg":"Le queda (83137) segundos para que la sesion se expire"}
{"level":40,"time":1681870684655,"pid":4588,"hostname":"DESKTOP-G8F9RK0","msg":"Le queda (83040) segundos para que la sesion se expire"}
{"level":40,"time":1681926995491,"pid":1680,"hostname":"DESKTOP-G8F9RK0","msg":"Le queda (26729) segundos para que la sesion se expire"}
{"level":40,"time":1681927018591,"pid":1680,"hostname":"DESKTOP-G8F9RK0","msg":"Le queda (26706) segundos para que la sesion se expire"}
{"level":40,"time":1681927074260,"pid":11320,"hostname":"DESKTOP-G8F9RK0","msg":"Le queda (26650) segundos para que la sesion se expire"}
{"level":40,"time":1681927094940,"pid":11320,"hostname":"DESKTOP-G8F9RK0","msg":"Le queda (26630) segundos para que la sesion se expire"}
{"level":40,"time":1681927136796,"pid":11320,"hostname":"DESKTOP-G8F9RK0","msg":"Le queda (26588) segundos para que la sesion se expire"}
{"level":40,"time":1681927137344,"pid":11320,"hostname":"DESKTOP-G8F9RK0","msg":"no se encontró producto con ese id (6fa4dc1f-84e5-4008-8f94-eef3bce21774"}
{"level":40,"time":1681927227571,"pid":3180,"hostname":"DESKTOP-G8F9RK0","msg":"Le queda (26497) segundos para que la sesion se expire"}
{"level":40,"time":1681927261663,"pid":3180,"hostname":"DESKTOP-G8F9RK0","msg":"Le queda (26463) segundos para que la sesion se expire"}
{"level":40,"time":1681927266637,"pid":3180,"hostname":"DESKTOP-G8F9RK0","msg":"Le queda (26458) segundos para que la sesion se expire"}
{"level":40,"time":1681927323447,"pid":3180,"hostname":"DESKTOP-G8F9RK0","msg":"Le queda (26401) segundos para que la sesion se expire"}
{"level":40,"time":1681927331710,"pid":3180,"hostname":"DESKTOP-G8F9RK0","msg":"Le queda (26393) segundos para que la sesion se expire"}
{"level":40,"time":1681927336764,"pid":3180,"hostname":"DESKTOP-G8F9RK0","msg":"Le queda (26388) segundos para que la sesion se expire"}
{"level":40,"time":1681927347094,"pid":3180,"hostname":"DESKTOP-G8F9RK0","msg":"Le queda (26377) segundos para que la sesion se expire"}
{"level":40,"time":1681927503515,"pid":6372,"hostname":"DESKTOP-G8F9RK0","msg":"Le queda (26221) segundos para que la sesion se expire"}
{"level":40,"time":1681927506639,"pid":6372,"hostname":"DESKTOP-G8F9RK0","msg":"Le queda (26218) segundos para que la sesion se expire"}
{"level":40,"time":1681927512933,"pid":6372,"hostname":"DESKTOP-G8F9RK0","msg":"Le queda (26212) segundos para que la sesion se expire"}
{"level":40,"time":1681927531310,"pid":6372,"hostname":"DESKTOP-G8F9RK0","msg":"Le queda (26193) segundos para que la sesion se expire"}
{"level":40,"time":1681927542005,"pid":6372,"hostname":"DESKTOP-G8F9RK0","msg":"Le queda (26182) segundos para que la sesion se expire"}
{"level":40,"time":1681927712171,"pid":2552,"hostname":"DESKTOP-G8F9RK0","msg":"Le queda (26012) segundos para que la sesion se expire"}
{"level":40,"time":1681927718330,"pid":2552,"hostname":"DESKTOP-G8F9RK0","msg":"Le queda (26006) segundos para que la sesion se expire"}
{"level":40,"time":1681927733143,"pid":2552,"hostname":"DESKTOP-G8F9RK0","msg":"Le queda (25991) segundos para que la sesion se expire"}
{"level":40,"time":1681927741639,"pid":2552,"hostname":"DESKTOP-G8F9RK0","msg":"Le queda (25983) segundos para que la sesion se expire"}
{"level":40,"time":1681928049693,"pid":7740,"hostname":"DESKTOP-G8F9RK0","msg":"Le queda (25675) segundos para que la sesion se expire"}
{"level":40,"time":1681928098567,"pid":7740,"hostname":"DESKTOP-G8F9RK0","msg":"Le queda (25626) segundos para que la sesion se expire"}
{"level":40,"time":1681928099112,"pid":7740,"hostname":"DESKTOP-G8F9RK0","msg":"no se encontró producto con ese id (bb6c8337-3e06-4fdb-9f71-1228a16df0a9"}
{"level":40,"time":1681928110971,"pid":7740,"hostname":"DESKTOP-G8F9RK0","msg":"Le queda (25614) segundos para que la sesion se expire"}
{"level":40,"time":1681928111539,"pid":7740,"hostname":"DESKTOP-G8F9RK0","msg":"no se encontró producto con ese id (bb6c8337-3e06-4fdb-9f71-1228a16df0a9"}
{"level":40,"time":1681928132723,"pid":7740,"hostname":"DESKTOP-G8F9RK0","msg":"Le queda (25592) segundos para que la sesion se expire"}
{"level":50,"time":1681928221880,"pid":7664,"hostname":"DESKTOP-G8F9RK0","msg":"jwt expired"}
{"level":40,"time":1681928258265,"pid":7664,"hostname":"DESKTOP-G8F9RK0","msg":"Le queda (86385) segundos para que la sesion se expire"}
{"level":50,"time":1681928284507,"pid":5744,"hostname":"DESKTOP-G8F9RK0","msg":"jwt expired"}
{"level":40,"time":1681928342592,"pid":5744,"hostname":"DESKTOP-G8F9RK0","msg":"Le queda (86375) segundos para que la sesion se expire"}
{"level":40,"time":1681928355647,"pid":5744,"hostname":"DESKTOP-G8F9RK0","msg":"Le queda (86362) segundos para que la sesion se expire"}
{"level":40,"time":1681928402834,"pid":13092,"hostname":"DESKTOP-G8F9RK0","msg":"Le queda (86315) segundos para que la sesion se expire"}
{"level":40,"time":1681928455984,"pid":12748,"hostname":"DESKTOP-G8F9RK0","msg":"Le queda (86262) segundos para que la sesion se expire"}
{"level":40,"time":1681928529312,"pid":2868,"hostname":"DESKTOP-G8F9RK0","msg":"Le queda (86188) segundos para que la sesion se expire"}
{"level":40,"time":1681928612271,"pid":2768,"hostname":"DESKTOP-G8F9RK0","msg":"Le queda (86105) segundos para que la sesion se expire"}
{"level":40,"time":1681928674411,"pid":10164,"hostname":"DESKTOP-G8F9RK0","msg":"Le queda (86043) segundos para que la sesion se expire"}
{"level":40,"time":1681928950715,"pid":7668,"hostname":"DESKTOP-G8F9RK0","msg":"Le queda (85767) segundos para que la sesion se expire"}
{"level":40,"time":1681928956813,"pid":7668,"hostname":"DESKTOP-G8F9RK0","msg":"Le queda (85761) segundos para que la sesion se expire"}
{"level":40,"time":1681928958598,"pid":7668,"hostname":"DESKTOP-G8F9RK0","msg":"Le queda (85759) segundos para que la sesion se expire"}
{"level":40,"time":1681928960693,"pid":7668,"hostname":"DESKTOP-G8F9RK0","msg":"Le queda (85757) segundos para que la sesion se expire"}
{"level":40,"time":1681928966795,"pid":7668,"hostname":"DESKTOP-G8F9RK0","msg":"Le queda (85751) segundos para que la sesion se expire"}
{"level":40,"time":1681928967336,"pid":7668,"hostname":"DESKTOP-G8F9RK0","msg":"no se encontró producto con ese id (a4d704cc-8019-487a-95a2-019008faac34"}
{"level":40,"time":1681928976913,"pid":7668,"hostname":"DESKTOP-G8F9RK0","msg":"Le queda (85741) segundos para que la sesion se expire"}
{"level":50,"time":1681928977657,"pid":7668,"hostname":"DESKTOP-G8F9RK0","msg":"Cannot read properties of undefined (reading 'productos')"}
{"level":40,"time":1681933158492,"pid":12796,"hostname":"DESKTOP-G8F9RK0","msg":"Le queda (81559) segundos para que la sesion se expire"}
{"level":50,"time":1681933159095,"pid":12796,"hostname":"DESKTOP-G8F9RK0","msg":"Cannot read properties of undefined (reading 'productos')"}
{"level":40,"time":1681933201458,"pid":12148,"hostname":"DESKTOP-G8F9RK0","msg":"Le queda (81516) segundos para que la sesion se expire"}
{"level":50,"time":1681933202050,"pid":12148,"hostname":"DESKTOP-G8F9RK0","msg":"Cannot read properties of undefined (reading 'productos')"}
{"level":40,"time":1681933266006,"pid":10868,"hostname":"DESKTOP-G8F9RK0","msg":"Le queda (81451) segundos para que la sesion se expire"}
{"level":40,"time":1681933292655,"pid":4688,"hostname":"DESKTOP-G8F9RK0","msg":"Le queda (81425) segundos para que la sesion se expire"}
{"level":50,"time":1681933293231,"pid":4688,"hostname":"DESKTOP-G8F9RK0","msg":"Cannot read properties of undefined (reading 'productos')"}
{"level":40,"time":1681933329620,"pid":12164,"hostname":"DESKTOP-G8F9RK0","msg":"Le queda (81388) segundos para que la sesion se expire"}
{"level":50,"time":1681933330133,"pid":12164,"hostname":"DESKTOP-G8F9RK0","msg":"Cannot read properties of undefined (reading 'productos')"}
{"level":40,"time":1681933466588,"pid":2456,"hostname":"DESKTOP-G8F9RK0","msg":"Le queda (81251) segundos para que la sesion se expire"}
{"level":50,"time":1681933467153,"pid":2456,"hostname":"DESKTOP-G8F9RK0","msg":"Cannot read properties of undefined (reading 'productos')"}
{"level":40,"time":1681933695451,"pid":1564,"hostname":"DESKTOP-G8F9RK0","msg":"Le queda (81022) segundos para que la sesion se expire"}
{"level":50,"time":1681933695986,"pid":1564,"hostname":"DESKTOP-G8F9RK0","msg":"Cannot read properties of undefined (reading 'productos')"}
{"level":40,"time":1681933808012,"pid":11224,"hostname":"DESKTOP-G8F9RK0","msg":"Le queda (80909) segundos para que la sesion se expire"}
{"level":50,"time":1681933808636,"pid":11224,"hostname":"DESKTOP-G8F9RK0","msg":"Cannot read properties of undefined (reading 'productos')"}
{"level":40,"time":1681933882998,"pid":13844,"hostname":"DESKTOP-G8F9RK0","msg":"Le queda (80835) segundos para que la sesion se expire"}
{"level":50,"time":1681933883626,"pid":13844,"hostname":"DESKTOP-G8F9RK0","msg":"Cannot read properties of undefined (reading 'productos')"}
{"level":40,"time":1681933920519,"pid":12184,"hostname":"DESKTOP-G8F9RK0","msg":"Le queda (80797) segundos para que la sesion se expire"}
{"level":50,"time":1681933921051,"pid":12184,"hostname":"DESKTOP-G8F9RK0","msg":"Cannot read properties of undefined (reading 'productos')"}
{"level":40,"time":1681934063146,"pid":2484,"hostname":"DESKTOP-G8F9RK0","msg":"Le queda (80654) segundos para que la sesion se expire"}
{"level":50,"time":1681934063723,"pid":2484,"hostname":"DESKTOP-G8F9RK0","msg":"Cannot read properties of undefined (reading 'productos')"}
{"level":40,"time":1681934134369,"pid":13608,"hostname":"DESKTOP-G8F9RK0","msg":"Le queda (80583) segundos para que la sesion se expire"}
{"level":50,"time":1681934134998,"pid":13608,"hostname":"DESKTOP-G8F9RK0","msg":"Cannot read properties of undefined (reading 'productos')"}
{"level":40,"time":1681934260050,"pid":12628,"hostname":"DESKTOP-G8F9RK0","msg":"Le queda (80457) segundos para que la sesion se expire"}
{"level":40,"time":1681934298407,"pid":1084,"hostname":"DESKTOP-G8F9RK0","msg":"Le queda (80419) segundos para que la sesion se expire"}
{"level":40,"time":1681934298926,"pid":1084,"hostname":"DESKTOP-G8F9RK0","msg":"el carrito para el usuario (cuevabros2005@gmail.com) no tiene productos"}
{"level":40,"time":1681934316641,"pid":1084,"hostname":"DESKTOP-G8F9RK0","msg":"Le queda (80401) segundos para que la sesion se expire"}
{"level":40,"time":1681934318936,"pid":1084,"hostname":"DESKTOP-G8F9RK0","msg":"Le queda (80399) segundos para que la sesion se expire"}
{"level":40,"time":1681934320575,"pid":1084,"hostname":"DESKTOP-G8F9RK0","msg":"Le queda (80397) segundos para que la sesion se expire"}
{"level":40,"time":1681934332920,"pid":1084,"hostname":"DESKTOP-G8F9RK0","msg":"Le queda (80385) segundos para que la sesion se expire"}
{"level":50,"time":1682021557306,"pid":5204,"hostname":"DESKTOP-G8F9RK0","msg":"jwt expired"}
{"level":40,"time":1682021608743,"pid":5204,"hostname":"DESKTOP-G8F9RK0","msg":"Le queda (86376) segundos para que la sesion se expire"}
{"level":40,"time":1682021893339,"pid":6088,"hostname":"DESKTOP-G8F9RK0","msg":"Le queda (86091) segundos para que la sesion se expire"}
{"level":50,"time":1682043234203,"pid":6804,"hostname":"DESKTOP-G8F9RK0","msg":"jwt expired"}
{"level":40,"time":1682043262139,"pid":6804,"hostname":"DESKTOP-G8F9RK0","msg":"Le queda (86380) segundos para que la sesion se expire"}
{"level":40,"time":1682043311961,"pid":6804,"hostname":"DESKTOP-G8F9RK0","msg":"Le queda (86331) segundos para que la sesion se expire"}
{"level":40,"time":1682043331528,"pid":6804,"hostname":"DESKTOP-G8F9RK0","msg":"Le queda (86311) segundos para que la sesion se expire"}
{"level":40,"time":1682108210902,"pid":9148,"hostname":"DESKTOP-G8F9RK0","msg":"Le queda (21432) segundos para que la sesion se expire"}
{"level":40,"time":1682108218491,"pid":9148,"hostname":"DESKTOP-G8F9RK0","msg":"Le queda (21424) segundos para que la sesion se expire"}
{"level":40,"time":1682108248039,"pid":9148,"hostname":"DESKTOP-G8F9RK0","msg":"No hay usuario logueado"}
{"level":40,"time":1682108379341,"pid":10164,"hostname":"DESKTOP-G8F9RK0","msg":"Le queda (86248) segundos para que la sesion se expire"}
{"level":40,"time":1682108465513,"pid":1784,"hostname":"DESKTOP-G8F9RK0","msg":"Le queda (86162) segundos para que la sesion se expire"}
{"level":50,"time":1682108470447,"pid":1784,"hostname":"DESKTOP-G8F9RK0","code":"EENVELOPE","command":"API","stack":"Error: No recipients defined\n    at SMTPConnection._formatError (C:\\Users\\Usuario\\Desktop\\2022\\CoderHouse\\04 - Backend Página\\25 - trabajo_final\\node_modules\\nodemailer\\lib\\smtp-connection\\index.js:790:19)\n    at SMTPConnection._setEnvelope (C:\\Users\\Usuario\\Desktop\\2022\\CoderHouse\\04 - Backend Página\\25 - trabajo_final\\node_modules\\nodemailer\\lib\\smtp-connection\\index.js:1007:34)\n    at SMTPConnection.send (C:\\Users\\Usuario\\Desktop\\2022\\CoderHouse\\04 - Backend Página\\25 - trabajo_final\\node_modules\\nodemailer\\lib\\smtp-connection\\index.js:621:14)\n    at sendMessage (C:\\Users\\Usuario\\Desktop\\2022\\CoderHouse\\04 - Backend Página\\25 - trabajo_final\\node_modules\\nodemailer\\lib\\smtp-transport\\index.js:228:28)\n    at C:\\Users\\Usuario\\Desktop\\2022\\CoderHouse\\04 - Backend Página\\25 - trabajo_final\\node_modules\\nodemailer\\lib\\smtp-transport\\index.js:286:25\n    at SMTPConnection._actionAUTHComplete (C:\\Users\\Usuario\\Desktop\\2022\\CoderHouse\\04 - Backend Página\\25 - trabajo_final\\node_modules\\nodemailer\\lib\\smtp-connection\\index.js:1562:9)\n    at SMTPConnection.<anonymous> (C:\\Users\\Usuario\\Desktop\\2022\\CoderHouse\\04 - Backend Página\\25 - trabajo_final\\node_modules\\nodemailer\\lib\\smtp-connection\\index.js:546:26)\n    at SMTPConnection._processResponse (C:\\Users\\Usuario\\Desktop\\2022\\CoderHouse\\04 - Backend Página\\25 - trabajo_final\\node_modules\\nodemailer\\lib\\smtp-connection\\index.js:953:20)\n    at SMTPConnection._onData (C:\\Users\\Usuario\\Desktop\\2022\\CoderHouse\\04 - Backend Página\\25 - trabajo_final\\node_modules\\nodemailer\\lib\\smtp-connection\\index.js:755:14)\n    at SMTPConnection._onSocketData (C:\\Users\\Usuario\\Desktop\\2022\\CoderHouse\\04 - Backend Página\\25 - trabajo_final\\node_modules\\nodemailer\\lib\\smtp-connection\\index.js:193:44)","type":"Error","msg":"No recipients defined"}
{"level":40,"time":1682109292789,"pid":1784,"hostname":"DESKTOP-G8F9RK0","msg":"Le queda (85335) segundos para que la sesion se expire"}
{"level":40,"time":1682109293058,"pid":1784,"hostname":"DESKTOP-G8F9RK0","msg":"No hay productos en el carrito"}
{"level":40,"time":1682109314407,"pid":1784,"hostname":"DESKTOP-G8F9RK0","msg":"Le queda (85313) segundos para que la sesion se expire"}
{"level":40,"time":1682109314674,"pid":1784,"hostname":"DESKTOP-G8F9RK0","msg":"No hay productos en el carrito"}
{"level":40,"time":1682109347992,"pid":1784,"hostname":"DESKTOP-G8F9RK0","msg":"Le queda (85280) segundos para que la sesion se expire"}
{"level":40,"time":1682109350150,"pid":1784,"hostname":"DESKTOP-G8F9RK0","msg":"Le queda (85277) segundos para que la sesion se expire"}
{"level":40,"time":1682109361687,"pid":1784,"hostname":"DESKTOP-G8F9RK0","msg":"Le queda (20281) segundos para que la sesion se expire"}
{"level":50,"time":1682109365727,"pid":1784,"hostname":"DESKTOP-G8F9RK0","code":"EENVELOPE","command":"API","stack":"Error: No recipients defined\n    at SMTPConnection._formatError (C:\\Users\\Usuario\\Desktop\\2022\\CoderHouse\\04 - Backend Página\\25 - trabajo_final\\node_modules\\nodemailer\\lib\\smtp-connection\\index.js:790:19)\n    at SMTPConnection._setEnvelope (C:\\Users\\Usuario\\Desktop\\2022\\CoderHouse\\04 - Backend Página\\25 - trabajo_final\\node_modules\\nodemailer\\lib\\smtp-connection\\index.js:1007:34)\n    at SMTPConnection.send (C:\\Users\\Usuario\\Desktop\\2022\\CoderHouse\\04 - Backend Página\\25 - trabajo_final\\node_modules\\nodemailer\\lib\\smtp-connection\\index.js:621:14)\n    at sendMessage (C:\\Users\\Usuario\\Desktop\\2022\\CoderHouse\\04 - Backend Página\\25 - trabajo_final\\node_modules\\nodemailer\\lib\\smtp-transport\\index.js:228:28)\n    at C:\\Users\\Usuario\\Desktop\\2022\\CoderHouse\\04 - Backend Página\\25 - trabajo_final\\node_modules\\nodemailer\\lib\\smtp-transport\\index.js:286:25\n    at SMTPConnection._actionAUTHComplete (C:\\Users\\Usuario\\Desktop\\2022\\CoderHouse\\04 - Backend Página\\25 - trabajo_final\\node_modules\\nodemailer\\lib\\smtp-connection\\index.js:1562:9)\n    at SMTPConnection.<anonymous> (C:\\Users\\Usuario\\Desktop\\2022\\CoderHouse\\04 - Backend Página\\25 - trabajo_final\\node_modules\\nodemailer\\lib\\smtp-connection\\index.js:546:26)\n    at SMTPConnection._processResponse (C:\\Users\\Usuario\\Desktop\\2022\\CoderHouse\\04 - Backend Página\\25 - trabajo_final\\node_modules\\nodemailer\\lib\\smtp-connection\\index.js:953:20)\n    at SMTPConnection._onData (C:\\Users\\Usuario\\Desktop\\2022\\CoderHouse\\04 - Backend Página\\25 - trabajo_final\\node_modules\\nodemailer\\lib\\smtp-connection\\index.js:755:14)\n    at SMTPConnection._onSocketData (C:\\Users\\Usuario\\Desktop\\2022\\CoderHouse\\04 - Backend Página\\25 - trabajo_final\\node_modules\\nodemailer\\lib\\smtp-connection\\index.js:193:44)","type":"Error","msg":"No recipients defined"}
{"level":40,"time":1682109513495,"pid":11820,"hostname":"DESKTOP-G8F9RK0","msg":"Le queda (20129) segundos para que la sesion se expire"}
{"level":40,"time":1682109513772,"pid":11820,"hostname":"DESKTOP-G8F9RK0","msg":"No hay productos en el carrito"}
{"level":40,"time":1682109519351,"pid":11820,"hostname":"DESKTOP-G8F9RK0","msg":"Le queda (85108) segundos para que la sesion se expire"}
{"level":40,"time":1682109521346,"pid":11820,"hostname":"DESKTOP-G8F9RK0","msg":"Le queda (85106) segundos para que la sesion se expire"}
{"level":40,"time":1682109528105,"pid":11820,"hostname":"DESKTOP-G8F9RK0","msg":"Le queda (20114) segundos para que la sesion se expire"}
{"level":50,"time":1682109532077,"pid":11820,"hostname":"DESKTOP-G8F9RK0","code":"EENVELOPE","command":"API","stack":"Error: No recipients defined\n    at SMTPConnection._formatError (C:\\Users\\Usuario\\Desktop\\2022\\CoderHouse\\04 - Backend Página\\25 - trabajo_final\\node_modules\\nodemailer\\lib\\smtp-connection\\index.js:790:19)\n    at SMTPConnection._setEnvelope (C:\\Users\\Usuario\\Desktop\\2022\\CoderHouse\\04 - Backend Página\\25 - trabajo_final\\node_modules\\nodemailer\\lib\\smtp-connection\\index.js:1007:34)\n    at SMTPConnection.send (C:\\Users\\Usuario\\Desktop\\2022\\CoderHouse\\04 - Backend Página\\25 - trabajo_final\\node_modules\\nodemailer\\lib\\smtp-connection\\index.js:621:14)\n    at sendMessage (C:\\Users\\Usuario\\Desktop\\2022\\CoderHouse\\04 - Backend Página\\25 - trabajo_final\\node_modules\\nodemailer\\lib\\smtp-transport\\index.js:228:28)\n    at C:\\Users\\Usuario\\Desktop\\2022\\CoderHouse\\04 - Backend Página\\25 - trabajo_final\\node_modules\\nodemailer\\lib\\smtp-transport\\index.js:286:25\n    at SMTPConnection._actionAUTHComplete (C:\\Users\\Usuario\\Desktop\\2022\\CoderHouse\\04 - Backend Página\\25 - trabajo_final\\node_modules\\nodemailer\\lib\\smtp-connection\\index.js:1562:9)\n    at SMTPConnection.<anonymous> (C:\\Users\\Usuario\\Desktop\\2022\\CoderHouse\\04 - Backend Página\\25 - trabajo_final\\node_modules\\nodemailer\\lib\\smtp-connection\\index.js:546:26)\n    at SMTPConnection._processResponse (C:\\Users\\Usuario\\Desktop\\2022\\CoderHouse\\04 - Backend Página\\25 - trabajo_final\\node_modules\\nodemailer\\lib\\smtp-connection\\index.js:953:20)\n    at SMTPConnection._onData (C:\\Users\\Usuario\\Desktop\\2022\\CoderHouse\\04 - Backend Página\\25 - trabajo_final\\node_modules\\nodemailer\\lib\\smtp-connection\\index.js:755:14)\n    at SMTPConnection._onSocketData (C:\\Users\\Usuario\\Desktop\\2022\\CoderHouse\\04 - Backend Página\\25 - trabajo_final\\node_modules\\nodemailer\\lib\\smtp-connection\\index.js:193:44)","type":"Error","msg":"No recipients defined"}
{"level":40,"time":1682109947684,"pid":9756,"hostname":"DESKTOP-G8F9RK0","msg":"Le queda (84680) segundos para que la sesion se expire"}
{"level":40,"time":1682109965065,"pid":9756,"hostname":"DESKTOP-G8F9RK0","msg":"Le queda (19677) segundos para que la sesion se expire"}
{"level":50,"time":1682109969260,"pid":9756,"hostname":"DESKTOP-G8F9RK0","code":"EENVELOPE","command":"API","stack":"Error: No recipients defined\n    at SMTPConnection._formatError (C:\\Users\\Usuario\\Desktop\\2022\\CoderHouse\\04 - Backend Página\\25 - trabajo_final\\node_modules\\nodemailer\\lib\\smtp-connection\\index.js:790:19)\n    at SMTPConnection._setEnvelope (C:\\Users\\Usuario\\Desktop\\2022\\CoderHouse\\04 - Backend Página\\25 - trabajo_final\\node_modules\\nodemailer\\lib\\smtp-connection\\index.js:1007:34)\n    at SMTPConnection.send (C:\\Users\\Usuario\\Desktop\\2022\\CoderHouse\\04 - Backend Página\\25 - trabajo_final\\node_modules\\nodemailer\\lib\\smtp-connection\\index.js:621:14)\n    at sendMessage (C:\\Users\\Usuario\\Desktop\\2022\\CoderHouse\\04 - Backend Página\\25 - trabajo_final\\node_modules\\nodemailer\\lib\\smtp-transport\\index.js:228:28)\n    at C:\\Users\\Usuario\\Desktop\\2022\\CoderHouse\\04 - Backend Página\\25 - trabajo_final\\node_modules\\nodemailer\\lib\\smtp-transport\\index.js:286:25\n    at SMTPConnection._actionAUTHComplete (C:\\Users\\Usuario\\Desktop\\2022\\CoderHouse\\04 - Backend Página\\25 - trabajo_final\\node_modules\\nodemailer\\lib\\smtp-connection\\index.js:1562:9)\n    at SMTPConnection.<anonymous> (C:\\Users\\Usuario\\Desktop\\2022\\CoderHouse\\04 - Backend Página\\25 - trabajo_final\\node_modules\\nodemailer\\lib\\smtp-connection\\index.js:546:26)\n    at SMTPConnection._processResponse (C:\\Users\\Usuario\\Desktop\\2022\\CoderHouse\\04 - Backend Página\\25 - trabajo_final\\node_modules\\nodemailer\\lib\\smtp-connection\\index.js:953:20)\n    at SMTPConnection._onData (C:\\Users\\Usuario\\Desktop\\2022\\CoderHouse\\04 - Backend Página\\25 - trabajo_final\\node_modules\\nodemailer\\lib\\smtp-connection\\index.js:755:14)\n    at SMTPConnection._onSocketData (C:\\Users\\Usuario\\Desktop\\2022\\CoderHouse\\04 - Backend Página\\25 - trabajo_final\\node_modules\\nodemailer\\lib\\smtp-connection\\index.js:193:44)","type":"Error","msg":"No recipients defined"}
{"level":40,"time":1682110307915,"pid":11692,"hostname":"DESKTOP-G8F9RK0","msg":"Le queda (19335) segundos para que la sesion se expire"}
{"level":40,"time":1682110308198,"pid":11692,"hostname":"DESKTOP-G8F9RK0","msg":"No hay productos en el carrito"}
{"level":40,"time":1682110311281,"pid":11692,"hostname":"DESKTOP-G8F9RK0","msg":"Le queda (84316) segundos para que la sesion se expire"}
{"level":40,"time":1682110312372,"pid":11692,"hostname":"DESKTOP-G8F9RK0","msg":"Le queda (84315) segundos para que la sesion se expire"}
{"level":40,"time":1682110315161,"pid":11692,"hostname":"DESKTOP-G8F9RK0","msg":"Le queda (19327) segundos para que la sesion se expire"}
{"level":50,"time":1682110319378,"pid":11692,"hostname":"DESKTOP-G8F9RK0","code":"EENVELOPE","command":"API","stack":"Error: No recipients defined\n    at SMTPConnection._formatError (C:\\Users\\Usuario\\Desktop\\2022\\CoderHouse\\04 - Backend Página\\25 - trabajo_final\\node_modules\\nodemailer\\lib\\smtp-connection\\index.js:790:19)\n    at SMTPConnection._setEnvelope (C:\\Users\\Usuario\\Desktop\\2022\\CoderHouse\\04 - Backend Página\\25 - trabajo_final\\node_modules\\nodemailer\\lib\\smtp-connection\\index.js:1007:34)\n    at SMTPConnection.send (C:\\Users\\Usuario\\Desktop\\2022\\CoderHouse\\04 - Backend Página\\25 - trabajo_final\\node_modules\\nodemailer\\lib\\smtp-connection\\index.js:621:14)\n    at sendMessage (C:\\Users\\Usuario\\Desktop\\2022\\CoderHouse\\04 - Backend Página\\25 - trabajo_final\\node_modules\\nodemailer\\lib\\smtp-transport\\index.js:228:28)\n    at C:\\Users\\Usuario\\Desktop\\2022\\CoderHouse\\04 - Backend Página\\25 - trabajo_final\\node_modules\\nodemailer\\lib\\smtp-transport\\index.js:286:25\n    at SMTPConnection._actionAUTHComplete (C:\\Users\\Usuario\\Desktop\\2022\\CoderHouse\\04 - Backend Página\\25 - trabajo_final\\node_modules\\nodemailer\\lib\\smtp-connection\\index.js:1562:9)\n    at SMTPConnection.<anonymous> (C:\\Users\\Usuario\\Desktop\\2022\\CoderHouse\\04 - Backend Página\\25 - trabajo_final\\node_modules\\nodemailer\\lib\\smtp-connection\\index.js:546:26)\n    at SMTPConnection._processResponse (C:\\Users\\Usuario\\Desktop\\2022\\CoderHouse\\04 - Backend Página\\25 - trabajo_final\\node_modules\\nodemailer\\lib\\smtp-connection\\index.js:953:20)\n    at SMTPConnection._onData (C:\\Users\\Usuario\\Desktop\\2022\\CoderHouse\\04 - Backend Página\\25 - trabajo_final\\node_modules\\nodemailer\\lib\\smtp-connection\\index.js:755:14)\n    at SMTPConnection._onSocketData (C:\\Users\\Usuario\\Desktop\\2022\\CoderHouse\\04 - Backend Página\\25 - trabajo_final\\node_modules\\nodemailer\\lib\\smtp-connection\\index.js:193:44)","type":"Error","msg":"No recipients defined"}
{"level":40,"time":1682110411106,"pid":11172,"hostname":"DESKTOP-G8F9RK0","msg":"Le queda (84216) segundos para que la sesion se expire"}
{"level":40,"time":1682110425024,"pid":11172,"hostname":"DESKTOP-G8F9RK0","msg":"Le queda (19217) segundos para que la sesion se expire"}
{"level":50,"time":1682110429451,"pid":11172,"hostname":"DESKTOP-G8F9RK0","code":"EENVELOPE","command":"API","stack":"Error: No recipients defined\n    at SMTPConnection._formatError (C:\\Users\\Usuario\\Desktop\\2022\\CoderHouse\\04 - Backend Página\\25 - trabajo_final\\node_modules\\nodemailer\\lib\\smtp-connection\\index.js:790:19)\n    at SMTPConnection._setEnvelope (C:\\Users\\Usuario\\Desktop\\2022\\CoderHouse\\04 - Backend Página\\25 - trabajo_final\\node_modules\\nodemailer\\lib\\smtp-connection\\index.js:1007:34)\n    at SMTPConnection.send (C:\\Users\\Usuario\\Desktop\\2022\\CoderHouse\\04 - Backend Página\\25 - trabajo_final\\node_modules\\nodemailer\\lib\\smtp-connection\\index.js:621:14)\n    at sendMessage (C:\\Users\\Usuario\\Desktop\\2022\\CoderHouse\\04 - Backend Página\\25 - trabajo_final\\node_modules\\nodemailer\\lib\\smtp-transport\\index.js:228:28)\n    at C:\\Users\\Usuario\\Desktop\\2022\\CoderHouse\\04 - Backend Página\\25 - trabajo_final\\node_modules\\nodemailer\\lib\\smtp-transport\\index.js:286:25\n    at SMTPConnection._actionAUTHComplete (C:\\Users\\Usuario\\Desktop\\2022\\CoderHouse\\04 - Backend Página\\25 - trabajo_final\\node_modules\\nodemailer\\lib\\smtp-connection\\index.js:1562:9)\n    at SMTPConnection.<anonymous> (C:\\Users\\Usuario\\Desktop\\2022\\CoderHouse\\04 - Backend Página\\25 - trabajo_final\\node_modules\\nodemailer\\lib\\smtp-connection\\index.js:546:26)\n    at SMTPConnection._processResponse (C:\\Users\\Usuario\\Desktop\\2022\\CoderHouse\\04 - Backend Página\\25 - trabajo_final\\node_modules\\nodemailer\\lib\\smtp-connection\\index.js:953:20)\n    at SMTPConnection._onData (C:\\Users\\Usuario\\Desktop\\2022\\CoderHouse\\04 - Backend Página\\25 - trabajo_final\\node_modules\\nodemailer\\lib\\smtp-connection\\index.js:755:14)\n    at SMTPConnection._onSocketData (C:\\Users\\Usuario\\Desktop\\2022\\CoderHouse\\04 - Backend Página\\25 - trabajo_final\\node_modules\\nodemailer\\lib\\smtp-connection\\index.js:193:44)","type":"Error","msg":"No recipients defined"}
{"level":40,"time":1682115667322,"pid":7712,"hostname":"DESKTOP-G8F9RK0","msg":"Le queda (13975) segundos para que la sesion se expire"}
{"level":40,"time":1682115667583,"pid":7712,"hostname":"DESKTOP-G8F9RK0","msg":"No hay productos en el carrito"}
{"level":40,"time":1682115671418,"pid":7712,"hostname":"DESKTOP-G8F9RK0","msg":"Le queda (78956) segundos para que la sesion se expire"}
{"level":40,"time":1682115674748,"pid":7712,"hostname":"DESKTOP-G8F9RK0","msg":"Le queda (13968) segundos para que la sesion se expire"}
{"level":50,"time":1682115679561,"pid":7712,"hostname":"DESKTOP-G8F9RK0","code":"EENVELOPE","command":"API","stack":"Error: No recipients defined\n    at SMTPConnection._formatError (C:\\Users\\Usuario\\Desktop\\2022\\CoderHouse\\04 - Backend Página\\25 - trabajo_final\\node_modules\\nodemailer\\lib\\smtp-connection\\index.js:790:19)\n    at SMTPConnection._setEnvelope (C:\\Users\\Usuario\\Desktop\\2022\\CoderHouse\\04 - Backend Página\\25 - trabajo_final\\node_modules\\nodemailer\\lib\\smtp-connection\\index.js:1007:34)\n    at SMTPConnection.send (C:\\Users\\Usuario\\Desktop\\2022\\CoderHouse\\04 - Backend Página\\25 - trabajo_final\\node_modules\\nodemailer\\lib\\smtp-connection\\index.js:621:14)\n    at sendMessage (C:\\Users\\Usuario\\Desktop\\2022\\CoderHouse\\04 - Backend Página\\25 - trabajo_final\\node_modules\\nodemailer\\lib\\smtp-transport\\index.js:228:28)\n    at C:\\Users\\Usuario\\Desktop\\2022\\CoderHouse\\04 - Backend Página\\25 - trabajo_final\\node_modules\\nodemailer\\lib\\smtp-transport\\index.js:286:25\n    at SMTPConnection._actionAUTHComplete (C:\\Users\\Usuario\\Desktop\\2022\\CoderHouse\\04 - Backend Página\\25 - trabajo_final\\node_modules\\nodemailer\\lib\\smtp-connection\\index.js:1562:9)\n    at SMTPConnection.<anonymous> (C:\\Users\\Usuario\\Desktop\\2022\\CoderHouse\\04 - Backend Página\\25 - trabajo_final\\node_modules\\nodemailer\\lib\\smtp-connection\\index.js:546:26)\n    at SMTPConnection._processResponse (C:\\Users\\Usuario\\Desktop\\2022\\CoderHouse\\04 - Backend Página\\25 - trabajo_final\\node_modules\\nodemailer\\lib\\smtp-connection\\index.js:953:20)\n    at SMTPConnection._onData (C:\\Users\\Usuario\\Desktop\\2022\\CoderHouse\\04 - Backend Página\\25 - trabajo_final\\node_modules\\nodemailer\\lib\\smtp-connection\\index.js:755:14)\n    at SMTPConnection._onSocketData (C:\\Users\\Usuario\\Desktop\\2022\\CoderHouse\\04 - Backend Página\\25 - trabajo_final\\node_modules\\nodemailer\\lib\\smtp-connection\\index.js:193:44)","type":"Error","msg":"No recipients defined"}
{"level":40,"time":1682115815053,"pid":5400,"hostname":"DESKTOP-G8F9RK0","msg":"Le queda (78812) segundos para que la sesion se expire"}
{"level":40,"time":1682115816597,"pid":5400,"hostname":"DESKTOP-G8F9RK0","msg":"Le queda (78811) segundos para que la sesion se expire"}
{"level":40,"time":1682115822073,"pid":5400,"hostname":"DESKTOP-G8F9RK0","msg":"Le queda (13820) segundos para que la sesion se expire"}
{"level":50,"time":1682115825887,"pid":5400,"hostname":"DESKTOP-G8F9RK0","code":"EENVELOPE","command":"API","stack":"Error: No recipients defined\n    at SMTPConnection._formatError (C:\\Users\\Usuario\\Desktop\\2022\\CoderHouse\\04 - Backend Página\\25 - trabajo_final\\node_modules\\nodemailer\\lib\\smtp-connection\\index.js:790:19)\n    at SMTPConnection._setEnvelope (C:\\Users\\Usuario\\Desktop\\2022\\CoderHouse\\04 - Backend Página\\25 - trabajo_final\\node_modules\\nodemailer\\lib\\smtp-connection\\index.js:1007:34)\n    at SMTPConnection.send (C:\\Users\\Usuario\\Desktop\\2022\\CoderHouse\\04 - Backend Página\\25 - trabajo_final\\node_modules\\nodemailer\\lib\\smtp-connection\\index.js:621:14)\n    at sendMessage (C:\\Users\\Usuario\\Desktop\\2022\\CoderHouse\\04 - Backend Página\\25 - trabajo_final\\node_modules\\nodemailer\\lib\\smtp-transport\\index.js:228:28)\n    at C:\\Users\\Usuario\\Desktop\\2022\\CoderHouse\\04 - Backend Página\\25 - trabajo_final\\node_modules\\nodemailer\\lib\\smtp-transport\\index.js:286:25\n    at SMTPConnection._actionAUTHComplete (C:\\Users\\Usuario\\Desktop\\2022\\CoderHouse\\04 - Backend Página\\25 - trabajo_final\\node_modules\\nodemailer\\lib\\smtp-connection\\index.js:1562:9)\n    at SMTPConnection.<anonymous> (C:\\Users\\Usuario\\Desktop\\2022\\CoderHouse\\04 - Backend Página\\25 - trabajo_final\\node_modules\\nodemailer\\lib\\smtp-connection\\index.js:546:26)\n    at SMTPConnection._processResponse (C:\\Users\\Usuario\\Desktop\\2022\\CoderHouse\\04 - Backend Página\\25 - trabajo_final\\node_modules\\nodemailer\\lib\\smtp-connection\\index.js:953:20)\n    at SMTPConnection._onData (C:\\Users\\Usuario\\Desktop\\2022\\CoderHouse\\04 - Backend Página\\25 - trabajo_final\\node_modules\\nodemailer\\lib\\smtp-connection\\index.js:755:14)\n    at SMTPConnection._onSocketData (C:\\Users\\Usuario\\Desktop\\2022\\CoderHouse\\04 - Backend Página\\25 - trabajo_final\\node_modules\\nodemailer\\lib\\smtp-connection\\index.js:193:44)","type":"Error","msg":"No recipients defined"}
{"level":40,"time":1682115948871,"pid":3780,"hostname":"DESKTOP-G8F9RK0","msg":"Le queda (78679) segundos para que la sesion se expire"}
{"level":40,"time":1682115953476,"pid":3780,"hostname":"DESKTOP-G8F9RK0","msg":"Le queda (13689) segundos para que la sesion se expire"}
{"level":50,"time":1682115957155,"pid":3780,"hostname":"DESKTOP-G8F9RK0","code":"EENVELOPE","command":"API","stack":"Error: No recipients defined\n    at SMTPConnection._formatError (C:\\Users\\Usuario\\Desktop\\2022\\CoderHouse\\04 - Backend Página\\25 - trabajo_final\\node_modules\\nodemailer\\lib\\smtp-connection\\index.js:790:19)\n    at SMTPConnection._setEnvelope (C:\\Users\\Usuario\\Desktop\\2022\\CoderHouse\\04 - Backend Página\\25 - trabajo_final\\node_modules\\nodemailer\\lib\\smtp-connection\\index.js:1007:34)\n    at SMTPConnection.send (C:\\Users\\Usuario\\Desktop\\2022\\CoderHouse\\04 - Backend Página\\25 - trabajo_final\\node_modules\\nodemailer\\lib\\smtp-connection\\index.js:621:14)\n    at sendMessage (C:\\Users\\Usuario\\Desktop\\2022\\CoderHouse\\04 - Backend Página\\25 - trabajo_final\\node_modules\\nodemailer\\lib\\smtp-transport\\index.js:228:28)\n    at C:\\Users\\Usuario\\Desktop\\2022\\CoderHouse\\04 - Backend Página\\25 - trabajo_final\\node_modules\\nodemailer\\lib\\smtp-transport\\index.js:286:25\n    at SMTPConnection._actionAUTHComplete (C:\\Users\\Usuario\\Desktop\\2022\\CoderHouse\\04 - Backend Página\\25 - trabajo_final\\node_modules\\nodemailer\\lib\\smtp-connection\\index.js:1562:9)\n    at SMTPConnection.<anonymous> (C:\\Users\\Usuario\\Desktop\\2022\\CoderHouse\\04 - Backend Página\\25 - trabajo_final\\node_modules\\nodemailer\\lib\\smtp-connection\\index.js:546:26)\n    at SMTPConnection._processResponse (C:\\Users\\Usuario\\Desktop\\2022\\CoderHouse\\04 - Backend Página\\25 - trabajo_final\\node_modules\\nodemailer\\lib\\smtp-connection\\index.js:953:20)\n    at SMTPConnection._onData (C:\\Users\\Usuario\\Desktop\\2022\\CoderHouse\\04 - Backend Página\\25 - trabajo_final\\node_modules\\nodemailer\\lib\\smtp-connection\\index.js:755:14)\n    at SMTPConnection._onSocketData (C:\\Users\\Usuario\\Desktop\\2022\\CoderHouse\\04 - Backend Página\\25 - trabajo_final\\node_modules\\nodemailer\\lib\\smtp-connection\\index.js:193:44)","type":"Error","msg":"No recipients defined"}
{"level":40,"time":1682116054239,"pid":10020,"hostname":"DESKTOP-G8F9RK0","msg":"Le queda (78573) segundos para que la sesion se expire"}
{"level":40,"time":1682116057464,"pid":10020,"hostname":"DESKTOP-G8F9RK0","msg":"Le queda (13585) segundos para que la sesion se expire"}
{"level":50,"time":1682116061740,"pid":10020,"hostname":"DESKTOP-G8F9RK0","code":"EENVELOPE","command":"API","stack":"Error: No recipients defined\n    at SMTPConnection._formatError (C:\\Users\\Usuario\\Desktop\\2022\\CoderHouse\\04 - Backend Página\\25 - trabajo_final\\node_modules\\nodemailer\\lib\\smtp-connection\\index.js:790:19)\n    at SMTPConnection._setEnvelope (C:\\Users\\Usuario\\Desktop\\2022\\CoderHouse\\04 - Backend Página\\25 - trabajo_final\\node_modules\\nodemailer\\lib\\smtp-connection\\index.js:1007:34)\n    at SMTPConnection.send (C:\\Users\\Usuario\\Desktop\\2022\\CoderHouse\\04 - Backend Página\\25 - trabajo_final\\node_modules\\nodemailer\\lib\\smtp-connection\\index.js:621:14)\n    at sendMessage (C:\\Users\\Usuario\\Desktop\\2022\\CoderHouse\\04 - Backend Página\\25 - trabajo_final\\node_modules\\nodemailer\\lib\\smtp-transport\\index.js:228:28)\n    at C:\\Users\\Usuario\\Desktop\\2022\\CoderHouse\\04 - Backend Página\\25 - trabajo_final\\node_modules\\nodemailer\\lib\\smtp-transport\\index.js:286:25\n    at SMTPConnection._actionAUTHComplete (C:\\Users\\Usuario\\Desktop\\2022\\CoderHouse\\04 - Backend Página\\25 - trabajo_final\\node_modules\\nodemailer\\lib\\smtp-connection\\index.js:1562:9)\n    at SMTPConnection.<anonymous> (C:\\Users\\Usuario\\Desktop\\2022\\CoderHouse\\04 - Backend Página\\25 - trabajo_final\\node_modules\\nodemailer\\lib\\smtp-connection\\index.js:546:26)\n    at SMTPConnection._processResponse (C:\\Users\\Usuario\\Desktop\\2022\\CoderHouse\\04 - Backend Página\\25 - trabajo_final\\node_modules\\nodemailer\\lib\\smtp-connection\\index.js:953:20)\n    at SMTPConnection._onData (C:\\Users\\Usuario\\Desktop\\2022\\CoderHouse\\04 - Backend Página\\25 - trabajo_final\\node_modules\\nodemailer\\lib\\smtp-connection\\index.js:755:14)\n    at SMTPConnection._onSocketData (C:\\Users\\Usuario\\Desktop\\2022\\CoderHouse\\04 - Backend Página\\25 - trabajo_final\\node_modules\\nodemailer\\lib\\smtp-connection\\index.js:193:44)","type":"Error","msg":"No recipients defined"}
{"level":40,"time":1682117827880,"pid":8472,"hostname":"DESKTOP-G8F9RK0","msg":"Le queda (11815) segundos para que la sesion se expire"}
{"level":50,"time":1682117831850,"pid":8472,"hostname":"DESKTOP-G8F9RK0","code":"EENVELOPE","command":"API","stack":"Error: No recipients defined\n    at SMTPConnection._formatError (C:\\Users\\Usuario\\Desktop\\2022\\CoderHouse\\04 - Backend Página\\25 - trabajo_final\\node_modules\\nodemailer\\lib\\smtp-connection\\index.js:790:19)\n    at SMTPConnection._setEnvelope (C:\\Users\\Usuario\\Desktop\\2022\\CoderHouse\\04 - Backend Página\\25 - trabajo_final\\node_modules\\nodemailer\\lib\\smtp-connection\\index.js:1007:34)\n    at SMTPConnection.send (C:\\Users\\Usuario\\Desktop\\2022\\CoderHouse\\04 - Backend Página\\25 - trabajo_final\\node_modules\\nodemailer\\lib\\smtp-connection\\index.js:621:14)\n    at sendMessage (C:\\Users\\Usuario\\Desktop\\2022\\CoderHouse\\04 - Backend Página\\25 - trabajo_final\\node_modules\\nodemailer\\lib\\smtp-transport\\index.js:228:28)\n    at C:\\Users\\Usuario\\Desktop\\2022\\CoderHouse\\04 - Backend Página\\25 - trabajo_final\\node_modules\\nodemailer\\lib\\smtp-transport\\index.js:286:25\n    at SMTPConnection._actionAUTHComplete (C:\\Users\\Usuario\\Desktop\\2022\\CoderHouse\\04 - Backend Página\\25 - trabajo_final\\node_modules\\nodemailer\\lib\\smtp-connection\\index.js:1562:9)\n    at SMTPConnection.<anonymous> (C:\\Users\\Usuario\\Desktop\\2022\\CoderHouse\\04 - Backend Página\\25 - trabajo_final\\node_modules\\nodemailer\\lib\\smtp-connection\\index.js:546:26)\n    at SMTPConnection._processResponse (C:\\Users\\Usuario\\Desktop\\2022\\CoderHouse\\04 - Backend Página\\25 - trabajo_final\\node_modules\\nodemailer\\lib\\smtp-connection\\index.js:953:20)\n    at SMTPConnection._onData (C:\\Users\\Usuario\\Desktop\\2022\\CoderHouse\\04 - Backend Página\\25 - trabajo_final\\node_modules\\nodemailer\\lib\\smtp-connection\\index.js:755:14)\n    at SMTPConnection._onSocketData (C:\\Users\\Usuario\\Desktop\\2022\\CoderHouse\\04 - Backend Página\\25 - trabajo_final\\node_modules\\nodemailer\\lib\\smtp-connection\\index.js:193:44)","type":"Error","msg":"No recipients defined"}
{"level":40,"time":1682117914816,"pid":2944,"hostname":"DESKTOP-G8F9RK0","msg":"Le queda (11728) segundos para que la sesion se expire"}
{"level":50,"time":1682117919739,"pid":2944,"hostname":"DESKTOP-G8F9RK0","code":"EENVELOPE","command":"API","stack":"Error: No recipients defined\n    at SMTPConnection._formatError (C:\\Users\\Usuario\\Desktop\\2022\\CoderHouse\\04 - Backend Página\\25 - trabajo_final\\node_modules\\nodemailer\\lib\\smtp-connection\\index.js:790:19)\n    at SMTPConnection._setEnvelope (C:\\Users\\Usuario\\Desktop\\2022\\CoderHouse\\04 - Backend Página\\25 - trabajo_final\\node_modules\\nodemailer\\lib\\smtp-connection\\index.js:1007:34)\n    at SMTPConnection.send (C:\\Users\\Usuario\\Desktop\\2022\\CoderHouse\\04 - Backend Página\\25 - trabajo_final\\node_modules\\nodemailer\\lib\\smtp-connection\\index.js:621:14)\n    at sendMessage (C:\\Users\\Usuario\\Desktop\\2022\\CoderHouse\\04 - Backend Página\\25 - trabajo_final\\node_modules\\nodemailer\\lib\\smtp-transport\\index.js:228:28)\n    at C:\\Users\\Usuario\\Desktop\\2022\\CoderHouse\\04 - Backend Página\\25 - trabajo_final\\node_modules\\nodemailer\\lib\\smtp-transport\\index.js:286:25\n    at SMTPConnection._actionAUTHComplete (C:\\Users\\Usuario\\Desktop\\2022\\CoderHouse\\04 - Backend Página\\25 - trabajo_final\\node_modules\\nodemailer\\lib\\smtp-connection\\index.js:1562:9)\n    at SMTPConnection.<anonymous> (C:\\Users\\Usuario\\Desktop\\2022\\CoderHouse\\04 - Backend Página\\25 - trabajo_final\\node_modules\\nodemailer\\lib\\smtp-connection\\index.js:546:26)\n    at SMTPConnection._processResponse (C:\\Users\\Usuario\\Desktop\\2022\\CoderHouse\\04 - Backend Página\\25 - trabajo_final\\node_modules\\nodemailer\\lib\\smtp-connection\\index.js:953:20)\n    at SMTPConnection._onData (C:\\Users\\Usuario\\Desktop\\2022\\CoderHouse\\04 - Backend Página\\25 - trabajo_final\\node_modules\\nodemailer\\lib\\smtp-connection\\index.js:755:14)\n    at SMTPConnection._onSocketData (C:\\Users\\Usuario\\Desktop\\2022\\CoderHouse\\04 - Backend Página\\25 - trabajo_final\\node_modules\\nodemailer\\lib\\smtp-connection\\index.js:193:44)","type":"Error","msg":"No recipients defined"}
{"level":40,"time":1682117972037,"pid":9040,"hostname":"DESKTOP-G8F9RK0","msg":"Le queda (11670) segundos para que la sesion se expire"}
{"level":50,"time":1682117976207,"pid":9040,"hostname":"DESKTOP-G8F9RK0","code":"EENVELOPE","command":"API","stack":"Error: No recipients defined\n    at SMTPConnection._formatError (C:\\Users\\Usuario\\Desktop\\2022\\CoderHouse\\04 - Backend Página\\25 - trabajo_final\\node_modules\\nodemailer\\lib\\smtp-connection\\index.js:790:19)\n    at SMTPConnection._setEnvelope (C:\\Users\\Usuario\\Desktop\\2022\\CoderHouse\\04 - Backend Página\\25 - trabajo_final\\node_modules\\nodemailer\\lib\\smtp-connection\\index.js:1007:34)\n    at SMTPConnection.send (C:\\Users\\Usuario\\Desktop\\2022\\CoderHouse\\04 - Backend Página\\25 - trabajo_final\\node_modules\\nodemailer\\lib\\smtp-connection\\index.js:621:14)\n    at sendMessage (C:\\Users\\Usuario\\Desktop\\2022\\CoderHouse\\04 - Backend Página\\25 - trabajo_final\\node_modules\\nodemailer\\lib\\smtp-transport\\index.js:228:28)\n    at C:\\Users\\Usuario\\Desktop\\2022\\CoderHouse\\04 - Backend Página\\25 - trabajo_final\\node_modules\\nodemailer\\lib\\smtp-transport\\index.js:286:25\n    at SMTPConnection._actionAUTHComplete (C:\\Users\\Usuario\\Desktop\\2022\\CoderHouse\\04 - Backend Página\\25 - trabajo_final\\node_modules\\nodemailer\\lib\\smtp-connection\\index.js:1562:9)\n    at SMTPConnection.<anonymous> (C:\\Users\\Usuario\\Desktop\\2022\\CoderHouse\\04 - Backend Página\\25 - trabajo_final\\node_modules\\nodemailer\\lib\\smtp-connection\\index.js:546:26)\n    at SMTPConnection._processResponse (C:\\Users\\Usuario\\Desktop\\2022\\CoderHouse\\04 - Backend Página\\25 - trabajo_final\\node_modules\\nodemailer\\lib\\smtp-connection\\index.js:953:20)\n    at SMTPConnection._onData (C:\\Users\\Usuario\\Desktop\\2022\\CoderHouse\\04 - Backend Página\\25 - trabajo_final\\node_modules\\nodemailer\\lib\\smtp-connection\\index.js:755:14)\n    at SMTPConnection._onSocketData (C:\\Users\\Usuario\\Desktop\\2022\\CoderHouse\\04 - Backend Página\\25 - trabajo_final\\node_modules\\nodemailer\\lib\\smtp-connection\\index.js:193:44)","type":"Error","msg":"No recipients defined"}
{"level":40,"time":1682118756564,"pid":6328,"hostname":"DESKTOP-G8F9RK0","msg":"Le queda (10886) segundos para que la sesion se expire"}
{"level":50,"time":1682118760385,"pid":6328,"hostname":"DESKTOP-G8F9RK0","code":"EENVELOPE","command":"API","stack":"Error: No recipients defined\n    at SMTPConnection._formatError (C:\\Users\\Usuario\\Desktop\\2022\\CoderHouse\\04 - Backend Página\\25 - trabajo_final\\node_modules\\nodemailer\\lib\\smtp-connection\\index.js:790:19)\n    at SMTPConnection._setEnvelope (C:\\Users\\Usuario\\Desktop\\2022\\CoderHouse\\04 - Backend Página\\25 - trabajo_final\\node_modules\\nodemailer\\lib\\smtp-connection\\index.js:1007:34)\n    at SMTPConnection.send (C:\\Users\\Usuario\\Desktop\\2022\\CoderHouse\\04 - Backend Página\\25 - trabajo_final\\node_modules\\nodemailer\\lib\\smtp-connection\\index.js:621:14)\n    at sendMessage (C:\\Users\\Usuario\\Desktop\\2022\\CoderHouse\\04 - Backend Página\\25 - trabajo_final\\node_modules\\nodemailer\\lib\\smtp-transport\\index.js:228:28)\n    at C:\\Users\\Usuario\\Desktop\\2022\\CoderHouse\\04 - Backend Página\\25 - trabajo_final\\node_modules\\nodemailer\\lib\\smtp-transport\\index.js:286:25\n    at SMTPConnection._actionAUTHComplete (C:\\Users\\Usuario\\Desktop\\2022\\CoderHouse\\04 - Backend Página\\25 - trabajo_final\\node_modules\\nodemailer\\lib\\smtp-connection\\index.js:1562:9)\n    at SMTPConnection.<anonymous> (C:\\Users\\Usuario\\Desktop\\2022\\CoderHouse\\04 - Backend Página\\25 - trabajo_final\\node_modules\\nodemailer\\lib\\smtp-connection\\index.js:546:26)\n    at SMTPConnection._processResponse (C:\\Users\\Usuario\\Desktop\\2022\\CoderHouse\\04 - Backend Página\\25 - trabajo_final\\node_modules\\nodemailer\\lib\\smtp-connection\\index.js:953:20)\n    at SMTPConnection._onData (C:\\Users\\Usuario\\Desktop\\2022\\CoderHouse\\04 - Backend Página\\25 - trabajo_final\\node_modules\\nodemailer\\lib\\smtp-connection\\index.js:755:14)\n    at SMTPConnection._onSocketData (C:\\Users\\Usuario\\Desktop\\2022\\CoderHouse\\04 - Backend Página\\25 - trabajo_final\\node_modules\\nodemailer\\lib\\smtp-connection\\index.js:193:44)","type":"Error","msg":"No recipients defined"}
{"level":40,"time":1682118980776,"pid":11176,"hostname":"DESKTOP-G8F9RK0","msg":"Le queda (10662) segundos para que la sesion se expire"}
{"level":50,"time":1682118984557,"pid":11176,"hostname":"DESKTOP-G8F9RK0","code":"EENVELOPE","command":"API","stack":"Error: No recipients defined\n    at SMTPConnection._formatError (C:\\Users\\Usuario\\Desktop\\2022\\CoderHouse\\04 - Backend Página\\25 - trabajo_final\\node_modules\\nodemailer\\lib\\smtp-connection\\index.js:790:19)\n    at SMTPConnection._setEnvelope (C:\\Users\\Usuario\\Desktop\\2022\\CoderHouse\\04 - Backend Página\\25 - trabajo_final\\node_modules\\nodemailer\\lib\\smtp-connection\\index.js:1007:34)\n    at SMTPConnection.send (C:\\Users\\Usuario\\Desktop\\2022\\CoderHouse\\04 - Backend Página\\25 - trabajo_final\\node_modules\\nodemailer\\lib\\smtp-connection\\index.js:621:14)\n    at sendMessage (C:\\Users\\Usuario\\Desktop\\2022\\CoderHouse\\04 - Backend Página\\25 - trabajo_final\\node_modules\\nodemailer\\lib\\smtp-transport\\index.js:228:28)\n    at C:\\Users\\Usuario\\Desktop\\2022\\CoderHouse\\04 - Backend Página\\25 - trabajo_final\\node_modules\\nodemailer\\lib\\smtp-transport\\index.js:286:25\n    at SMTPConnection._actionAUTHComplete (C:\\Users\\Usuario\\Desktop\\2022\\CoderHouse\\04 - Backend Página\\25 - trabajo_final\\node_modules\\nodemailer\\lib\\smtp-connection\\index.js:1562:9)\n    at SMTPConnection.<anonymous> (C:\\Users\\Usuario\\Desktop\\2022\\CoderHouse\\04 - Backend Página\\25 - trabajo_final\\node_modules\\nodemailer\\lib\\smtp-connection\\index.js:546:26)\n    at SMTPConnection._processResponse (C:\\Users\\Usuario\\Desktop\\2022\\CoderHouse\\04 - Backend Página\\25 - trabajo_final\\node_modules\\nodemailer\\lib\\smtp-connection\\index.js:953:20)\n    at SMTPConnection._onData (C:\\Users\\Usuario\\Desktop\\2022\\CoderHouse\\04 - Backend Página\\25 - trabajo_final\\node_modules\\nodemailer\\lib\\smtp-connection\\index.js:755:14)\n    at SMTPConnection._onSocketData (C:\\Users\\Usuario\\Desktop\\2022\\CoderHouse\\04 - Backend Página\\25 - trabajo_final\\node_modules\\nodemailer\\lib\\smtp-connection\\index.js:193:44)","type":"Error","msg":"No recipients defined"}
{"level":40,"time":1682119041389,"pid":7340,"hostname":"DESKTOP-G8F9RK0","msg":"Le queda (10601) segundos para que la sesion se expire"}
{"level":50,"time":1682119045300,"pid":7340,"hostname":"DESKTOP-G8F9RK0","code":"EENVELOPE","command":"API","stack":"Error: No recipients defined\n    at SMTPConnection._formatError (C:\\Users\\Usuario\\Desktop\\2022\\CoderHouse\\04 - Backend Página\\25 - trabajo_final\\node_modules\\nodemailer\\lib\\smtp-connection\\index.js:790:19)\n    at SMTPConnection._setEnvelope (C:\\Users\\Usuario\\Desktop\\2022\\CoderHouse\\04 - Backend Página\\25 - trabajo_final\\node_modules\\nodemailer\\lib\\smtp-connection\\index.js:1007:34)\n    at SMTPConnection.send (C:\\Users\\Usuario\\Desktop\\2022\\CoderHouse\\04 - Backend Página\\25 - trabajo_final\\node_modules\\nodemailer\\lib\\smtp-connection\\index.js:621:14)\n    at sendMessage (C:\\Users\\Usuario\\Desktop\\2022\\CoderHouse\\04 - Backend Página\\25 - trabajo_final\\node_modules\\nodemailer\\lib\\smtp-transport\\index.js:228:28)\n    at C:\\Users\\Usuario\\Desktop\\2022\\CoderHouse\\04 - Backend Página\\25 - trabajo_final\\node_modules\\nodemailer\\lib\\smtp-transport\\index.js:286:25\n    at SMTPConnection._actionAUTHComplete (C:\\Users\\Usuario\\Desktop\\2022\\CoderHouse\\04 - Backend Página\\25 - trabajo_final\\node_modules\\nodemailer\\lib\\smtp-connection\\index.js:1562:9)\n    at SMTPConnection.<anonymous> (C:\\Users\\Usuario\\Desktop\\2022\\CoderHouse\\04 - Backend Página\\25 - trabajo_final\\node_modules\\nodemailer\\lib\\smtp-connection\\index.js:546:26)\n    at SMTPConnection._processResponse (C:\\Users\\Usuario\\Desktop\\2022\\CoderHouse\\04 - Backend Página\\25 - trabajo_final\\node_modules\\nodemailer\\lib\\smtp-connection\\index.js:953:20)\n    at SMTPConnection._onData (C:\\Users\\Usuario\\Desktop\\2022\\CoderHouse\\04 - Backend Página\\25 - trabajo_final\\node_modules\\nodemailer\\lib\\smtp-connection\\index.js:755:14)\n    at SMTPConnection._onSocketData (C:\\Users\\Usuario\\Desktop\\2022\\CoderHouse\\04 - Backend Página\\25 - trabajo_final\\node_modules\\nodemailer\\lib\\smtp-connection\\index.js:193:44)","type":"Error","msg":"No recipients defined"}
{"level":40,"time":1682119127646,"pid":9524,"hostname":"DESKTOP-G8F9RK0","msg":"Le queda (10515) segundos para que la sesion se expire"}
{"level":50,"time":1682119132537,"pid":9524,"hostname":"DESKTOP-G8F9RK0","code":"EENVELOPE","command":"API","stack":"Error: No recipients defined\n    at SMTPConnection._formatError (C:\\Users\\Usuario\\Desktop\\2022\\CoderHouse\\04 - Backend Página\\25 - trabajo_final\\node_modules\\nodemailer\\lib\\smtp-connection\\index.js:790:19)\n    at SMTPConnection._setEnvelope (C:\\Users\\Usuario\\Desktop\\2022\\CoderHouse\\04 - Backend Página\\25 - trabajo_final\\node_modules\\nodemailer\\lib\\smtp-connection\\index.js:1007:34)\n    at SMTPConnection.send (C:\\Users\\Usuario\\Desktop\\2022\\CoderHouse\\04 - Backend Página\\25 - trabajo_final\\node_modules\\nodemailer\\lib\\smtp-connection\\index.js:621:14)\n    at sendMessage (C:\\Users\\Usuario\\Desktop\\2022\\CoderHouse\\04 - Backend Página\\25 - trabajo_final\\node_modules\\nodemailer\\lib\\smtp-transport\\index.js:228:28)\n    at C:\\Users\\Usuario\\Desktop\\2022\\CoderHouse\\04 - Backend Página\\25 - trabajo_final\\node_modules\\nodemailer\\lib\\smtp-transport\\index.js:286:25\n    at SMTPConnection._actionAUTHComplete (C:\\Users\\Usuario\\Desktop\\2022\\CoderHouse\\04 - Backend Página\\25 - trabajo_final\\node_modules\\nodemailer\\lib\\smtp-connection\\index.js:1562:9)\n    at SMTPConnection.<anonymous> (C:\\Users\\Usuario\\Desktop\\2022\\CoderHouse\\04 - Backend Página\\25 - trabajo_final\\node_modules\\nodemailer\\lib\\smtp-connection\\index.js:546:26)\n    at SMTPConnection._processResponse (C:\\Users\\Usuario\\Desktop\\2022\\CoderHouse\\04 - Backend Página\\25 - trabajo_final\\node_modules\\nodemailer\\lib\\smtp-connection\\index.js:953:20)\n    at SMTPConnection._onData (C:\\Users\\Usuario\\Desktop\\2022\\CoderHouse\\04 - Backend Página\\25 - trabajo_final\\node_modules\\nodemailer\\lib\\smtp-connection\\index.js:755:14)\n    at SMTPConnection._onSocketData (C:\\Users\\Usuario\\Desktop\\2022\\CoderHouse\\04 - Backend Página\\25 - trabajo_final\\node_modules\\nodemailer\\lib\\smtp-connection\\index.js:193:44)","type":"Error","msg":"No recipients defined"}
{"level":50,"time":1682119132583,"pid":9524,"hostname":"DESKTOP-G8F9RK0","msg":"_id is not defined"}
{"level":40,"time":1682119180483,"pid":2472,"hostname":"DESKTOP-G8F9RK0","msg":"Le queda (10462) segundos para que la sesion se expire"}
{"level":50,"time":1682119184136,"pid":2472,"hostname":"DESKTOP-G8F9RK0","code":"EENVELOPE","command":"API","stack":"Error: No recipients defined\n    at SMTPConnection._formatError (C:\\Users\\Usuario\\Desktop\\2022\\CoderHouse\\04 - Backend Página\\25 - trabajo_final\\node_modules\\nodemailer\\lib\\smtp-connection\\index.js:790:19)\n    at SMTPConnection._setEnvelope (C:\\Users\\Usuario\\Desktop\\2022\\CoderHouse\\04 - Backend Página\\25 - trabajo_final\\node_modules\\nodemailer\\lib\\smtp-connection\\index.js:1007:34)\n    at SMTPConnection.send (C:\\Users\\Usuario\\Desktop\\2022\\CoderHouse\\04 - Backend Página\\25 - trabajo_final\\node_modules\\nodemailer\\lib\\smtp-connection\\index.js:621:14)\n    at sendMessage (C:\\Users\\Usuario\\Desktop\\2022\\CoderHouse\\04 - Backend Página\\25 - trabajo_final\\node_modules\\nodemailer\\lib\\smtp-transport\\index.js:228:28)\n    at C:\\Users\\Usuario\\Desktop\\2022\\CoderHouse\\04 - Backend Página\\25 - trabajo_final\\node_modules\\nodemailer\\lib\\smtp-transport\\index.js:286:25\n    at SMTPConnection._actionAUTHComplete (C:\\Users\\Usuario\\Desktop\\2022\\CoderHouse\\04 - Backend Página\\25 - trabajo_final\\node_modules\\nodemailer\\lib\\smtp-connection\\index.js:1562:9)\n    at SMTPConnection.<anonymous> (C:\\Users\\Usuario\\Desktop\\2022\\CoderHouse\\04 - Backend Página\\25 - trabajo_final\\node_modules\\nodemailer\\lib\\smtp-connection\\index.js:546:26)\n    at SMTPConnection._processResponse (C:\\Users\\Usuario\\Desktop\\2022\\CoderHouse\\04 - Backend Página\\25 - trabajo_final\\node_modules\\nodemailer\\lib\\smtp-connection\\index.js:953:20)\n    at SMTPConnection._onData (C:\\Users\\Usuario\\Desktop\\2022\\CoderHouse\\04 - Backend Página\\25 - trabajo_final\\node_modules\\nodemailer\\lib\\smtp-connection\\index.js:755:14)\n    at SMTPConnection._onSocketData (C:\\Users\\Usuario\\Desktop\\2022\\CoderHouse\\04 - Backend Página\\25 - trabajo_final\\node_modules\\nodemailer\\lib\\smtp-connection\\index.js:193:44)","type":"Error","msg":"No recipients defined"}
{"level":50,"time":1682119184184,"pid":2472,"hostname":"DESKTOP-G8F9RK0","msg":"_id is not defined"}
{"level":40,"time":1682119214530,"pid":10432,"hostname":"DESKTOP-G8F9RK0","msg":"Le queda (10428) segundos para que la sesion se expire"}
{"level":50,"time":1682119218177,"pid":10432,"hostname":"DESKTOP-G8F9RK0","code":"EENVELOPE","command":"API","stack":"Error: No recipients defined\n    at SMTPConnection._formatError (C:\\Users\\Usuario\\Desktop\\2022\\CoderHouse\\04 - Backend Página\\25 - trabajo_final\\node_modules\\nodemailer\\lib\\smtp-connection\\index.js:790:19)\n    at SMTPConnection._setEnvelope (C:\\Users\\Usuario\\Desktop\\2022\\CoderHouse\\04 - Backend Página\\25 - trabajo_final\\node_modules\\nodemailer\\lib\\smtp-connection\\index.js:1007:34)\n    at SMTPConnection.send (C:\\Users\\Usuario\\Desktop\\2022\\CoderHouse\\04 - Backend Página\\25 - trabajo_final\\node_modules\\nodemailer\\lib\\smtp-connection\\index.js:621:14)\n    at sendMessage (C:\\Users\\Usuario\\Desktop\\2022\\CoderHouse\\04 - Backend Página\\25 - trabajo_final\\node_modules\\nodemailer\\lib\\smtp-transport\\index.js:228:28)\n    at C:\\Users\\Usuario\\Desktop\\2022\\CoderHouse\\04 - Backend Página\\25 - trabajo_final\\node_modules\\nodemailer\\lib\\smtp-transport\\index.js:286:25\n    at SMTPConnection._actionAUTHComplete (C:\\Users\\Usuario\\Desktop\\2022\\CoderHouse\\04 - Backend Página\\25 - trabajo_final\\node_modules\\nodemailer\\lib\\smtp-connection\\index.js:1562:9)\n    at SMTPConnection.<anonymous> (C:\\Users\\Usuario\\Desktop\\2022\\CoderHouse\\04 - Backend Página\\25 - trabajo_final\\node_modules\\nodemailer\\lib\\smtp-connection\\index.js:546:26)\n    at SMTPConnection._processResponse (C:\\Users\\Usuario\\Desktop\\2022\\CoderHouse\\04 - Backend Página\\25 - trabajo_final\\node_modules\\nodemailer\\lib\\smtp-connection\\index.js:953:20)\n    at SMTPConnection._onData (C:\\Users\\Usuario\\Desktop\\2022\\CoderHouse\\04 - Backend Página\\25 - trabajo_final\\node_modules\\nodemailer\\lib\\smtp-connection\\index.js:755:14)\n    at SMTPConnection._onSocketData (C:\\Users\\Usuario\\Desktop\\2022\\CoderHouse\\04 - Backend Página\\25 - trabajo_final\\node_modules\\nodemailer\\lib\\smtp-connection\\index.js:193:44)","type":"Error","msg":"No recipients defined"}
{"level":40,"time":1682119321430,"pid":6288,"hostname":"DESKTOP-G8F9RK0","msg":"Le queda (10321) segundos para que la sesion se expire"}
{"level":50,"time":1682119325069,"pid":6288,"hostname":"DESKTOP-G8F9RK0","code":"EENVELOPE","command":"API","stack":"Error: No recipients defined\n    at SMTPConnection._formatError (C:\\Users\\Usuario\\Desktop\\2022\\CoderHouse\\04 - Backend Página\\25 - trabajo_final\\node_modules\\nodemailer\\lib\\smtp-connection\\index.js:790:19)\n    at SMTPConnection._setEnvelope (C:\\Users\\Usuario\\Desktop\\2022\\CoderHouse\\04 - Backend Página\\25 - trabajo_final\\node_modules\\nodemailer\\lib\\smtp-connection\\index.js:1007:34)\n    at SMTPConnection.send (C:\\Users\\Usuario\\Desktop\\2022\\CoderHouse\\04 - Backend Página\\25 - trabajo_final\\node_modules\\nodemailer\\lib\\smtp-connection\\index.js:621:14)\n    at sendMessage (C:\\Users\\Usuario\\Desktop\\2022\\CoderHouse\\04 - Backend Página\\25 - trabajo_final\\node_modules\\nodemailer\\lib\\smtp-transport\\index.js:228:28)\n    at C:\\Users\\Usuario\\Desktop\\2022\\CoderHouse\\04 - Backend Página\\25 - trabajo_final\\node_modules\\nodemailer\\lib\\smtp-transport\\index.js:286:25\n    at SMTPConnection._actionAUTHComplete (C:\\Users\\Usuario\\Desktop\\2022\\CoderHouse\\04 - Backend Página\\25 - trabajo_final\\node_modules\\nodemailer\\lib\\smtp-connection\\index.js:1562:9)\n    at SMTPConnection.<anonymous> (C:\\Users\\Usuario\\Desktop\\2022\\CoderHouse\\04 - Backend Página\\25 - trabajo_final\\node_modules\\nodemailer\\lib\\smtp-connection\\index.js:546:26)\n    at SMTPConnection._processResponse (C:\\Users\\Usuario\\Desktop\\2022\\CoderHouse\\04 - Backend Página\\25 - trabajo_final\\node_modules\\nodemailer\\lib\\smtp-connection\\index.js:953:20)\n    at SMTPConnection._onData (C:\\Users\\Usuario\\Desktop\\2022\\CoderHouse\\04 - Backend Página\\25 - trabajo_final\\node_modules\\nodemailer\\lib\\smtp-connection\\index.js:755:14)\n    at SMTPConnection._onSocketData (C:\\Users\\Usuario\\Desktop\\2022\\CoderHouse\\04 - Backend Página\\25 - trabajo_final\\node_modules\\nodemailer\\lib\\smtp-connection\\index.js:193:44)","type":"Error","msg":"No recipients defined"}
{"level":40,"time":1682119426264,"pid":1720,"hostname":"DESKTOP-G8F9RK0","msg":"Le queda (10216) segundos para que la sesion se expire"}
{"level":50,"time":1682119430441,"pid":1720,"hostname":"DESKTOP-G8F9RK0","code":"EENVELOPE","command":"API","stack":"Error: No recipients defined\n    at SMTPConnection._formatError (C:\\Users\\Usuario\\Desktop\\2022\\CoderHouse\\04 - Backend Página\\25 - trabajo_final\\node_modules\\nodemailer\\lib\\smtp-connection\\index.js:790:19)\n    at SMTPConnection._setEnvelope (C:\\Users\\Usuario\\Desktop\\2022\\CoderHouse\\04 - Backend Página\\25 - trabajo_final\\node_modules\\nodemailer\\lib\\smtp-connection\\index.js:1007:34)\n    at SMTPConnection.send (C:\\Users\\Usuario\\Desktop\\2022\\CoderHouse\\04 - Backend Página\\25 - trabajo_final\\node_modules\\nodemailer\\lib\\smtp-connection\\index.js:621:14)\n    at sendMessage (C:\\Users\\Usuario\\Desktop\\2022\\CoderHouse\\04 - Backend Página\\25 - trabajo_final\\node_modules\\nodemailer\\lib\\smtp-transport\\index.js:228:28)\n    at C:\\Users\\Usuario\\Desktop\\2022\\CoderHouse\\04 - Backend Página\\25 - trabajo_final\\node_modules\\nodemailer\\lib\\smtp-transport\\index.js:286:25\n    at SMTPConnection._actionAUTHComplete (C:\\Users\\Usuario\\Desktop\\2022\\CoderHouse\\04 - Backend Página\\25 - trabajo_final\\node_modules\\nodemailer\\lib\\smtp-connection\\index.js:1562:9)\n    at SMTPConnection.<anonymous> (C:\\Users\\Usuario\\Desktop\\2022\\CoderHouse\\04 - Backend Página\\25 - trabajo_final\\node_modules\\nodemailer\\lib\\smtp-connection\\index.js:546:26)\n    at SMTPConnection._processResponse (C:\\Users\\Usuario\\Desktop\\2022\\CoderHouse\\04 - Backend Página\\25 - trabajo_final\\node_modules\\nodemailer\\lib\\smtp-connection\\index.js:953:20)\n    at SMTPConnection._onData (C:\\Users\\Usuario\\Desktop\\2022\\CoderHouse\\04 - Backend Página\\25 - trabajo_final\\node_modules\\nodemailer\\lib\\smtp-connection\\index.js:755:14)\n    at SMTPConnection._onSocketData (C:\\Users\\Usuario\\Desktop\\2022\\CoderHouse\\04 - Backend Página\\25 - trabajo_final\\node_modules\\nodemailer\\lib\\smtp-connection\\index.js:193:44)","type":"Error","msg":"No recipients defined"}
{"level":40,"time":1682119491325,"pid":1368,"hostname":"DESKTOP-G8F9RK0","msg":"Le queda (10151) segundos para que la sesion se expire"}
{"level":50,"time":1682119495445,"pid":1368,"hostname":"DESKTOP-G8F9RK0","code":"EENVELOPE","command":"API","stack":"Error: No recipients defined\n    at SMTPConnection._formatError (C:\\Users\\Usuario\\Desktop\\2022\\CoderHouse\\04 - Backend Página\\25 - trabajo_final\\node_modules\\nodemailer\\lib\\smtp-connection\\index.js:790:19)\n    at SMTPConnection._setEnvelope (C:\\Users\\Usuario\\Desktop\\2022\\CoderHouse\\04 - Backend Página\\25 - trabajo_final\\node_modules\\nodemailer\\lib\\smtp-connection\\index.js:1007:34)\n    at SMTPConnection.send (C:\\Users\\Usuario\\Desktop\\2022\\CoderHouse\\04 - Backend Página\\25 - trabajo_final\\node_modules\\nodemailer\\lib\\smtp-connection\\index.js:621:14)\n    at sendMessage (C:\\Users\\Usuario\\Desktop\\2022\\CoderHouse\\04 - Backend Página\\25 - trabajo_final\\node_modules\\nodemailer\\lib\\smtp-transport\\index.js:228:28)\n    at C:\\Users\\Usuario\\Desktop\\2022\\CoderHouse\\04 - Backend Página\\25 - trabajo_final\\node_modules\\nodemailer\\lib\\smtp-transport\\index.js:286:25\n    at SMTPConnection._actionAUTHComplete (C:\\Users\\Usuario\\Desktop\\2022\\CoderHouse\\04 - Backend Página\\25 - trabajo_final\\node_modules\\nodemailer\\lib\\smtp-connection\\index.js:1562:9)\n    at SMTPConnection.<anonymous> (C:\\Users\\Usuario\\Desktop\\2022\\CoderHouse\\04 - Backend Página\\25 - trabajo_final\\node_modules\\nodemailer\\lib\\smtp-connection\\index.js:546:26)\n    at SMTPConnection._processResponse (C:\\Users\\Usuario\\Desktop\\2022\\CoderHouse\\04 - Backend Página\\25 - trabajo_final\\node_modules\\nodemailer\\lib\\smtp-connection\\index.js:953:20)\n    at SMTPConnection._onData (C:\\Users\\Usuario\\Desktop\\2022\\CoderHouse\\04 - Backend Página\\25 - trabajo_final\\node_modules\\nodemailer\\lib\\smtp-connection\\index.js:755:14)\n    at SMTPConnection._onSocketData (C:\\Users\\Usuario\\Desktop\\2022\\CoderHouse\\04 - Backend Página\\25 - trabajo_final\\node_modules\\nodemailer\\lib\\smtp-connection\\index.js:193:44)","type":"Error","msg":"No recipients defined"}
{"level":40,"time":1682119626620,"pid":7712,"hostname":"DESKTOP-G8F9RK0","msg":"Le queda (10016) segundos para que la sesion se expire"}
{"level":50,"time":1682119631075,"pid":7712,"hostname":"DESKTOP-G8F9RK0","code":"EENVELOPE","command":"API","stack":"Error: No recipients defined\n    at SMTPConnection._formatError (C:\\Users\\Usuario\\Desktop\\2022\\CoderHouse\\04 - Backend Página\\25 - trabajo_final\\node_modules\\nodemailer\\lib\\smtp-connection\\index.js:790:19)\n    at SMTPConnection._setEnvelope (C:\\Users\\Usuario\\Desktop\\2022\\CoderHouse\\04 - Backend Página\\25 - trabajo_final\\node_modules\\nodemailer\\lib\\smtp-connection\\index.js:1007:34)\n    at SMTPConnection.send (C:\\Users\\Usuario\\Desktop\\2022\\CoderHouse\\04 - Backend Página\\25 - trabajo_final\\node_modules\\nodemailer\\lib\\smtp-connection\\index.js:621:14)\n    at sendMessage (C:\\Users\\Usuario\\Desktop\\2022\\CoderHouse\\04 - Backend Página\\25 - trabajo_final\\node_modules\\nodemailer\\lib\\smtp-transport\\index.js:228:28)\n    at C:\\Users\\Usuario\\Desktop\\2022\\CoderHouse\\04 - Backend Página\\25 - trabajo_final\\node_modules\\nodemailer\\lib\\smtp-transport\\index.js:286:25\n    at SMTPConnection._actionAUTHComplete (C:\\Users\\Usuario\\Desktop\\2022\\CoderHouse\\04 - Backend Página\\25 - trabajo_final\\node_modules\\nodemailer\\lib\\smtp-connection\\index.js:1562:9)\n    at SMTPConnection.<anonymous> (C:\\Users\\Usuario\\Desktop\\2022\\CoderHouse\\04 - Backend Página\\25 - trabajo_final\\node_modules\\nodemailer\\lib\\smtp-connection\\index.js:546:26)\n    at SMTPConnection._processResponse (C:\\Users\\Usuario\\Desktop\\2022\\CoderHouse\\04 - Backend Página\\25 - trabajo_final\\node_modules\\nodemailer\\lib\\smtp-connection\\index.js:953:20)\n    at SMTPConnection._onData (C:\\Users\\Usuario\\Desktop\\2022\\CoderHouse\\04 - Backend Página\\25 - trabajo_final\\node_modules\\nodemailer\\lib\\smtp-connection\\index.js:755:14)\n    at SMTPConnection._onSocketData (C:\\Users\\Usuario\\Desktop\\2022\\CoderHouse\\04 - Backend Página\\25 - trabajo_final\\node_modules\\nodemailer\\lib\\smtp-connection\\index.js:193:44)","type":"Error","msg":"No recipients defined"}
{"level":40,"time":1682119739028,"pid":3984,"hostname":"DESKTOP-G8F9RK0","msg":"Le queda (9903) segundos para que la sesion se expire"}
{"level":50,"time":1682119743664,"pid":3984,"hostname":"DESKTOP-G8F9RK0","code":"EENVELOPE","command":"API","stack":"Error: No recipients defined\n    at SMTPConnection._formatError (C:\\Users\\Usuario\\Desktop\\2022\\CoderHouse\\04 - Backend Página\\25 - trabajo_final\\node_modules\\nodemailer\\lib\\smtp-connection\\index.js:790:19)\n    at SMTPConnection._setEnvelope (C:\\Users\\Usuario\\Desktop\\2022\\CoderHouse\\04 - Backend Página\\25 - trabajo_final\\node_modules\\nodemailer\\lib\\smtp-connection\\index.js:1007:34)\n    at SMTPConnection.send (C:\\Users\\Usuario\\Desktop\\2022\\CoderHouse\\04 - Backend Página\\25 - trabajo_final\\node_modules\\nodemailer\\lib\\smtp-connection\\index.js:621:14)\n    at sendMessage (C:\\Users\\Usuario\\Desktop\\2022\\CoderHouse\\04 - Backend Página\\25 - trabajo_final\\node_modules\\nodemailer\\lib\\smtp-transport\\index.js:228:28)\n    at C:\\Users\\Usuario\\Desktop\\2022\\CoderHouse\\04 - Backend Página\\25 - trabajo_final\\node_modules\\nodemailer\\lib\\smtp-transport\\index.js:286:25\n    at SMTPConnection._actionAUTHComplete (C:\\Users\\Usuario\\Desktop\\2022\\CoderHouse\\04 - Backend Página\\25 - trabajo_final\\node_modules\\nodemailer\\lib\\smtp-connection\\index.js:1562:9)\n    at SMTPConnection.<anonymous> (C:\\Users\\Usuario\\Desktop\\2022\\CoderHouse\\04 - Backend Página\\25 - trabajo_final\\node_modules\\nodemailer\\lib\\smtp-connection\\index.js:546:26)\n    at SMTPConnection._processResponse (C:\\Users\\Usuario\\Desktop\\2022\\CoderHouse\\04 - Backend Página\\25 - trabajo_final\\node_modules\\nodemailer\\lib\\smtp-connection\\index.js:953:20)\n    at SMTPConnection._onData (C:\\Users\\Usuario\\Desktop\\2022\\CoderHouse\\04 - Backend Página\\25 - trabajo_final\\node_modules\\nodemailer\\lib\\smtp-connection\\index.js:755:14)\n    at SMTPConnection._onSocketData (C:\\Users\\Usuario\\Desktop\\2022\\CoderHouse\\04 - Backend Página\\25 - trabajo_final\\node_modules\\nodemailer\\lib\\smtp-connection\\index.js:193:44)","type":"Error","msg":"No recipients defined"}
{"level":50,"time":1682119743723,"pid":3984,"hostname":"DESKTOP-G8F9RK0","msg":"idProd is not defined"}
{"level":40,"time":1682119931447,"pid":6628,"hostname":"DESKTOP-G8F9RK0","msg":"Le queda (9711) segundos para que la sesion se expire"}
{"level":50,"time":1682119935189,"pid":6628,"hostname":"DESKTOP-G8F9RK0","code":"EENVELOPE","command":"API","stack":"Error: No recipients defined\n    at SMTPConnection._formatError (C:\\Users\\Usuario\\Desktop\\2022\\CoderHouse\\04 - Backend Página\\25 - trabajo_final\\node_modules\\nodemailer\\lib\\smtp-connection\\index.js:790:19)\n    at SMTPConnection._setEnvelope (C:\\Users\\Usuario\\Desktop\\2022\\CoderHouse\\04 - Backend Página\\25 - trabajo_final\\node_modules\\nodemailer\\lib\\smtp-connection\\index.js:1007:34)\n    at SMTPConnection.send (C:\\Users\\Usuario\\Desktop\\2022\\CoderHouse\\04 - Backend Página\\25 - trabajo_final\\node_modules\\nodemailer\\lib\\smtp-connection\\index.js:621:14)\n    at sendMessage (C:\\Users\\Usuario\\Desktop\\2022\\CoderHouse\\04 - Backend Página\\25 - trabajo_final\\node_modules\\nodemailer\\lib\\smtp-transport\\index.js:228:28)\n    at C:\\Users\\Usuario\\Desktop\\2022\\CoderHouse\\04 - Backend Página\\25 - trabajo_final\\node_modules\\nodemailer\\lib\\smtp-transport\\index.js:286:25\n    at SMTPConnection._actionAUTHComplete (C:\\Users\\Usuario\\Desktop\\2022\\CoderHouse\\04 - Backend Página\\25 - trabajo_final\\node_modules\\nodemailer\\lib\\smtp-connection\\index.js:1562:9)\n    at SMTPConnection.<anonymous> (C:\\Users\\Usuario\\Desktop\\2022\\CoderHouse\\04 - Backend Página\\25 - trabajo_final\\node_modules\\nodemailer\\lib\\smtp-connection\\index.js:546:26)\n    at SMTPConnection._processResponse (C:\\Users\\Usuario\\Desktop\\2022\\CoderHouse\\04 - Backend Página\\25 - trabajo_final\\node_modules\\nodemailer\\lib\\smtp-connection\\index.js:953:20)\n    at SMTPConnection._onData (C:\\Users\\Usuario\\Desktop\\2022\\CoderHouse\\04 - Backend Página\\25 - trabajo_final\\node_modules\\nodemailer\\lib\\smtp-connection\\index.js:755:14)\n    at SMTPConnection._onSocketData (C:\\Users\\Usuario\\Desktop\\2022\\CoderHouse\\04 - Backend Página\\25 - trabajo_final\\node_modules\\nodemailer\\lib\\smtp-connection\\index.js:193:44)","type":"Error","msg":"No recipients defined"}
{"level":50,"time":1682119935233,"pid":6628,"hostname":"DESKTOP-G8F9RK0","msg":"idProd is not defined"}
{"level":40,"time":1682120206296,"pid":492,"hostname":"DESKTOP-G8F9RK0","msg":"Le queda (9436) segundos para que la sesion se expire"}
{"level":50,"time":1682120210534,"pid":492,"hostname":"DESKTOP-G8F9RK0","code":"EENVELOPE","command":"API","stack":"Error: No recipients defined\n    at SMTPConnection._formatError (C:\\Users\\Usuario\\Desktop\\2022\\CoderHouse\\04 - Backend Página\\25 - trabajo_final\\node_modules\\nodemailer\\lib\\smtp-connection\\index.js:790:19)\n    at SMTPConnection._setEnvelope (C:\\Users\\Usuario\\Desktop\\2022\\CoderHouse\\04 - Backend Página\\25 - trabajo_final\\node_modules\\nodemailer\\lib\\smtp-connection\\index.js:1007:34)\n    at SMTPConnection.send (C:\\Users\\Usuario\\Desktop\\2022\\CoderHouse\\04 - Backend Página\\25 - trabajo_final\\node_modules\\nodemailer\\lib\\smtp-connection\\index.js:621:14)\n    at sendMessage (C:\\Users\\Usuario\\Desktop\\2022\\CoderHouse\\04 - Backend Página\\25 - trabajo_final\\node_modules\\nodemailer\\lib\\smtp-transport\\index.js:228:28)\n    at C:\\Users\\Usuario\\Desktop\\2022\\CoderHouse\\04 - Backend Página\\25 - trabajo_final\\node_modules\\nodemailer\\lib\\smtp-transport\\index.js:286:25\n    at SMTPConnection._actionAUTHComplete (C:\\Users\\Usuario\\Desktop\\2022\\CoderHouse\\04 - Backend Página\\25 - trabajo_final\\node_modules\\nodemailer\\lib\\smtp-connection\\index.js:1562:9)\n    at SMTPConnection.<anonymous> (C:\\Users\\Usuario\\Desktop\\2022\\CoderHouse\\04 - Backend Página\\25 - trabajo_final\\node_modules\\nodemailer\\lib\\smtp-connection\\index.js:546:26)\n    at SMTPConnection._processResponse (C:\\Users\\Usuario\\Desktop\\2022\\CoderHouse\\04 - Backend Página\\25 - trabajo_final\\node_modules\\nodemailer\\lib\\smtp-connection\\index.js:953:20)\n    at SMTPConnection._onData (C:\\Users\\Usuario\\Desktop\\2022\\CoderHouse\\04 - Backend Página\\25 - trabajo_final\\node_modules\\nodemailer\\lib\\smtp-connection\\index.js:755:14)\n    at SMTPConnection._onSocketData (C:\\Users\\Usuario\\Desktop\\2022\\CoderHouse\\04 - Backend Página\\25 - trabajo_final\\node_modules\\nodemailer\\lib\\smtp-connection\\index.js:193:44)","type":"Error","msg":"No recipients defined"}
{"level":40,"time":1682120287623,"pid":2876,"hostname":"DESKTOP-G8F9RK0","msg":"Le queda (9355) segundos para que la sesion se expire"}
{"level":50,"time":1682120291274,"pid":2876,"hostname":"DESKTOP-G8F9RK0","code":"EENVELOPE","command":"API","stack":"Error: No recipients defined\n    at SMTPConnection._formatError (C:\\Users\\Usuario\\Desktop\\2022\\CoderHouse\\04 - Backend Página\\25 - trabajo_final\\node_modules\\nodemailer\\lib\\smtp-connection\\index.js:790:19)\n    at SMTPConnection._setEnvelope (C:\\Users\\Usuario\\Desktop\\2022\\CoderHouse\\04 - Backend Página\\25 - trabajo_final\\node_modules\\nodemailer\\lib\\smtp-connection\\index.js:1007:34)\n    at SMTPConnection.send (C:\\Users\\Usuario\\Desktop\\2022\\CoderHouse\\04 - Backend Página\\25 - trabajo_final\\node_modules\\nodemailer\\lib\\smtp-connection\\index.js:621:14)\n    at sendMessage (C:\\Users\\Usuario\\Desktop\\2022\\CoderHouse\\04 - Backend Página\\25 - trabajo_final\\node_modules\\nodemailer\\lib\\smtp-transport\\index.js:228:28)\n    at C:\\Users\\Usuario\\Desktop\\2022\\CoderHouse\\04 - Backend Página\\25 - trabajo_final\\node_modules\\nodemailer\\lib\\smtp-transport\\index.js:286:25\n    at SMTPConnection._actionAUTHComplete (C:\\Users\\Usuario\\Desktop\\2022\\CoderHouse\\04 - Backend Página\\25 - trabajo_final\\node_modules\\nodemailer\\lib\\smtp-connection\\index.js:1562:9)\n    at SMTPConnection.<anonymous> (C:\\Users\\Usuario\\Desktop\\2022\\CoderHouse\\04 - Backend Página\\25 - trabajo_final\\node_modules\\nodemailer\\lib\\smtp-connection\\index.js:546:26)\n    at SMTPConnection._processResponse (C:\\Users\\Usuario\\Desktop\\2022\\CoderHouse\\04 - Backend Página\\25 - trabajo_final\\node_modules\\nodemailer\\lib\\smtp-connection\\index.js:953:20)\n    at SMTPConnection._onData (C:\\Users\\Usuario\\Desktop\\2022\\CoderHouse\\04 - Backend Página\\25 - trabajo_final\\node_modules\\nodemailer\\lib\\smtp-connection\\index.js:755:14)\n    at SMTPConnection._onSocketData (C:\\Users\\Usuario\\Desktop\\2022\\CoderHouse\\04 - Backend Página\\25 - trabajo_final\\node_modules\\nodemailer\\lib\\smtp-connection\\index.js:193:44)","type":"Error","msg":"No recipients defined"}
{"level":40,"time":1682120425370,"pid":10348,"hostname":"DESKTOP-G8F9RK0","msg":"Le queda (9217) segundos para que la sesion se expire"}
{"level":50,"time":1682120429203,"pid":10348,"hostname":"DESKTOP-G8F9RK0","code":"EENVELOPE","command":"API","stack":"Error: No recipients defined\n    at SMTPConnection._formatError (C:\\Users\\Usuario\\Desktop\\2022\\CoderHouse\\04 - Backend Página\\25 - trabajo_final\\node_modules\\nodemailer\\lib\\smtp-connection\\index.js:790:19)\n    at SMTPConnection._setEnvelope (C:\\Users\\Usuario\\Desktop\\2022\\CoderHouse\\04 - Backend Página\\25 - trabajo_final\\node_modules\\nodemailer\\lib\\smtp-connection\\index.js:1007:34)\n    at SMTPConnection.send (C:\\Users\\Usuario\\Desktop\\2022\\CoderHouse\\04 - Backend Página\\25 - trabajo_final\\node_modules\\nodemailer\\lib\\smtp-connection\\index.js:621:14)\n    at sendMessage (C:\\Users\\Usuario\\Desktop\\2022\\CoderHouse\\04 - Backend Página\\25 - trabajo_final\\node_modules\\nodemailer\\lib\\smtp-transport\\index.js:228:28)\n    at C:\\Users\\Usuario\\Desktop\\2022\\CoderHouse\\04 - Backend Página\\25 - trabajo_final\\node_modules\\nodemailer\\lib\\smtp-transport\\index.js:286:25\n    at SMTPConnection._actionAUTHComplete (C:\\Users\\Usuario\\Desktop\\2022\\CoderHouse\\04 - Backend Página\\25 - trabajo_final\\node_modules\\nodemailer\\lib\\smtp-connection\\index.js:1562:9)\n    at SMTPConnection.<anonymous> (C:\\Users\\Usuario\\Desktop\\2022\\CoderHouse\\04 - Backend Página\\25 - trabajo_final\\node_modules\\nodemailer\\lib\\smtp-connection\\index.js:546:26)\n    at SMTPConnection._processResponse (C:\\Users\\Usuario\\Desktop\\2022\\CoderHouse\\04 - Backend Página\\25 - trabajo_final\\node_modules\\nodemailer\\lib\\smtp-connection\\index.js:953:20)\n    at SMTPConnection._onData (C:\\Users\\Usuario\\Desktop\\2022\\CoderHouse\\04 - Backend Página\\25 - trabajo_final\\node_modules\\nodemailer\\lib\\smtp-connection\\index.js:755:14)\n    at SMTPConnection._onSocketData (C:\\Users\\Usuario\\Desktop\\2022\\CoderHouse\\04 - Backend Página\\25 - trabajo_final\\node_modules\\nodemailer\\lib\\smtp-connection\\index.js:193:44)","type":"Error","msg":"No recipients defined"}
{"level":40,"time":1682120747162,"pid":10104,"hostname":"DESKTOP-G8F9RK0","msg":"Le queda (8895) segundos para que la sesion se expire"}
{"level":50,"time":1682120760443,"pid":10104,"hostname":"DESKTOP-G8F9RK0","code":"EENVELOPE","command":"API","stack":"Error: No recipients defined\n    at SMTPConnection._formatError (C:\\Users\\Usuario\\Desktop\\2022\\CoderHouse\\04 - Backend Página\\25 - trabajo_final\\node_modules\\nodemailer\\lib\\smtp-connection\\index.js:790:19)\n    at SMTPConnection._setEnvelope (C:\\Users\\Usuario\\Desktop\\2022\\CoderHouse\\04 - Backend Página\\25 - trabajo_final\\node_modules\\nodemailer\\lib\\smtp-connection\\index.js:1007:34)\n    at SMTPConnection.send (C:\\Users\\Usuario\\Desktop\\2022\\CoderHouse\\04 - Backend Página\\25 - trabajo_final\\node_modules\\nodemailer\\lib\\smtp-connection\\index.js:621:14)\n    at sendMessage (C:\\Users\\Usuario\\Desktop\\2022\\CoderHouse\\04 - Backend Página\\25 - trabajo_final\\node_modules\\nodemailer\\lib\\smtp-transport\\index.js:228:28)\n    at C:\\Users\\Usuario\\Desktop\\2022\\CoderHouse\\04 - Backend Página\\25 - trabajo_final\\node_modules\\nodemailer\\lib\\smtp-transport\\index.js:286:25\n    at SMTPConnection._actionAUTHComplete (C:\\Users\\Usuario\\Desktop\\2022\\CoderHouse\\04 - Backend Página\\25 - trabajo_final\\node_modules\\nodemailer\\lib\\smtp-connection\\index.js:1562:9)\n    at SMTPConnection.<anonymous> (C:\\Users\\Usuario\\Desktop\\2022\\CoderHouse\\04 - Backend Página\\25 - trabajo_final\\node_modules\\nodemailer\\lib\\smtp-connection\\index.js:546:26)\n    at SMTPConnection._processResponse (C:\\Users\\Usuario\\Desktop\\2022\\CoderHouse\\04 - Backend Página\\25 - trabajo_final\\node_modules\\nodemailer\\lib\\smtp-connection\\index.js:953:20)\n    at SMTPConnection._onData (C:\\Users\\Usuario\\Desktop\\2022\\CoderHouse\\04 - Backend Página\\25 - trabajo_final\\node_modules\\nodemailer\\lib\\smtp-connection\\index.js:755:14)\n    at SMTPConnection._onSocketData (C:\\Users\\Usuario\\Desktop\\2022\\CoderHouse\\04 - Backend Página\\25 - trabajo_final\\node_modules\\nodemailer\\lib\\smtp-connection\\index.js:193:44)","type":"Error","msg":"No recipients defined"}
{"level":40,"time":1682120797792,"pid":6212,"hostname":"DESKTOP-G8F9RK0","msg":"Le queda (8845) segundos para que la sesion se expire"}
{"level":50,"time":1682120801714,"pid":6212,"hostname":"DESKTOP-G8F9RK0","code":"EENVELOPE","command":"API","stack":"Error: No recipients defined\n    at SMTPConnection._formatError (C:\\Users\\Usuario\\Desktop\\2022\\CoderHouse\\04 - Backend Página\\25 - trabajo_final\\node_modules\\nodemailer\\lib\\smtp-connection\\index.js:790:19)\n    at SMTPConnection._setEnvelope (C:\\Users\\Usuario\\Desktop\\2022\\CoderHouse\\04 - Backend Página\\25 - trabajo_final\\node_modules\\nodemailer\\lib\\smtp-connection\\index.js:1007:34)\n    at SMTPConnection.send (C:\\Users\\Usuario\\Desktop\\2022\\CoderHouse\\04 - Backend Página\\25 - trabajo_final\\node_modules\\nodemailer\\lib\\smtp-connection\\index.js:621:14)\n    at sendMessage (C:\\Users\\Usuario\\Desktop\\2022\\CoderHouse\\04 - Backend Página\\25 - trabajo_final\\node_modules\\nodemailer\\lib\\smtp-transport\\index.js:228:28)\n    at C:\\Users\\Usuario\\Desktop\\2022\\CoderHouse\\04 - Backend Página\\25 - trabajo_final\\node_modules\\nodemailer\\lib\\smtp-transport\\index.js:286:25\n    at SMTPConnection._actionAUTHComplete (C:\\Users\\Usuario\\Desktop\\2022\\CoderHouse\\04 - Backend Página\\25 - trabajo_final\\node_modules\\nodemailer\\lib\\smtp-connection\\index.js:1562:9)\n    at SMTPConnection.<anonymous> (C:\\Users\\Usuario\\Desktop\\2022\\CoderHouse\\04 - Backend Página\\25 - trabajo_final\\node_modules\\nodemailer\\lib\\smtp-connection\\index.js:546:26)\n    at SMTPConnection._processResponse (C:\\Users\\Usuario\\Desktop\\2022\\CoderHouse\\04 - Backend Página\\25 - trabajo_final\\node_modules\\nodemailer\\lib\\smtp-connection\\index.js:953:20)\n    at SMTPConnection._onData (C:\\Users\\Usuario\\Desktop\\2022\\CoderHouse\\04 - Backend Página\\25 - trabajo_final\\node_modules\\nodemailer\\lib\\smtp-connection\\index.js:755:14)\n    at SMTPConnection._onSocketData (C:\\Users\\Usuario\\Desktop\\2022\\CoderHouse\\04 - Backend Página\\25 - trabajo_final\\node_modules\\nodemailer\\lib\\smtp-connection\\index.js:193:44)","type":"Error","msg":"No recipients defined"}
{"level":40,"time":1682120923213,"pid":8036,"hostname":"DESKTOP-G8F9RK0","msg":"Le queda (8719) segundos para que la sesion se expire"}
{"level":50,"time":1682120927662,"pid":8036,"hostname":"DESKTOP-G8F9RK0","code":"EENVELOPE","command":"API","stack":"Error: No recipients defined\n    at SMTPConnection._formatError (C:\\Users\\Usuario\\Desktop\\2022\\CoderHouse\\04 - Backend Página\\25 - trabajo_final\\node_modules\\nodemailer\\lib\\smtp-connection\\index.js:790:19)\n    at SMTPConnection._setEnvelope (C:\\Users\\Usuario\\Desktop\\2022\\CoderHouse\\04 - Backend Página\\25 - trabajo_final\\node_modules\\nodemailer\\lib\\smtp-connection\\index.js:1007:34)\n    at SMTPConnection.send (C:\\Users\\Usuario\\Desktop\\2022\\CoderHouse\\04 - Backend Página\\25 - trabajo_final\\node_modules\\nodemailer\\lib\\smtp-connection\\index.js:621:14)\n    at sendMessage (C:\\Users\\Usuario\\Desktop\\2022\\CoderHouse\\04 - Backend Página\\25 - trabajo_final\\node_modules\\nodemailer\\lib\\smtp-transport\\index.js:228:28)\n    at C:\\Users\\Usuario\\Desktop\\2022\\CoderHouse\\04 - Backend Página\\25 - trabajo_final\\node_modules\\nodemailer\\lib\\smtp-transport\\index.js:286:25\n    at SMTPConnection._actionAUTHComplete (C:\\Users\\Usuario\\Desktop\\2022\\CoderHouse\\04 - Backend Página\\25 - trabajo_final\\node_modules\\nodemailer\\lib\\smtp-connection\\index.js:1562:9)\n    at SMTPConnection.<anonymous> (C:\\Users\\Usuario\\Desktop\\2022\\CoderHouse\\04 - Backend Página\\25 - trabajo_final\\node_modules\\nodemailer\\lib\\smtp-connection\\index.js:546:26)\n    at SMTPConnection._processResponse (C:\\Users\\Usuario\\Desktop\\2022\\CoderHouse\\04 - Backend Página\\25 - trabajo_final\\node_modules\\nodemailer\\lib\\smtp-connection\\index.js:953:20)\n    at SMTPConnection._onData (C:\\Users\\Usuario\\Desktop\\2022\\CoderHouse\\04 - Backend Página\\25 - trabajo_final\\node_modules\\nodemailer\\lib\\smtp-connection\\index.js:755:14)\n    at SMTPConnection._onSocketData (C:\\Users\\Usuario\\Desktop\\2022\\CoderHouse\\04 - Backend Página\\25 - trabajo_final\\node_modules\\nodemailer\\lib\\smtp-connection\\index.js:193:44)","type":"Error","msg":"No recipients defined"}
{"level":40,"time":1682121373322,"pid":3104,"hostname":"DESKTOP-G8F9RK0","msg":"Le queda (8269) segundos para que la sesion se expire"}
{"level":50,"time":1682121377097,"pid":3104,"hostname":"DESKTOP-G8F9RK0","code":"EENVELOPE","command":"API","stack":"Error: No recipients defined\n    at SMTPConnection._formatError (C:\\Users\\Usuario\\Desktop\\2022\\CoderHouse\\04 - Backend Página\\25 - trabajo_final\\node_modules\\nodemailer\\lib\\smtp-connection\\index.js:790:19)\n    at SMTPConnection._setEnvelope (C:\\Users\\Usuario\\Desktop\\2022\\CoderHouse\\04 - Backend Página\\25 - trabajo_final\\node_modules\\nodemailer\\lib\\smtp-connection\\index.js:1007:34)\n    at SMTPConnection.send (C:\\Users\\Usuario\\Desktop\\2022\\CoderHouse\\04 - Backend Página\\25 - trabajo_final\\node_modules\\nodemailer\\lib\\smtp-connection\\index.js:621:14)\n    at sendMessage (C:\\Users\\Usuario\\Desktop\\2022\\CoderHouse\\04 - Backend Página\\25 - trabajo_final\\node_modules\\nodemailer\\lib\\smtp-transport\\index.js:228:28)\n    at C:\\Users\\Usuario\\Desktop\\2022\\CoderHouse\\04 - Backend Página\\25 - trabajo_final\\node_modules\\nodemailer\\lib\\smtp-transport\\index.js:286:25\n    at SMTPConnection._actionAUTHComplete (C:\\Users\\Usuario\\Desktop\\2022\\CoderHouse\\04 - Backend Página\\25 - trabajo_final\\node_modules\\nodemailer\\lib\\smtp-connection\\index.js:1562:9)\n    at SMTPConnection.<anonymous> (C:\\Users\\Usuario\\Desktop\\2022\\CoderHouse\\04 - Backend Página\\25 - trabajo_final\\node_modules\\nodemailer\\lib\\smtp-connection\\index.js:546:26)\n    at SMTPConnection._processResponse (C:\\Users\\Usuario\\Desktop\\2022\\CoderHouse\\04 - Backend Página\\25 - trabajo_final\\node_modules\\nodemailer\\lib\\smtp-connection\\index.js:953:20)\n    at SMTPConnection._onData (C:\\Users\\Usuario\\Desktop\\2022\\CoderHouse\\04 - Backend Página\\25 - trabajo_final\\node_modules\\nodemailer\\lib\\smtp-connection\\index.js:755:14)\n    at SMTPConnection._onSocketData (C:\\Users\\Usuario\\Desktop\\2022\\CoderHouse\\04 - Backend Página\\25 - trabajo_final\\node_modules\\nodemailer\\lib\\smtp-connection\\index.js:193:44)","type":"Error","msg":"No recipients defined"}
{"level":40,"time":1682121563731,"pid":10108,"hostname":"DESKTOP-G8F9RK0","msg":"Le queda (8079) segundos para que la sesion se expire"}
{"level":50,"time":1682121567838,"pid":10108,"hostname":"DESKTOP-G8F9RK0","code":"EENVELOPE","command":"API","stack":"Error: No recipients defined\n    at SMTPConnection._formatError (C:\\Users\\Usuario\\Desktop\\2022\\CoderHouse\\04 - Backend Página\\25 - trabajo_final\\node_modules\\nodemailer\\lib\\smtp-connection\\index.js:790:19)\n    at SMTPConnection._setEnvelope (C:\\Users\\Usuario\\Desktop\\2022\\CoderHouse\\04 - Backend Página\\25 - trabajo_final\\node_modules\\nodemailer\\lib\\smtp-connection\\index.js:1007:34)\n    at SMTPConnection.send (C:\\Users\\Usuario\\Desktop\\2022\\CoderHouse\\04 - Backend Página\\25 - trabajo_final\\node_modules\\nodemailer\\lib\\smtp-connection\\index.js:621:14)\n    at sendMessage (C:\\Users\\Usuario\\Desktop\\2022\\CoderHouse\\04 - Backend Página\\25 - trabajo_final\\node_modules\\nodemailer\\lib\\smtp-transport\\index.js:228:28)\n    at C:\\Users\\Usuario\\Desktop\\2022\\CoderHouse\\04 - Backend Página\\25 - trabajo_final\\node_modules\\nodemailer\\lib\\smtp-transport\\index.js:286:25\n    at SMTPConnection._actionAUTHComplete (C:\\Users\\Usuario\\Desktop\\2022\\CoderHouse\\04 - Backend Página\\25 - trabajo_final\\node_modules\\nodemailer\\lib\\smtp-connection\\index.js:1562:9)\n    at SMTPConnection.<anonymous> (C:\\Users\\Usuario\\Desktop\\2022\\CoderHouse\\04 - Backend Página\\25 - trabajo_final\\node_modules\\nodemailer\\lib\\smtp-connection\\index.js:546:26)\n    at SMTPConnection._processResponse (C:\\Users\\Usuario\\Desktop\\2022\\CoderHouse\\04 - Backend Página\\25 - trabajo_final\\node_modules\\nodemailer\\lib\\smtp-connection\\index.js:953:20)\n    at SMTPConnection._onData (C:\\Users\\Usuario\\Desktop\\2022\\CoderHouse\\04 - Backend Página\\25 - trabajo_final\\node_modules\\nodemailer\\lib\\smtp-connection\\index.js:755:14)\n    at SMTPConnection._onSocketData (C:\\Users\\Usuario\\Desktop\\2022\\CoderHouse\\04 - Backend Página\\25 - trabajo_final\\node_modules\\nodemailer\\lib\\smtp-connection\\index.js:193:44)","type":"Error","msg":"No recipients defined"}
{"level":50,"time":1682168354513,"pid":9836,"hostname":"DESKTOP-G8F9RK0","msg":"jwt expired"}
{"level":40,"time":1682168383689,"pid":9836,"hostname":"DESKTOP-G8F9RK0","msg":"Le queda (86384) segundos para que la sesion se expire"}
{"level":40,"time":1682168521136,"pid":5408,"hostname":"DESKTOP-G8F9RK0","msg":"Le queda (86246) segundos para que la sesion se expire"}
{"level":40,"time":1682168709642,"pid":5688,"hostname":"DESKTOP-G8F9RK0","msg":"Le queda (86058) segundos para que la sesion se expire"}
{"level":40,"time":1682168870235,"pid":11720,"hostname":"DESKTOP-G8F9RK0","msg":"Le queda (85897) segundos para que la sesion se expire"}
{"level":40,"time":1682169052512,"pid":11936,"hostname":"DESKTOP-G8F9RK0","msg":"Le queda (85715) segundos para que la sesion se expire"}
{"level":40,"time":1682169143153,"pid":6988,"hostname":"DESKTOP-G8F9RK0","msg":"Le queda (85624) segundos para que la sesion se expire"}
{"level":40,"time":1682169212481,"pid":792,"hostname":"DESKTOP-G8F9RK0","msg":"Le queda (85555) segundos para que la sesion se expire"}
{"level":40,"time":1682169352101,"pid":9944,"hostname":"DESKTOP-G8F9RK0","msg":"Le queda (25275) segundos para que la sesion se expire"}
{"level":40,"time":1682169354049,"pid":9944,"hostname":"DESKTOP-G8F9RK0","msg":"Le queda (25273) segundos para que la sesion se expire"}
{"level":40,"time":1682169371940,"pid":9944,"hostname":"DESKTOP-G8F9RK0","msg":"Le queda (25256) segundos para que la sesion se expire"}
{"level":40,"time":1682169386905,"pid":9944,"hostname":"DESKTOP-G8F9RK0","msg":"Le queda (85381) segundos para que la sesion se expire"}
{"level":50,"time":1682169387683,"pid":9944,"hostname":"DESKTOP-G8F9RK0","msg":"id is not defined"}
{"level":40,"time":1682169542203,"pid":11808,"hostname":"DESKTOP-G8F9RK0","msg":"Le queda (85225) segundos para que la sesion se expire"}
{"level":50,"time":1682169543024,"pid":11808,"hostname":"DESKTOP-G8F9RK0","msg":"_id is not defined"}
{"level":40,"time":1682169651211,"pid":7984,"hostname":"DESKTOP-G8F9RK0","msg":"Le queda (85116) segundos para que la sesion se expire"}
{"level":50,"time":1682169652029,"pid":7984,"hostname":"DESKTOP-G8F9RK0","msg":"name is not defined"}
{"level":40,"time":1682169797754,"pid":9192,"hostname":"DESKTOP-G8F9RK0","msg":"Le queda (84970) segundos para que la sesion se expire"}
{"level":40,"time":1682169936313,"pid":9192,"hostname":"DESKTOP-G8F9RK0","msg":"Le queda (84831) segundos para que la sesion se expire"}
{"level":40,"time":1682170805303,"pid":8584,"hostname":"DESKTOP-G8F9RK0","msg":"Le queda (83962) segundos para que la sesion se expire"}
{"level":40,"time":1682170926450,"pid":2148,"hostname":"DESKTOP-G8F9RK0","msg":"Le queda (83841) segundos para que la sesion se expire"}
{"level":40,"time":1682171048003,"pid":7624,"hostname":"DESKTOP-G8F9RK0","msg":"Le queda (83719) segundos para que la sesion se expire"}
{"level":40,"time":1682171128159,"pid":3920,"hostname":"DESKTOP-G8F9RK0","msg":"Le queda (83639) segundos para que la sesion se expire"}
{"level":40,"time":1682171389268,"pid":9892,"hostname":"DESKTOP-G8F9RK0","msg":"Le queda (83378) segundos para que la sesion se expire"}
{"level":40,"time":1682171425149,"pid":2524,"hostname":"DESKTOP-G8F9RK0","msg":"Le queda (83342) segundos para que la sesion se expire"}
{"level":40,"time":1682171462883,"pid":2160,"hostname":"DESKTOP-G8F9RK0","msg":"Le queda (83305) segundos para que la sesion se expire"}
{"level":40,"time":1682171603996,"pid":6136,"hostname":"DESKTOP-G8F9RK0","msg":"Le queda (83164) segundos para que la sesion se expire"}
{"level":40,"time":1682171709634,"pid":5744,"hostname":"DESKTOP-G8F9RK0","msg":"Le queda (83058) segundos para que la sesion se expire"}
{"level":40,"time":1682171771166,"pid":4504,"hostname":"DESKTOP-G8F9RK0","msg":"Le queda (82996) segundos para que la sesion se expire"}
{"level":40,"time":1682171858290,"pid":4316,"hostname":"DESKTOP-G8F9RK0","msg":"Le queda (82909) segundos para que la sesion se expire"}
{"level":40,"time":1682171901295,"pid":12168,"hostname":"DESKTOP-G8F9RK0","msg":"Le queda (82866) segundos para que la sesion se expire"}
{"level":40,"time":1682171928833,"pid":6956,"hostname":"DESKTOP-G8F9RK0","msg":"Le queda (82839) segundos para que la sesion se expire"}
{"level":40,"time":1682171947936,"pid":11332,"hostname":"DESKTOP-G8F9RK0","msg":"Le queda (82820) segundos para que la sesion se expire"}
{"level":40,"time":1682171987622,"pid":1228,"hostname":"DESKTOP-G8F9RK0","msg":"Le queda (82780) segundos para que la sesion se expire"}
{"level":40,"time":1682172020233,"pid":1328,"hostname":"DESKTOP-G8F9RK0","msg":"Le queda (82747) segundos para que la sesion se expire"}
{"level":40,"time":1682172040264,"pid":11192,"hostname":"DESKTOP-G8F9RK0","msg":"Le queda (82727) segundos para que la sesion se expire"}
{"level":40,"time":1682172187969,"pid":9984,"hostname":"DESKTOP-G8F9RK0","msg":"Le queda (82580) segundos para que la sesion se expire"}
{"level":40,"time":1682172222858,"pid":11580,"hostname":"DESKTOP-G8F9RK0","msg":"Le queda (82545) segundos para que la sesion se expire"}
{"level":40,"time":1682172269561,"pid":1220,"hostname":"DESKTOP-G8F9RK0","msg":"Le queda (82498) segundos para que la sesion se expire"}
{"level":40,"time":1682172298381,"pid":10204,"hostname":"DESKTOP-G8F9RK0","msg":"Le queda (82469) segundos para que la sesion se expire"}
{"level":40,"time":1682172388404,"pid":4424,"hostname":"DESKTOP-G8F9RK0","msg":"Le queda (82379) segundos para que la sesion se expire"}
{"level":40,"time":1682179400589,"pid":7656,"hostname":"DESKTOP-G8F9RK0","msg":"Le queda (15227) segundos para que la sesion se expire"}
{"level":40,"time":1682179544932,"pid":9220,"hostname":"DESKTOP-G8F9RK0","msg":"Le queda (15083) segundos para que la sesion se expire"}
{"level":40,"time":1682189746682,"pid":9572,"hostname":"DESKTOP-G8F9RK0","msg":"Le queda (65021) segundos para que la sesion se expire"}
{"level":40,"time":1682189754975,"pid":9572,"hostname":"DESKTOP-G8F9RK0","msg":"Le queda (65013) segundos para que la sesion se expire"}
{"level":40,"time":1682189829276,"pid":2492,"hostname":"DESKTOP-G8F9RK0","msg":"Le queda (64938) segundos para que la sesion se expire"}
{"level":40,"time":1682189864208,"pid":7748,"hostname":"DESKTOP-G8F9RK0","msg":"Le queda (64903) segundos para que la sesion se expire"}
{"level":40,"time":1682189989689,"pid":12336,"hostname":"DESKTOP-G8F9RK0","msg":"Le queda (86379) segundos para que la sesion se expire"}
{"level":40,"time":1682190061131,"pid":12380,"hostname":"DESKTOP-G8F9RK0","msg":"Le queda (86307) segundos para que la sesion se expire"}
{"level":40,"time":1682190139529,"pid":10368,"hostname":"DESKTOP-G8F9RK0","msg":"Le queda (86229) segundos para que la sesion se expire"}
{"level":40,"time":1682190220574,"pid":3192,"hostname":"DESKTOP-G8F9RK0","msg":"Le queda (86148) segundos para que la sesion se expire"}
{"level":40,"time":1682190261014,"pid":3192,"hostname":"DESKTOP-G8F9RK0","msg":"Le queda (86107) segundos para que la sesion se expire"}
{"level":40,"time":1682190271560,"pid":3192,"hostname":"DESKTOP-G8F9RK0","msg":"Le queda (86097) segundos para que la sesion se expire"}
{"level":40,"time":1682190422097,"pid":5796,"hostname":"DESKTOP-G8F9RK0","msg":"Le queda (85946) segundos para que la sesion se expire"}
{"level":40,"time":1682190535646,"pid":12600,"hostname":"DESKTOP-G8F9RK0","msg":"Le queda (85833) segundos para que la sesion se expire"}
{"level":40,"time":1682190631688,"pid":1248,"hostname":"DESKTOP-G8F9RK0","msg":"Le queda (85737) segundos para que la sesion se expire"}
{"level":40,"time":1682190860158,"pid":3220,"hostname":"DESKTOP-G8F9RK0","msg":"Le queda (85508) segundos para que la sesion se expire"}
{"level":40,"time":1682190992537,"pid":2236,"hostname":"DESKTOP-G8F9RK0","msg":"Le queda (85376) segundos para que la sesion se expire"}
{"level":40,"time":1682191048125,"pid":2236,"hostname":"DESKTOP-G8F9RK0","msg":"Le queda (3579) segundos para que la sesion se expire"}
{"level":40,"time":1682191049240,"pid":2236,"hostname":"DESKTOP-G8F9RK0","msg":"Le queda (3578) segundos para que la sesion se expire"}
{"level":40,"time":1682191055724,"pid":2236,"hostname":"DESKTOP-G8F9RK0","msg":"Le queda (85313) segundos para que la sesion se expire"}
{"level":40,"time":1682191857307,"pid":12600,"hostname":"DESKTOP-G8F9RK0","msg":"Le queda (84511) segundos para que la sesion se expire"}
{"level":40,"time":1682191857574,"pid":12600,"hostname":"DESKTOP-G8F9RK0","msg":"No hay productos en el carrito"}
{"level":40,"time":1682191865392,"pid":12600,"hostname":"DESKTOP-G8F9RK0","msg":"Le queda (2762) segundos para que la sesion se expire"}
{"level":40,"time":1682191866454,"pid":12600,"hostname":"DESKTOP-G8F9RK0","msg":"Le queda (2761) segundos para que la sesion se expire"}
{"level":40,"time":1682191869149,"pid":12600,"hostname":"DESKTOP-G8F9RK0","msg":"Le queda (84499) segundos para que la sesion se expire"}
{"level":50,"time":1682191870196,"pid":12600,"hostname":"DESKTOP-G8F9RK0","msg":"userService.buscar_usuario_por_id is not a function"}
{"level":40,"time":1682191965340,"pid":4988,"hostname":"DESKTOP-G8F9RK0","msg":"Le queda (84403) segundos para que la sesion se expire"}
{"level":50,"time":1682191966727,"pid":4988,"hostname":"DESKTOP-G8F9RK0","msg":"cartService is not defined"}
{"level":40,"time":1682192011383,"pid":10360,"hostname":"DESKTOP-G8F9RK0","msg":"Le queda (84357) segundos para que la sesion se expire"}
{"level":50,"time":1682192012822,"pid":10360,"hostname":"DESKTOP-G8F9RK0","msg":"nodemailer is not defined"}
{"level":40,"time":1682192062884,"pid":11972,"hostname":"DESKTOP-G8F9RK0","msg":"Le queda (84306) segundos para que la sesion se expire"}
{"level":50,"time":1682192064261,"pid":11972,"hostname":"DESKTOP-G8F9RK0","msg":"EMAILADMIN is not defined"}
{"level":40,"time":1682192092812,"pid":7304,"hostname":"DESKTOP-G8F9RK0","msg":"Le queda (84276) segundos para que la sesion se expire"}
{"level":50,"time":1682192094128,"pid":7304,"hostname":"DESKTOP-G8F9RK0","msg":"Cannot read properties of null (reading 'lastname')"}
{"level":40,"time":1682192148152,"pid":1588,"hostname":"DESKTOP-G8F9RK0","msg":"Le queda (84220) segundos para que la sesion se expire"}
{"level":50,"time":1682192149495,"pid":1588,"hostname":"DESKTOP-G8F9RK0","msg":"Cannot read properties of null (reading 'lastname')"}
{"level":40,"time":1682192196757,"pid":11660,"hostname":"DESKTOP-G8F9RK0","msg":"Le queda (84172) segundos para que la sesion se expire"}
{"level":40,"time":1682192532511,"pid":3080,"hostname":"DESKTOP-G8F9RK0","msg":"Le queda (83836) segundos para que la sesion se expire"}
{"level":40,"time":1682192587830,"pid":10780,"hostname":"DESKTOP-G8F9RK0","msg":"Le queda (83781) segundos para que la sesion se expire"}
{"level":40,"time":1682192588106,"pid":10780,"hostname":"DESKTOP-G8F9RK0","msg":"No hay productos en el carrito"}
{"level":40,"time":1682192593121,"pid":10780,"hostname":"DESKTOP-G8F9RK0","msg":"Le queda (2034) segundos para que la sesion se expire"}
{"level":40,"time":1682192594154,"pid":10780,"hostname":"DESKTOP-G8F9RK0","msg":"Le queda (2033) segundos para que la sesion se expire"}
{"level":40,"time":1682192597578,"pid":10780,"hostname":"DESKTOP-G8F9RK0","msg":"Le queda (83771) segundos para que la sesion se expire"}
{"level":40,"time":1682257614518,"pid":1952,"hostname":"DESKTOP-G8F9RK0","msg":"Le queda (18754) segundos para que la sesion se expire"}
{"level":40,"time":1682257696712,"pid":6872,"hostname":"DESKTOP-G8F9RK0","msg":"Le queda (18672) segundos para que la sesion se expire"}
{"level":50,"time":1682257758224,"pid":6872,"hostname":"DESKTOP-G8F9RK0","msg":"jwt expired"}
{"level":40,"time":1682257770994,"pid":6872,"hostname":"DESKTOP-G8F9RK0","msg":"Le queda (86319) segundos para que la sesion se expire"}
{"level":40,"time":1682257772662,"pid":6872,"hostname":"DESKTOP-G8F9RK0","msg":"Le queda (86317) segundos para que la sesion se expire"}
{"level":40,"time":1682257810450,"pid":6872,"hostname":"DESKTOP-G8F9RK0","msg":"Le queda (18558) segundos para que la sesion se expire"}
{"level":40,"time":1682257880195,"pid":7660,"hostname":"DESKTOP-G8F9RK0","msg":"Le queda (18488) segundos para que la sesion se expire"}
{"level":40,"time":1682257987074,"pid":2072,"hostname":"DESKTOP-G8F9RK0","msg":"Le queda (18381) segundos para que la sesion se expire"}
{"level":40,"time":1682258050290,"pid":9844,"hostname":"DESKTOP-G8F9RK0","msg":"Le queda (18318) segundos para que la sesion se expire"}
{"level":40,"time":1682258185063,"pid":3156,"hostname":"DESKTOP-G8F9RK0","msg":"Le queda (18183) segundos para que la sesion se expire"}
{"level":40,"time":1682258230883,"pid":9492,"hostname":"DESKTOP-G8F9RK0","msg":"Le queda (18138) segundos para que la sesion se expire"}
{"level":40,"time":1682258738601,"pid":9184,"hostname":"DESKTOP-G8F9RK0","msg":"Le queda (17630) segundos para que la sesion se expire"}
{"level":40,"time":1682258746159,"pid":9184,"hostname":"DESKTOP-G8F9RK0","msg":"Le queda (17622) segundos para que la sesion se expire"}
{"level":40,"time":1682259007971,"pid":5660,"hostname":"DESKTOP-G8F9RK0","msg":"Le queda (17361) segundos para que la sesion se expire"}
{"level":40,"time":1682259077960,"pid":3464,"hostname":"DESKTOP-G8F9RK0","msg":"Le queda (17291) segundos para que la sesion se expire"}
{"level":40,"time":1682259141362,"pid":11040,"hostname":"DESKTOP-G8F9RK0","msg":"Le queda (17227) segundos para que la sesion se expire"}
{"level":40,"time":1682259174623,"pid":1456,"hostname":"DESKTOP-G8F9RK0","msg":"Le queda (17194) segundos para que la sesion se expire"}
{"level":40,"time":1682259205531,"pid":2224,"hostname":"DESKTOP-G8F9RK0","msg":"Le queda (17163) segundos para que la sesion se expire"}
{"level":40,"time":1682259261374,"pid":3372,"hostname":"DESKTOP-G8F9RK0","msg":"Le queda (17107) segundos para que la sesion se expire"}
{"level":40,"time":1682259310839,"pid":5964,"hostname":"DESKTOP-G8F9RK0","msg":"Le queda (17058) segundos para que la sesion se expire"}
{"level":40,"time":1682259350076,"pid":1720,"hostname":"DESKTOP-G8F9RK0","msg":"Le queda (17018) segundos para que la sesion se expire"}
{"level":40,"time":1682259385077,"pid":9000,"hostname":"DESKTOP-G8F9RK0","msg":"Le queda (16983) segundos para que la sesion se expire"}
{"level":40,"time":1682259425435,"pid":2444,"hostname":"DESKTOP-G8F9RK0","msg":"Le queda (16943) segundos para que la sesion se expire"}
{"level":40,"time":1682259545897,"pid":8856,"hostname":"DESKTOP-G8F9RK0","msg":"Le queda (16823) segundos para que la sesion se expire"}
{"level":40,"time":1682259603988,"pid":8000,"hostname":"DESKTOP-G8F9RK0","msg":"Le queda (16765) segundos para que la sesion se expire"}
{"level":40,"time":1682259642079,"pid":2496,"hostname":"DESKTOP-G8F9RK0","msg":"Le queda (16726) segundos para que la sesion se expire"}
{"level":40,"time":1682259768023,"pid":10848,"hostname":"DESKTOP-G8F9RK0","msg":"Le queda (16600) segundos para que la sesion se expire"}
{"level":40,"time":1682259831330,"pid":6424,"hostname":"DESKTOP-G8F9RK0","msg":"Le queda (16537) segundos para que la sesion se expire"}
{"level":40,"time":1682259914969,"pid":6456,"hostname":"DESKTOP-G8F9RK0","msg":"Le queda (16454) segundos para que la sesion se expire"}
{"level":40,"time":1682260058664,"pid":8500,"hostname":"DESKTOP-G8F9RK0","msg":"Le queda (16310) segundos para que la sesion se expire"}
{"level":40,"time":1682260127246,"pid":2172,"hostname":"DESKTOP-G8F9RK0","msg":"Le queda (16241) segundos para que la sesion se expire"}
{"level":40,"time":1682260156762,"pid":6356,"hostname":"DESKTOP-G8F9RK0","msg":"Le queda (16212) segundos para que la sesion se expire"}
{"level":40,"time":1682260188485,"pid":11108,"hostname":"DESKTOP-G8F9RK0","msg":"Le queda (16180) segundos para que la sesion se expire"}
{"level":40,"time":1682260288041,"pid":2096,"hostname":"DESKTOP-G8F9RK0","msg":"Le queda (16080) segundos para que la sesion se expire"}
{"level":40,"time":1682260408244,"pid":7632,"hostname":"DESKTOP-G8F9RK0","msg":"Le queda (15960) segundos para que la sesion se expire"}
{"level":40,"time":1682260804811,"pid":4664,"hostname":"DESKTOP-G8F9RK0","msg":"Le queda (15564) segundos para que la sesion se expire"}
{"level":40,"time":1682261103241,"pid":1232,"hostname":"DESKTOP-G8F9RK0","msg":"Le queda (15265) segundos para que la sesion se expire"}
{"level":40,"time":1682261378841,"pid":10736,"hostname":"DESKTOP-G8F9RK0","msg":"Le queda (14990) segundos para que la sesion se expire"}
{"level":40,"time":1682261408385,"pid":10196,"hostname":"DESKTOP-G8F9RK0","msg":"Le queda (14960) segundos para que la sesion se expire"}
{"level":40,"time":1682261641665,"pid":2932,"hostname":"DESKTOP-G8F9RK0","msg":"Le queda (14727) segundos para que la sesion se expire"}
{"level":40,"time":1682261717648,"pid":6032,"hostname":"DESKTOP-G8F9RK0","msg":"Le queda (14651) segundos para que la sesion se expire"}
{"level":40,"time":1682261742326,"pid":4508,"hostname":"DESKTOP-G8F9RK0","msg":"Le queda (14626) segundos para que la sesion se expire"}
{"level":40,"time":1682261831342,"pid":5404,"hostname":"DESKTOP-G8F9RK0","msg":"Le queda (14537) segundos para que la sesion se expire"}
{"level":40,"time":1682261927925,"pid":7852,"hostname":"DESKTOP-G8F9RK0","msg":"Le queda (14441) segundos para que la sesion se expire"}
{"level":40,"time":1682261976968,"pid":7160,"hostname":"DESKTOP-G8F9RK0","msg":"Le queda (14392) segundos para que la sesion se expire"}
{"level":40,"time":1682262010016,"pid":10032,"hostname":"DESKTOP-G8F9RK0","msg":"Le queda (14358) segundos para que la sesion se expire"}
{"level":40,"time":1682262040050,"pid":9564,"hostname":"DESKTOP-G8F9RK0","msg":"Le queda (14328) segundos para que la sesion se expire"}
{"level":40,"time":1682262276033,"pid":10768,"hostname":"DESKTOP-G8F9RK0","msg":"Le queda (14092) segundos para que la sesion se expire"}
{"level":40,"time":1682262312853,"pid":1340,"hostname":"DESKTOP-G8F9RK0","msg":"Le queda (14056) segundos para que la sesion se expire"}
{"level":40,"time":1682262360804,"pid":6804,"hostname":"DESKTOP-G8F9RK0","msg":"Le queda (14008) segundos para que la sesion se expire"}
{"level":40,"time":1682262374494,"pid":10744,"hostname":"DESKTOP-G8F9RK0","msg":"Le queda (13994) segundos para que la sesion se expire"}
{"level":40,"time":1682262418684,"pid":10776,"hostname":"DESKTOP-G8F9RK0","msg":"Le queda (13950) segundos para que la sesion se expire"}
{"level":40,"time":1682262454305,"pid":8896,"hostname":"DESKTOP-G8F9RK0","msg":"Le queda (13914) segundos para que la sesion se expire"}
{"level":40,"time":1682262521602,"pid":7160,"hostname":"DESKTOP-G8F9RK0","msg":"Le queda (13847) segundos para que la sesion se expire"}
{"level":40,"time":1682262542162,"pid":5488,"hostname":"DESKTOP-G8F9RK0","msg":"Le queda (13826) segundos para que la sesion se expire"}
{"level":40,"time":1682262651766,"pid":10400,"hostname":"DESKTOP-G8F9RK0","msg":"Le queda (13717) segundos para que la sesion se expire"}
{"level":40,"time":1682262754494,"pid":2316,"hostname":"DESKTOP-G8F9RK0","msg":"Le queda (13614) segundos para que la sesion se expire"}
{"level":40,"time":1682262922315,"pid":4568,"hostname":"DESKTOP-G8F9RK0","msg":"Le queda (13446) segundos para que la sesion se expire"}
{"level":40,"time":1682263023850,"pid":9824,"hostname":"DESKTOP-G8F9RK0","msg":"Le queda (13345) segundos para que la sesion se expire"}
{"level":40,"time":1682263088264,"pid":9076,"hostname":"DESKTOP-G8F9RK0","msg":"Le queda (13280) segundos para que la sesion se expire"}
{"level":40,"time":1682263140806,"pid":10812,"hostname":"DESKTOP-G8F9RK0","msg":"Le queda (13228) segundos para que la sesion se expire"}
{"level":40,"time":1682263189973,"pid":5824,"hostname":"DESKTOP-G8F9RK0","msg":"Le queda (13179) segundos para que la sesion se expire"}
{"level":40,"time":1682263271366,"pid":2204,"hostname":"DESKTOP-G8F9RK0","msg":"Le queda (13097) segundos para que la sesion se expire"}
{"level":40,"time":1682263402495,"pid":9660,"hostname":"DESKTOP-G8F9RK0","msg":"Le queda (12966) segundos para que la sesion se expire"}
{"level":40,"time":1682263423084,"pid":9660,"hostname":"DESKTOP-G8F9RK0","msg":"Le queda (80666) segundos para que la sesion se expire"}
{"level":40,"time":1682263424786,"pid":9660,"hostname":"DESKTOP-G8F9RK0","msg":"Le queda (80665) segundos para que la sesion se expire"}
{"level":40,"time":1682263427884,"pid":9660,"hostname":"DESKTOP-G8F9RK0","msg":"Le queda (12941) segundos para que la sesion se expire"}
{"level":40,"time":1682263501013,"pid":10848,"hostname":"DESKTOP-G8F9RK0","msg":"Le queda (12867) segundos para que la sesion se expire"}
{"level":40,"time":1682263639966,"pid":2368,"hostname":"DESKTOP-G8F9RK0","msg":"Le queda (12729) segundos para que la sesion se expire"}
{"level":40,"time":1682263718132,"pid":10092,"hostname":"DESKTOP-G8F9RK0","msg":"Le queda (12650) segundos para que la sesion se expire"}
{"level":40,"time":1682263786247,"pid":10128,"hostname":"DESKTOP-G8F9RK0","msg":"Le queda (12582) segundos para que la sesion se expire"}
{"level":40,"time":1682265211253,"pid":8200,"hostname":"DESKTOP-G8F9RK0","msg":"Le queda (11157) segundos para que la sesion se expire"}
{"level":40,"time":1682265475136,"pid":10616,"hostname":"DESKTOP-G8F9RK0","msg":"Le queda (10893) segundos para que la sesion se expire"}
{"level":40,"time":1682265563294,"pid":9508,"hostname":"DESKTOP-G8F9RK0","msg":"Le queda (10805) segundos para que la sesion se expire"}
{"level":40,"time":1682265640522,"pid":9588,"hostname":"DESKTOP-G8F9RK0","msg":"Le queda (10728) segundos para que la sesion se expire"}
{"level":40,"time":1682265691322,"pid":7192,"hostname":"DESKTOP-G8F9RK0","msg":"Le queda (10677) segundos para que la sesion se expire"}
{"level":40,"time":1682265710196,"pid":4352,"hostname":"DESKTOP-G8F9RK0","msg":"Le queda (10658) segundos para que la sesion se expire"}
{"level":40,"time":1682265756825,"pid":2932,"hostname":"DESKTOP-G8F9RK0","msg":"Le queda (10612) segundos para que la sesion se expire"}
{"level":40,"time":1682265861420,"pid":2932,"hostname":"DESKTOP-G8F9RK0","msg":"Le queda (78228) segundos para que la sesion se expire"}
{"level":40,"time":1682265864909,"pid":2932,"hostname":"DESKTOP-G8F9RK0","msg":"Le queda (10504) segundos para que la sesion se expire"}
{"level":40,"time":1682266248829,"pid":7924,"hostname":"DESKTOP-G8F9RK0","msg":"Le queda (10120) segundos para que la sesion se expire"}
{"level":40,"time":1682266254180,"pid":7924,"hostname":"DESKTOP-G8F9RK0","msg":"Le queda (77835) segundos para que la sesion se expire"}
{"level":40,"time":1682266259837,"pid":7924,"hostname":"DESKTOP-G8F9RK0","msg":"Le queda (10109) segundos para que la sesion se expire"}
{"level":40,"time":1682269574444,"pid":6252,"hostname":"DESKTOP-G8F9RK0","msg":"Le queda (6794) segundos para que la sesion se expire"}
{"level":40,"time":1682269710483,"pid":11828,"hostname":"DESKTOP-G8F9RK0","msg":"Le queda (6658) segundos para que la sesion se expire"}
{"level":40,"time":1682269780893,"pid":11828,"hostname":"DESKTOP-G8F9RK0","msg":"Le queda (6588) segundos para que la sesion se expire"}
{"level":40,"time":1682269790644,"pid":11828,"hostname":"DESKTOP-G8F9RK0","msg":"Le queda (6578) segundos para que la sesion se expire"}
{"level":40,"time":1682269804250,"pid":11828,"hostname":"DESKTOP-G8F9RK0","msg":"Le queda (74285) segundos para que la sesion se expire"}
{"level":40,"time":1682269807676,"pid":11828,"hostname":"DESKTOP-G8F9RK0","msg":"Le queda (6561) segundos para que la sesion se expire"}
{"level":40,"time":1682269819713,"pid":11828,"hostname":"DESKTOP-G8F9RK0","msg":"Le queda (6549) segundos para que la sesion se expire"}
{"level":40,"time":1682269845354,"pid":11828,"hostname":"DESKTOP-G8F9RK0","msg":"Le queda (6523) segundos para que la sesion se expire"}
{"level":40,"time":1682270195293,"pid":11476,"hostname":"DESKTOP-G8F9RK0","msg":"Le queda (6173) segundos para que la sesion se expire"}
{"level":40,"time":1682270304244,"pid":7972,"hostname":"DESKTOP-G8F9RK0","msg":"Le queda (6064) segundos para que la sesion se expire"}
{"level":40,"time":1682270372367,"pid":6064,"hostname":"DESKTOP-G8F9RK0","msg":"Le queda (5996) segundos para que la sesion se expire"}
{"level":40,"time":1682270440224,"pid":10100,"hostname":"DESKTOP-G8F9RK0","msg":"Le queda (5928) segundos para que la sesion se expire"}
{"level":40,"time":1682270481644,"pid":7156,"hostname":"DESKTOP-G8F9RK0","msg":"Le queda (5887) segundos para que la sesion se expire"}
{"level":40,"time":1682270547317,"pid":12176,"hostname":"DESKTOP-G8F9RK0","msg":"Le queda (5821) segundos para que la sesion se expire"}
{"level":40,"time":1682270638474,"pid":12176,"hostname":"DESKTOP-G8F9RK0","msg":"Le queda (5730) segundos para que la sesion se expire"}
{"level":40,"time":1682270682949,"pid":11664,"hostname":"DESKTOP-G8F9RK0","msg":"Le queda (5686) segundos para que la sesion se expire"}
{"level":40,"time":1682270685501,"pid":11664,"hostname":"DESKTOP-G8F9RK0","msg":"Le queda (5683) segundos para que la sesion se expire"}
{"level":40,"time":1682270724162,"pid":11560,"hostname":"DESKTOP-G8F9RK0","msg":"Le queda (5644) segundos para que la sesion se expire"}
{"level":40,"time":1682270779755,"pid":11968,"hostname":"DESKTOP-G8F9RK0","msg":"Le queda (5589) segundos para que la sesion se expire"}
{"level":40,"time":1682270804064,"pid":2244,"hostname":"DESKTOP-G8F9RK0","msg":"Le queda (5564) segundos para que la sesion se expire"}
{"level":40,"time":1682270856605,"pid":11340,"hostname":"DESKTOP-G8F9RK0","msg":"Le queda (5512) segundos para que la sesion se expire"}
{"level":40,"time":1682270890409,"pid":3596,"hostname":"DESKTOP-G8F9RK0","msg":"Le queda (5478) segundos para que la sesion se expire"}
{"level":40,"time":1682270898642,"pid":3596,"hostname":"DESKTOP-G8F9RK0","msg":"Le queda (73191) segundos para que la sesion se expire"}
{"level":40,"time":1682270902835,"pid":3596,"hostname":"DESKTOP-G8F9RK0","msg":"Le queda (5466) segundos para que la sesion se expire"}
{"level":40,"time":1682270911855,"pid":3596,"hostname":"DESKTOP-G8F9RK0","msg":"Le queda (5457) segundos para que la sesion se expire"}
{"level":40,"time":1682270924158,"pid":3596,"hostname":"DESKTOP-G8F9RK0","msg":"Le queda (5444) segundos para que la sesion se expire"}
{"level":40,"time":1682273540162,"pid":14708,"hostname":"DESKTOP-G8F9RK0","msg":"Le queda (70549) segundos para que la sesion se expire"}
{"level":40,"time":1682273639176,"pid":2664,"hostname":"DESKTOP-G8F9RK0","msg":"Le queda (70450) segundos para que la sesion se expire"}
{"level":40,"time":1682273716572,"pid":12468,"hostname":"DESKTOP-G8F9RK0","msg":"Le queda (70373) segundos para que la sesion se expire"}
{"level":40,"time":1682273765268,"pid":16416,"hostname":"DESKTOP-G8F9RK0","msg":"Le queda (70324) segundos para que la sesion se expire"}
{"level":40,"time":1682274105810,"pid":3076,"hostname":"DESKTOP-G8F9RK0","msg":"Le queda (69984) segundos para que la sesion se expire"}
{"level":40,"time":1682274202997,"pid":15288,"hostname":"DESKTOP-G8F9RK0","msg":"Le queda (69887) segundos para que la sesion se expire"}
{"level":40,"time":1682274276196,"pid":8400,"hostname":"DESKTOP-G8F9RK0","msg":"Le queda (69813) segundos para que la sesion se expire"}
{"level":40,"time":1682274338432,"pid":16060,"hostname":"DESKTOP-G8F9RK0","msg":"Le queda (69751) segundos para que la sesion se expire"}
{"level":40,"time":1682274391229,"pid":11964,"hostname":"DESKTOP-G8F9RK0","msg":"Le queda (69698) segundos para que la sesion se expire"}
{"level":40,"time":1682274431871,"pid":16324,"hostname":"DESKTOP-G8F9RK0","msg":"Le queda (69658) segundos para que la sesion se expire"}
{"level":40,"time":1682274463895,"pid":13932,"hostname":"DESKTOP-G8F9RK0","msg":"Le queda (69626) segundos para que la sesion se expire"}
{"level":40,"time":1682274536875,"pid":5892,"hostname":"DESKTOP-G8F9RK0","msg":"Le queda (69553) segundos para que la sesion se expire"}
{"level":40,"time":1682274552780,"pid":5892,"hostname":"DESKTOP-G8F9RK0","msg":"Le queda (69537) segundos para que la sesion se expire"}
{"level":40,"time":1682274582072,"pid":5892,"hostname":"DESKTOP-G8F9RK0","msg":"Le queda (69507) segundos para que la sesion se expire"}
{"level":40,"time":1682274705277,"pid":12980,"hostname":"DESKTOP-G8F9RK0","msg":"Le queda (69384) segundos para que la sesion se expire"}
{"level":40,"time":1682275141933,"pid":2052,"hostname":"DESKTOP-G8F9RK0","msg":"Le queda (68948) segundos para que la sesion se expire"}
{"level":40,"time":1682275260775,"pid":11908,"hostname":"DESKTOP-G8F9RK0","msg":"Le queda (68829) segundos para que la sesion se expire"}
{"level":40,"time":1682275281603,"pid":11908,"hostname":"DESKTOP-G8F9RK0","msg":"Le queda (68808) segundos para que la sesion se expire"}
{"level":40,"time":1682275331660,"pid":9784,"hostname":"DESKTOP-G8F9RK0","msg":"Le queda (68758) segundos para que la sesion se expire"}
{"level":40,"time":1682276955070,"pid":9516,"hostname":"DESKTOP-G8F9RK0","msg":"Le queda (67134) segundos para que la sesion se expire"}
{"level":40,"time":1682277187770,"pid":7604,"hostname":"DESKTOP-G8F9RK0","msg":"Le queda (66902) segundos para que la sesion se expire"}
{"level":40,"time":1682277487671,"pid":11980,"hostname":"DESKTOP-G8F9RK0","msg":"Le queda (66602) segundos para que la sesion se expire"}
{"level":50,"time":1682277487937,"pid":11980,"hostname":"DESKTOP-G8F9RK0","msg":"No hay carrito"}
{"level":40,"time":1682277549323,"pid":7568,"hostname":"DESKTOP-G8F9RK0","msg":"Le queda (66540) segundos para que la sesion se expire"}
{"level":50,"time":1682277549590,"pid":7568,"hostname":"DESKTOP-G8F9RK0","msg":"No hay productos en el carrito"}
{"level":40,"time":1682277573773,"pid":1240,"hostname":"DESKTOP-G8F9RK0","msg":"Le queda (66516) segundos para que la sesion se expire"}
{"level":50,"time":1682277574051,"pid":1240,"hostname":"DESKTOP-G8F9RK0","msg":"No hay productos en el carrito"}
{"level":40,"time":1682277601670,"pid":7160,"hostname":"DESKTOP-G8F9RK0","msg":"Le queda (66488) segundos para que la sesion se expire"}
{"level":50,"time":1682281906948,"pid":2516,"hostname":"DESKTOP-G8F9RK0","msg":"jwt expired"}
{"level":40,"time":1682281949888,"pid":2516,"hostname":"DESKTOP-G8F9RK0","msg":"Le queda (86377) segundos para que la sesion se expire"}
{"level":40,"time":1682282024835,"pid":2516,"hostname":"DESKTOP-G8F9RK0","msg":"Le queda (62065) segundos para que la sesion se expire"}
{"level":50,"time":1682282025086,"pid":2516,"hostname":"DESKTOP-G8F9RK0","msg":"el carrito para el usuario (cuevabros2005@gmail.com) no tiene productos"}
{"level":40,"time":1682282040005,"pid":2516,"hostname":"DESKTOP-G8F9RK0","msg":"Le queda (62049) segundos para que la sesion se expire"}
{"level":50,"time":1682282040576,"pid":2516,"hostname":"DESKTOP-G8F9RK0","msg":"no se encontró producto con ese id (bb6c8337-3e06-4fdb-9f71-1228a16df0a97)"}
{"level":40,"time":1682282041059,"pid":2516,"hostname":"DESKTOP-G8F9RK0","msg":"Le queda (62048) segundos para que la sesion se expire"}
{"level":50,"time":1682282041561,"pid":2516,"hostname":"DESKTOP-G8F9RK0","msg":"no se encontró producto con ese id (bb6c8337-3e06-4fdb-9f71-1228a16df0a97)"}
{"level":40,"time":1682282049551,"pid":2516,"hostname":"DESKTOP-G8F9RK0","msg":"Le queda (62040) segundos para que la sesion se expire"}
{"level":40,"time":1682282051441,"pid":2516,"hostname":"DESKTOP-G8F9RK0","msg":"Le queda (62038) segundos para que la sesion se expire"}
{"level":40,"time":1682282053327,"pid":2516,"hostname":"DESKTOP-G8F9RK0","msg":"Le queda (62036) segundos para que la sesion se expire"}
{"level":40,"time":1682282062389,"pid":2516,"hostname":"DESKTOP-G8F9RK0","msg":"Le queda (62027) segundos para que la sesion se expire"}
{"level":40,"time":1682282128610,"pid":10416,"hostname":"DESKTOP-G8F9RK0","msg":"Le queda (61961) segundos para que la sesion se expire"}
{"level":50,"time":1682282128874,"pid":10416,"hostname":"DESKTOP-G8F9RK0","msg":"el carrito para el usuario (cuevabros2005@gmail.com) no tiene productos"}
{"level":40,"time":1682282134045,"pid":10416,"hostname":"DESKTOP-G8F9RK0","msg":"Le queda (61955) segundos para que la sesion se expire"}
{"level":40,"time":1682282135618,"pid":10416,"hostname":"DESKTOP-G8F9RK0","msg":"Le queda (61954) segundos para que la sesion se expire"}
{"level":40,"time":1682282136912,"pid":10416,"hostname":"DESKTOP-G8F9RK0","msg":"Le queda (61953) segundos para que la sesion se expire"}
{"level":40,"time":1682282144699,"pid":10416,"hostname":"DESKTOP-G8F9RK0","msg":"Le queda (61945) segundos para que la sesion se expire"}
{"level":40,"time":1682282180723,"pid":8492,"hostname":"DESKTOP-G8F9RK0","msg":"Le queda (61909) segundos para que la sesion se expire"}
{"level":40,"time":1682282182144,"pid":8492,"hostname":"DESKTOP-G8F9RK0","msg":"Le queda (61907) segundos para que la sesion se expire"}
{"level":40,"time":1682282185878,"pid":8492,"hostname":"DESKTOP-G8F9RK0","msg":"Le queda (61904) segundos para que la sesion se expire"}
{"level":40,"time":1682282199998,"pid":8492,"hostname":"DESKTOP-G8F9RK0","msg":"Le queda (61890) segundos para que la sesion se expire"}
{"level":40,"time":1682282201487,"pid":8492,"hostname":"DESKTOP-G8F9RK0","msg":"Le queda (61888) segundos para que la sesion se expire"}
{"level":40,"time":1682282216140,"pid":8492,"hostname":"DESKTOP-G8F9RK0","msg":"Le queda (61873) segundos para que la sesion se expire"}
{"level":40,"time":1682282239350,"pid":8492,"hostname":"DESKTOP-G8F9RK0","msg":"Le queda (61850) segundos para que la sesion se expire"}
{"level":40,"time":1682282312937,"pid":11988,"hostname":"DESKTOP-G8F9RK0","msg":"Le queda (61777) segundos para que la sesion se expire"}
{"level":50,"time":1682282313207,"pid":11988,"hostname":"DESKTOP-G8F9RK0","msg":"el carrito para el usuario (cuevabros2005@gmail.com) no tiene productos"}
{"level":40,"time":1682282318134,"pid":11988,"hostname":"DESKTOP-G8F9RK0","msg":"Le queda (61771) segundos para que la sesion se expire"}
{"level":40,"time":1682282319701,"pid":11988,"hostname":"DESKTOP-G8F9RK0","msg":"Le queda (61770) segundos para que la sesion se expire"}
{"level":40,"time":1682282324702,"pid":11988,"hostname":"DESKTOP-G8F9RK0","msg":"Le queda (61765) segundos para que la sesion se expire"}
{"level":40,"time":1682287259609,"pid":4776,"hostname":"DESKTOP-G8F9RK0","msg":"Le queda (56830) segundos para que la sesion se expire"}
{"level":40,"time":1682287367236,"pid":10140,"hostname":"DESKTOP-G8F9RK0","msg":"Le queda (56722) segundos para que la sesion se expire"}
{"level":40,"time":1682287421987,"pid":6960,"hostname":"DESKTOP-G8F9RK0","msg":"Le queda (56668) segundos para que la sesion se expire"}
{"level":40,"time":1682287543687,"pid":8404,"hostname":"DESKTOP-G8F9RK0","msg":"Le queda (56546) segundos para que la sesion se expire"}
{"level":40,"time":1682287633263,"pid":6248,"hostname":"DESKTOP-G8F9RK0","msg":"Le queda (56456) segundos para que la sesion se expire"}
{"level":40,"time":1682287732095,"pid":5876,"hostname":"DESKTOP-G8F9RK0","msg":"Le queda (56357) segundos para que la sesion se expire"}
{"level":40,"time":1682287783746,"pid":5244,"hostname":"DESKTOP-G8F9RK0","msg":"Le queda (56306) segundos para que la sesion se expire"}
{"level":40,"time":1682287792595,"pid":5244,"hostname":"DESKTOP-G8F9RK0","msg":"Le queda (56297) segundos para que la sesion se expire"}
{"level":40,"time":1682287821897,"pid":5244,"hostname":"DESKTOP-G8F9RK0","msg":"Le queda (56268) segundos para que la sesion se expire"}
{"level":40,"time":1682287823226,"pid":5244,"hostname":"DESKTOP-G8F9RK0","msg":"Le queda (56266) segundos para que la sesion se expire"}
{"level":40,"time":1682287848141,"pid":5244,"hostname":"DESKTOP-G8F9RK0","msg":"Le queda (56241) segundos para que la sesion se expire"}
{"level":40,"time":1682287878344,"pid":10992,"hostname":"DESKTOP-G8F9RK0","msg":"Le queda (56211) segundos para que la sesion se expire"}
{"level":40,"time":1682287957905,"pid":9388,"hostname":"DESKTOP-G8F9RK0","msg":"Le queda (56132) segundos para que la sesion se expire"}
{"level":40,"time":1682287991843,"pid":9372,"hostname":"DESKTOP-G8F9RK0","msg":"Le queda (56098) segundos para que la sesion se expire"}
{"level":40,"time":1682288025653,"pid":4088,"hostname":"DESKTOP-G8F9RK0","msg":"Le queda (56064) segundos para que la sesion se expire"}
{"level":40,"time":1682288135517,"pid":6652,"hostname":"DESKTOP-G8F9RK0","msg":"Le queda (55954) segundos para que la sesion se expire"}
{"level":40,"time":1682288184092,"pid":1048,"hostname":"DESKTOP-G8F9RK0","msg":"Le queda (55905) segundos para que la sesion se expire"}
{"level":40,"time":1682288275851,"pid":9444,"hostname":"DESKTOP-G8F9RK0","msg":"Le queda (55814) segundos para que la sesion se expire"}
{"level":40,"time":1682288321676,"pid":10464,"hostname":"DESKTOP-G8F9RK0","msg":"Le queda (55768) segundos para que la sesion se expire"}
{"level":40,"time":1682288416895,"pid":7316,"hostname":"DESKTOP-G8F9RK0","msg":"Le queda (55673) segundos para que la sesion se expire"}
{"level":40,"time":1682288530170,"pid":4856,"hostname":"DESKTOP-G8F9RK0","msg":"Le queda (55559) segundos para que la sesion se expire"}
{"level":50,"time":1682288530704,"pid":4856,"hostname":"DESKTOP-G8F9RK0","msg":"no se encontró producto con ese id (b1d40cb0-7b18-4e84-83a1-4cf264ee627) , en el carrito del usuario (cuevabros2005@gmail.com)"}
{"level":40,"time":1682288561600,"pid":4856,"hostname":"DESKTOP-G8F9RK0","msg":"Le queda (55528) segundos para que la sesion se expire"}
{"level":50,"time":1682288562639,"pid":4856,"hostname":"DESKTOP-G8F9RK0","msg":"no se encontró producto con ese id (undefined)"}
{"level":40,"time":1682288832527,"pid":8332,"hostname":"DESKTOP-G8F9RK0","msg":"Le queda (55257) segundos para que la sesion se expire"}
{"level":50,"time":1682288833572,"pid":8332,"hostname":"DESKTOP-G8F9RK0","msg":"no se encontró producto con ese id (undefined)"}
{"level":40,"time":1682288963788,"pid":1276,"hostname":"DESKTOP-G8F9RK0","msg":"Le queda (55126) segundos para que la sesion se expire"}
{"level":50,"time":1682288964822,"pid":1276,"hostname":"DESKTOP-G8F9RK0","msg":"no se encontró producto con ese id (undefined)"}
{"level":40,"time":1682289121923,"pid":7608,"hostname":"DESKTOP-G8F9RK0","msg":"Le queda (54968) segundos para que la sesion se expire"}
{"level":50,"time":1682289122973,"pid":7608,"hostname":"DESKTOP-G8F9RK0","msg":"no se encontró producto con ese id (undefined)"}
{"level":40,"time":1682289222635,"pid":10152,"hostname":"DESKTOP-G8F9RK0","msg":"Le queda (54867) segundos para que la sesion se expire"}
{"level":50,"time":1682289223177,"pid":10152,"hostname":"DESKTOP-G8F9RK0","msg":"Cannot read properties of undefined (reading '0')"}
{"level":40,"time":1682289365416,"pid":720,"hostname":"DESKTOP-G8F9RK0","msg":"Le queda (54724) segundos para que la sesion se expire"}
{"level":40,"time":1682289381486,"pid":720,"hostname":"DESKTOP-G8F9RK0","msg":"Le queda (54708) segundos para que la sesion se expire"}
{"level":40,"time":1682289446009,"pid":11248,"hostname":"DESKTOP-G8F9RK0","msg":"Le queda (54643) segundos para que la sesion se expire"}
{"level":50,"time":1682289446524,"pid":11248,"hostname":"DESKTOP-G8F9RK0","msg":"no se encontró producto con ese id (b1d40cb0-7b18-4e84-83a1-4cf264ee6277), en el carrito del usuario (cuevabros2005@gmail.com)"}
{"level":40,"time":1682289458054,"pid":11248,"hostname":"DESKTOP-G8F9RK0","msg":"Le queda (54631) segundos para que la sesion se expire"}
{"level":40,"time":1682289460218,"pid":11248,"hostname":"DESKTOP-G8F9RK0","msg":"Le queda (54629) segundos para que la sesion se expire"}
{"level":40,"time":1682289488860,"pid":11248,"hostname":"DESKTOP-G8F9RK0","msg":"Le queda (54601) segundos para que la sesion se expire"}
{"level":40,"time":1682289509439,"pid":11248,"hostname":"DESKTOP-G8F9RK0","msg":"Le queda (54580) segundos para que la sesion se expire"}
{"level":40,"time":1682289514971,"pid":11248,"hostname":"DESKTOP-G8F9RK0","msg":"Le queda (54575) segundos para que la sesion se expire"}
{"level":40,"time":1682289524361,"pid":11248,"hostname":"DESKTOP-G8F9RK0","msg":"Le queda (54565) segundos para que la sesion se expire"}
{"level":50,"time":1682289524861,"pid":11248,"hostname":"DESKTOP-G8F9RK0","msg":"no se encontró producto con ese id (b1d40cb0-7b18-4e84-83a1-4cf264ee6277), en el carrito del usuario (cuevabros2005@gmail.com)"}
{"level":40,"time":1682289562718,"pid":4452,"hostname":"DESKTOP-G8F9RK0","msg":"Le queda (54527) segundos para que la sesion se expire"}
{"level":40,"time":1682289564051,"pid":4452,"hostname":"DESKTOP-G8F9RK0","msg":"Le queda (54525) segundos para que la sesion se expire"}
{"level":40,"time":1682289571950,"pid":4452,"hostname":"DESKTOP-G8F9RK0","msg":"Le queda (54518) segundos para que la sesion se expire"}
{"level":40,"time":1682289576026,"pid":4452,"hostname":"DESKTOP-G8F9RK0","msg":"Le queda (54513) segundos para que la sesion se expire"}
{"level":40,"time":1682289579219,"pid":4452,"hostname":"DESKTOP-G8F9RK0","msg":"Le queda (54510) segundos para que la sesion se expire"}
{"level":40,"time":1682289581900,"pid":4452,"hostname":"DESKTOP-G8F9RK0","msg":"Le queda (54508) segundos para que la sesion se expire"}
{"level":50,"time":1682289582406,"pid":4452,"hostname":"DESKTOP-G8F9RK0","msg":"no se encontró producto con ese id (6fa4dc1f-84e5-4008-8f94-eef3bce21774), en el carrito del usuario (cuevabros2005@gmail.com)"}
{"level":40,"time":1682294503620,"pid":9644,"hostname":"DESKTOP-G8F9RK0","msg":"Le queda (49586) segundos para que la sesion se expire"}
{"level":40,"time":1682294524875,"pid":9644,"hostname":"DESKTOP-G8F9RK0","msg":"Le queda (49565) segundos para que la sesion se expire"}
{"level":40,"time":1682294616934,"pid":10688,"hostname":"DESKTOP-G8F9RK0","msg":"Le queda (49473) segundos para que la sesion se expire"}
{"level":40,"time":1682296027438,"pid":8176,"hostname":"DESKTOP-G8F9RK0","msg":"Le queda (48062) segundos para que la sesion se expire"}
{"level":40,"time":1682296051343,"pid":8176,"hostname":"DESKTOP-G8F9RK0","msg":"Le queda (48038) segundos para que la sesion se expire"}
{"level":40,"time":1682296476597,"pid":10224,"hostname":"DESKTOP-G8F9RK0","msg":"Le queda (47613) segundos para que la sesion se expire"}
{"level":40,"time":1682296534271,"pid":10224,"hostname":"DESKTOP-G8F9RK0","msg":"Le queda (47555) segundos para que la sesion se expire"}
{"level":50,"time":1682296917110,"pid":10224,"hostname":"DESKTOP-G8F9RK0","msg":"jwt expired"}
{"level":40,"time":1682296924287,"pid":10224,"hostname":"DESKTOP-G8F9RK0","msg":"Le queda (71402) segundos para que la sesion se expire"}
{"level":40,"time":1682296955365,"pid":10224,"hostname":"DESKTOP-G8F9RK0","msg":"Le queda (86384) segundos para que la sesion se expire"}
{"level":50,"time":1682297831564,"pid":10224,"hostname":"DESKTOP-G8F9RK0","msg":"Unexpected field"}
{"level":50,"time":1682297879055,"pid":10224,"hostname":"DESKTOP-G8F9RK0","msg":"Unexpected field"}
{"level":40,"time":1682336342047,"pid":3512,"hostname":"DESKTOP-G8F9RK0","msg":"Le queda (86381) segundos para que la sesion se expire"}
{"level":40,"time":1682336386844,"pid":3512,"hostname":"DESKTOP-G8F9RK0","msg":"Le queda (86382) segundos para que la sesion se expire"}
{"level":50,"time":1682336387342,"pid":3512,"hostname":"DESKTOP-G8F9RK0","msg":"El usuario ya existe"}
{"level":40,"time":1682336409842,"pid":3512,"hostname":"DESKTOP-G8F9RK0","msg":"Le queda (86359) segundos para que la sesion se expire"}
{"level":50,"time":1682336410408,"pid":3512,"hostname":"DESKTOP-G8F9RK0","msg":"El usuario ya existe"}
{"level":40,"time":1682336414887,"pid":3512,"hostname":"DESKTOP-G8F9RK0","msg":"Le queda (86354) segundos para que la sesion se expire"}
{"level":50,"time":1682336415482,"pid":3512,"hostname":"DESKTOP-G8F9RK0","msg":"createToken is not defined"}
{"level":40,"time":1682336461617,"pid":5232,"hostname":"DESKTOP-G8F9RK0","msg":"Le queda (86307) segundos para que la sesion se expire"}
{"level":50,"time":1682336462162,"pid":5232,"hostname":"DESKTOP-G8F9RK0","msg":"res is not defined"}
{"level":40,"time":1682336630213,"pid":11304,"hostname":"DESKTOP-G8F9RK0","msg":"Le queda (86138) segundos para que la sesion se expire"}
{"level":40,"time":1682340610936,"pid":11912,"hostname":"DESKTOP-G8F9RK0","msg":"Le queda (27716) segundos para que la sesion se expire"}
{"level":50,"time":1682340611899,"pid":11912,"hostname":"DESKTOP-G8F9RK0","msg":"No hay productos en el carrito"}
{"level":40,"time":1682340618019,"pid":11912,"hostname":"DESKTOP-G8F9RK0","msg":"Le queda (3471) segundos para que la sesion se expire"}
{"level":40,"time":1682340621196,"pid":11912,"hostname":"DESKTOP-G8F9RK0","msg":"Le queda (3468) segundos para que la sesion se expire"}
{"level":40,"time":1682340627985,"pid":11912,"hostname":"DESKTOP-G8F9RK0","msg":"Le queda (27699) segundos para que la sesion se expire"}
{"level":40,"time":1682340771679,"pid":7320,"hostname":"DESKTOP-G8F9RK0","msg":"Le queda (27555) segundos para que la sesion se expire"}
{"level":50,"time":1682340771958,"pid":7320,"hostname":"DESKTOP-G8F9RK0","msg":"No hay productos en el carrito"}
{"level":40,"time":1682340774758,"pid":7320,"hostname":"DESKTOP-G8F9RK0","msg":"Le queda (3315) segundos para que la sesion se expire"}
{"level":40,"time":1682340780672,"pid":7320,"hostname":"DESKTOP-G8F9RK0","msg":"Le queda (3309) segundos para que la sesion se expire"}
{"level":40,"time":1682340785091,"pid":7320,"hostname":"DESKTOP-G8F9RK0","msg":"Le queda (27541) segundos para que la sesion se expire"}
{"level":40,"time":1682340835105,"pid":7320,"hostname":"DESKTOP-G8F9RK0","msg":"Le queda (27491) segundos para que la sesion se expire"}
{"level":50,"time":1682340836613,"pid":7320,"hostname":"DESKTOP-G8F9RK0","msg":"No hay productos en el carrito"}
{"level":40,"time":1682346167243,"pid":4396,"hostname":"DESKTOP-G8F9RK0","msg":"Le queda (22159) segundos para que la sesion se expire"}
{"level":50,"time":1682346167773,"pid":4396,"hostname":"DESKTOP-G8F9RK0","msg":"No hay productos en el carrito"}
{"level":40,"time":1682346221479,"pid":4396,"hostname":"DESKTOP-G8F9RK0","msg":"Le queda (86364) segundos para que la sesion se expire"}
{"level":40,"time":1682346258717,"pid":4396,"hostname":"DESKTOP-G8F9RK0","msg":"Le queda (86327) segundos para que la sesion se expire"}
{"level":50,"time":1682346259483,"pid":4396,"hostname":"DESKTOP-G8F9RK0","msg":"cant is not defined"}
{"level":40,"time":1682346313527,"pid":9312,"hostname":"DESKTOP-G8F9RK0","msg":"Le queda (86272) segundos para que la sesion se expire"}
{"level":50,"time":1682346315871,"pid":9312,"hostname":"DESKTOP-G8F9RK0","msg":"cant is not defined"}
{"level":40,"time":1682346808380,"pid":6384,"hostname":"DESKTOP-G8F9RK0","name":"JsonWebTokenError","message":"jwt must be provided","stack":"JsonWebTokenError: jwt must be provided\n    at module.exports [as verify] (C:\\Users\\Usuario\\Desktop\\2022\\CoderHouse\\04 - Backend Página\\25 - trabajo_final\\node_modules\\jsonwebtoken\\verify.js:53:17)\n    at validateUser (file:///C:/Users/Usuario/Desktop/2022/CoderHouse/04%20-%20Backend%20P%C3%A1gina/25%20-%20trabajo_final/src/negocio/utils/jwt.js:8:33)\n    at autenticacion (file:///C:/Users/Usuario/Desktop/2022/CoderHouse/04%20-%20Backend%20P%C3%A1gina/25%20-%20trabajo_final/src/negocio/middlewares/autenticacion.js:19:25)\n    at Layer.handle [as handle_request] (C:\\Users\\Usuario\\Desktop\\2022\\CoderHouse\\04 - Backend Página\\25 - trabajo_final\\node_modules\\express\\lib\\router\\layer.js:95:5)\n    at next (C:\\Users\\Usuario\\Desktop\\2022\\CoderHouse\\04 - Backend Página\\25 - trabajo_final\\node_modules\\express\\lib\\router\\route.js:144:13)\n    at Route.dispatch (C:\\Users\\Usuario\\Desktop\\2022\\CoderHouse\\04 - Backend Página\\25 - trabajo_final\\node_modules\\express\\lib\\router\\route.js:114:3)\n    at Layer.handle [as handle_request] (C:\\Users\\Usuario\\Desktop\\2022\\CoderHouse\\04 - Backend Página\\25 - trabajo_final\\node_modules\\express\\lib\\router\\layer.js:95:5)\n    at C:\\Users\\Usuario\\Desktop\\2022\\CoderHouse\\04 - Backend Página\\25 - trabajo_final\\node_modules\\express\\lib\\router\\index.js:284:15\n    at Function.process_params (C:\\Users\\Usuario\\Desktop\\2022\\CoderHouse\\04 - Backend Página\\25 - trabajo_final\\node_modules\\express\\lib\\router\\index.js:346:12)\n    at next (C:\\Users\\Usuario\\Desktop\\2022\\CoderHouse\\04 - Backend Página\\25 - trabajo_final\\node_modules\\express\\lib\\router\\index.js:280:10)","type":"Error","msg":"jwt must be provided"}
{"level":40,"time":1682346829186,"pid":6384,"hostname":"DESKTOP-G8F9RK0","name":"JsonWebTokenError","message":"jwt malformed","stack":"JsonWebTokenError: jwt malformed\n    at module.exports [as verify] (C:\\Users\\Usuario\\Desktop\\2022\\CoderHouse\\04 - Backend Página\\25 - trabajo_final\\node_modules\\jsonwebtoken\\verify.js:63:17)\n    at validateUser (file:///C:/Users/Usuario/Desktop/2022/CoderHouse/04%20-%20Backend%20P%C3%A1gina/25%20-%20trabajo_final/src/negocio/utils/jwt.js:8:33)\n    at autenticacion (file:///C:/Users/Usuario/Desktop/2022/CoderHouse/04%20-%20Backend%20P%C3%A1gina/25%20-%20trabajo_final/src/negocio/middlewares/autenticacion.js:19:25)\n    at Layer.handle [as handle_request] (C:\\Users\\Usuario\\Desktop\\2022\\CoderHouse\\04 - Backend Página\\25 - trabajo_final\\node_modules\\express\\lib\\router\\layer.js:95:5)\n    at next (C:\\Users\\Usuario\\Desktop\\2022\\CoderHouse\\04 - Backend Página\\25 - trabajo_final\\node_modules\\express\\lib\\router\\route.js:144:13)\n    at Route.dispatch (C:\\Users\\Usuario\\Desktop\\2022\\CoderHouse\\04 - Backend Página\\25 - trabajo_final\\node_modules\\express\\lib\\router\\route.js:114:3)\n    at Layer.handle [as handle_request] (C:\\Users\\Usuario\\Desktop\\2022\\CoderHouse\\04 - Backend Página\\25 - trabajo_final\\node_modules\\express\\lib\\router\\layer.js:95:5)\n    at C:\\Users\\Usuario\\Desktop\\2022\\CoderHouse\\04 - Backend Página\\25 - trabajo_final\\node_modules\\express\\lib\\router\\index.js:284:15\n    at Function.process_params (C:\\Users\\Usuario\\Desktop\\2022\\CoderHouse\\04 - Backend Página\\25 - trabajo_final\\node_modules\\express\\lib\\router\\index.js:346:12)\n    at next (C:\\Users\\Usuario\\Desktop\\2022\\CoderHouse\\04 - Backend Página\\25 - trabajo_final\\node_modules\\express\\lib\\router\\index.js:280:10)","type":"Error","msg":"jwt malformed"}
{"level":40,"time":1682346877421,"pid":1836,"hostname":"DESKTOP-G8F9RK0","name":"JsonWebTokenError","message":"jwt malformed","stack":"JsonWebTokenError: jwt malformed\n    at module.exports [as verify] (C:\\Users\\Usuario\\Desktop\\2022\\CoderHouse\\04 - Backend Página\\25 - trabajo_final\\node_modules\\jsonwebtoken\\verify.js:63:17)\n    at validateUser (file:///C:/Users/Usuario/Desktop/2022/CoderHouse/04%20-%20Backend%20P%C3%A1gina/25%20-%20trabajo_final/src/negocio/utils/jwt.js:8:33)\n    at autenticacion (file:///C:/Users/Usuario/Desktop/2022/CoderHouse/04%20-%20Backend%20P%C3%A1gina/25%20-%20trabajo_final/src/negocio/middlewares/autenticacion.js:19:25)\n    at Layer.handle [as handle_request] (C:\\Users\\Usuario\\Desktop\\2022\\CoderHouse\\04 - Backend Página\\25 - trabajo_final\\node_modules\\express\\lib\\router\\layer.js:95:5)\n    at next (C:\\Users\\Usuario\\Desktop\\2022\\CoderHouse\\04 - Backend Página\\25 - trabajo_final\\node_modules\\express\\lib\\router\\route.js:144:13)\n    at Route.dispatch (C:\\Users\\Usuario\\Desktop\\2022\\CoderHouse\\04 - Backend Página\\25 - trabajo_final\\node_modules\\express\\lib\\router\\route.js:114:3)\n    at Layer.handle [as handle_request] (C:\\Users\\Usuario\\Desktop\\2022\\CoderHouse\\04 - Backend Página\\25 - trabajo_final\\node_modules\\express\\lib\\router\\layer.js:95:5)\n    at C:\\Users\\Usuario\\Desktop\\2022\\CoderHouse\\04 - Backend Página\\25 - trabajo_final\\node_modules\\express\\lib\\router\\index.js:284:15\n    at Function.process_params (C:\\Users\\Usuario\\Desktop\\2022\\CoderHouse\\04 - Backend Página\\25 - trabajo_final\\node_modules\\express\\lib\\router\\index.js:346:12)\n    at next (C:\\Users\\Usuario\\Desktop\\2022\\CoderHouse\\04 - Backend Página\\25 - trabajo_final\\node_modules\\express\\lib\\router\\index.js:280:10)","type":"Error","msg":"jwt malformed"}
{"level":40,"time":1682346898026,"pid":1836,"hostname":"DESKTOP-G8F9RK0","msg":"Le queda (85687) segundos para que la sesion se expire"}
{"level":40,"time":1682346926893,"pid":1836,"hostname":"DESKTOP-G8F9RK0","msg":"Le queda (86382) segundos para que la sesion se expire"}
{"level":40,"time":1682346930516,"pid":1836,"hostname":"DESKTOP-G8F9RK0","msg":"Le queda (86378) segundos para que la sesion se expire"}
{"level":40,"time":1682348712328,"pid":11816,"hostname":"DESKTOP-G8F9RK0","msg":"Le queda (84596) segundos para que la sesion se expire"}
{"level":40,"time":1682356114198,"pid":2380,"hostname":"DESKTOP-G8F9RK0","msg":"Le queda (76471) segundos para que la sesion se expire"}
{"level":40,"time":1682356175970,"pid":12300,"hostname":"DESKTOP-G8F9RK0","msg":"Le queda (76410) segundos para que la sesion se expire"}
{"level":40,"time":1682383788613,"pid":3868,"hostname":"DESKTOP-G8F9RK0","msg":"Le queda (49520) segundos para que la sesion se expire"}
{"level":50,"time":1682383789144,"pid":3868,"hostname":"DESKTOP-G8F9RK0","msg":"Prods.findIndex is not a function"}
{"level":40,"time":1682383874983,"pid":2864,"hostname":"DESKTOP-G8F9RK0","msg":"Le queda (49434) segundos para que la sesion se expire"}
{"level":50,"time":1682383875505,"pid":2864,"hostname":"DESKTOP-G8F9RK0","msg":"Prods.findIndex is not a function"}
{"level":40,"time":1682384092115,"pid":2864,"hostname":"DESKTOP-G8F9RK0","msg":"Le queda (49216) segundos para que la sesion se expire"}
{"level":40,"time":1682384158484,"pid":8436,"hostname":"DESKTOP-G8F9RK0","name":"TokenExpiredError","message":"jwt expired","expiredAt":"2023-04-25T00:42:20.000Z","stack":"TokenExpiredError: jwt expired\n    at C:\\Users\\Usuario\\Desktop\\2022\\CoderHouse\\04 - Backend Página\\25 - trabajo_final\\node_modules\\jsonwebtoken\\verify.js:152:21\n    at getSecret (C:\\Users\\Usuario\\Desktop\\2022\\CoderHouse\\04 - Backend Página\\25 - trabajo_final\\node_modules\\jsonwebtoken\\verify.js:90:14)\n    at module.exports [as verify] (C:\\Users\\Usuario\\Desktop\\2022\\CoderHouse\\04 - Backend Página\\25 - trabajo_final\\node_modules\\jsonwebtoken\\verify.js:94:10)\n    at validateUser (file:///C:/Users/Usuario/Desktop/2022/CoderHouse/04%20-%20Backend%20P%C3%A1gina/25%20-%20trabajo_final/src/negocio/utils/jwt.js:8:33)\n    at autenticacion (file:///C:/Users/Usuario/Desktop/2022/CoderHouse/04%20-%20Backend%20P%C3%A1gina/25%20-%20trabajo_final/src/negocio/middlewares/autenticacion.js:19:25)\n    at Layer.handle [as handle_request] (C:\\Users\\Usuario\\Desktop\\2022\\CoderHouse\\04 - Backend Página\\25 - trabajo_final\\node_modules\\express\\lib\\router\\layer.js:95:5)\n    at next (C:\\Users\\Usuario\\Desktop\\2022\\CoderHouse\\04 - Backend Página\\25 - trabajo_final\\node_modules\\express\\lib\\router\\route.js:144:13)\n    at Route.dispatch (C:\\Users\\Usuario\\Desktop\\2022\\CoderHouse\\04 - Backend Página\\25 - trabajo_final\\node_modules\\express\\lib\\router\\route.js:114:3)\n    at Layer.handle [as handle_request] (C:\\Users\\Usuario\\Desktop\\2022\\CoderHouse\\04 - Backend Página\\25 - trabajo_final\\node_modules\\express\\lib\\router\\layer.js:95:5)\n    at C:\\Users\\Usuario\\Desktop\\2022\\CoderHouse\\04 - Backend Página\\25 - trabajo_final\\node_modules\\express\\lib\\router\\index.js:284:15","type":"Error","msg":"jwt expired"}
{"level":40,"time":1682384179191,"pid":8436,"hostname":"DESKTOP-G8F9RK0","msg":"Le queda (48406) segundos para que la sesion se expire"}
{"level":40,"time":1682384211217,"pid":8436,"hostname":"DESKTOP-G8F9RK0","msg":"Le queda (86382) segundos para que la sesion se expire"}
{"level":40,"time":1682384243831,"pid":8436,"hostname":"DESKTOP-G8F9RK0","msg":"Le queda (49065) segundos para que la sesion se expire"}
{"level":40,"time":1682384361531,"pid":7796,"hostname":"DESKTOP-G8F9RK0","msg":"Le queda (48947) segundos para que la sesion se expire"}
{"level":40,"time":1682384377669,"pid":7796,"hostname":"DESKTOP-G8F9RK0","msg":"Le queda (48931) segundos para que la sesion se expire"}
{"level":40,"time":1682384415225,"pid":7796,"hostname":"DESKTOP-G8F9RK0","msg":"Le queda (38353) segundos para que la sesion se expire"}
{"level":40,"time":1682384415752,"pid":7796,"hostname":"DESKTOP-G8F9RK0","msg":"El usuario ya existe"}
{"level":40,"time":1682384422939,"pid":7796,"hostname":"DESKTOP-G8F9RK0","msg":"Le queda (38346) segundos para que la sesion se expire"}
{"level":40,"time":1682384423443,"pid":7796,"hostname":"DESKTOP-G8F9RK0","msg":"El usuario ya existe"}
{"level":40,"time":1682384429160,"pid":7796,"hostname":"DESKTOP-G8F9RK0","msg":"Le queda (38339) segundos para que la sesion se expire"}
{"level":40,"time":1682384429675,"pid":7796,"hostname":"DESKTOP-G8F9RK0","msg":"El usuario ya existe"}
{"level":40,"time":1682384450684,"pid":7796,"hostname":"DESKTOP-G8F9RK0","msg":"Le queda (38318) segundos para que la sesion se expire"}
{"level":40,"time":1682384451190,"pid":7796,"hostname":"DESKTOP-G8F9RK0","msg":"El usuario ya existe"}
{"level":40,"time":1682384491676,"pid":1456,"hostname":"DESKTOP-G8F9RK0","msg":"Le queda (38277) segundos para que la sesion se expire"}
{"level":40,"time":1682384492225,"pid":1456,"hostname":"DESKTOP-G8F9RK0","msg":"El usuario ya existe"}
{"level":40,"time":1682384592771,"pid":1188,"hostname":"DESKTOP-G8F9RK0","msg":"Le queda (38176) segundos para que la sesion se expire"}
{"level":50,"time":1682384593031,"pid":1188,"hostname":"DESKTOP-G8F9RK0","msg":"Assignment to constant variable."}
{"level":40,"time":1682384633035,"pid":5032,"hostname":"DESKTOP-G8F9RK0","msg":"Le queda (38135) segundos para que la sesion se expire"}
{"level":40,"time":1682384633566,"pid":5032,"hostname":"DESKTOP-G8F9RK0","msg":"El usuario ya existe"}
{"level":40,"time":1682384727555,"pid":5032,"hostname":"DESKTOP-G8F9RK0","msg":"Le queda (38041) segundos para que la sesion se expire"}
{"level":40,"time":1682384728071,"pid":5032,"hostname":"DESKTOP-G8F9RK0","msg":"El usuario ya existe"}
{"level":40,"time":1682384784672,"pid":10712,"hostname":"DESKTOP-G8F9RK0","msg":"Le queda (37984) segundos para que la sesion se expire"}
{"level":40,"time":1682384785196,"pid":10712,"hostname":"DESKTOP-G8F9RK0","msg":"El usuario ya existe"}
{"level":40,"time":1682384833747,"pid":5612,"hostname":"DESKTOP-G8F9RK0","msg":"Le queda (37935) segundos para que la sesion se expire"}
{"level":40,"time":1682384834271,"pid":5612,"hostname":"DESKTOP-G8F9RK0","msg":"El usuario ya existe"}
{"level":40,"time":1682384887176,"pid":2256,"hostname":"DESKTOP-G8F9RK0","msg":"Le queda (37881) segundos para que la sesion se expire"}
{"level":40,"time":1682384887733,"pid":2256,"hostname":"DESKTOP-G8F9RK0","msg":"El usuario ya existe"}
{"level":40,"time":1682384927188,"pid":2796,"hostname":"DESKTOP-G8F9RK0","msg":"Le queda (37841) segundos para que la sesion se expire"}
{"level":40,"time":1682384927736,"pid":2796,"hostname":"DESKTOP-G8F9RK0","msg":"El usuario ya existe"}
{"level":40,"time":1682384961225,"pid":11216,"hostname":"DESKTOP-G8F9RK0","msg":"Le queda (37807) segundos para que la sesion se expire"}
{"level":40,"time":1682384961767,"pid":11216,"hostname":"DESKTOP-G8F9RK0","msg":"El usuario ya existe"}
{"level":40,"time":1682385070140,"pid":3636,"hostname":"DESKTOP-G8F9RK0","msg":"Le queda (37698) segundos para que la sesion se expire"}
{"level":40,"time":1682385070676,"pid":3636,"hostname":"DESKTOP-G8F9RK0","msg":"El usuario ya existe"}
{"level":40,"time":1682385142266,"pid":6820,"hostname":"DESKTOP-G8F9RK0","msg":"Le queda (37626) segundos para que la sesion se expire"}
{"level":40,"time":1682385142788,"pid":6820,"hostname":"DESKTOP-G8F9RK0","msg":"El usuario ya existe"}
{"level":40,"time":1682385206642,"pid":4976,"hostname":"DESKTOP-G8F9RK0","msg":"Le queda (37562) segundos para que la sesion se expire"}
{"level":40,"time":1682385207190,"pid":4976,"hostname":"DESKTOP-G8F9RK0","msg":"El usuario ya existe"}
{"level":40,"time":1682385278502,"pid":5684,"hostname":"DESKTOP-G8F9RK0","msg":"Le queda (37490) segundos para que la sesion se expire"}
{"level":40,"time":1682385279019,"pid":5684,"hostname":"DESKTOP-G8F9RK0","msg":"El usuario ya existe"}
{"level":40,"time":1682385358177,"pid":11904,"hostname":"DESKTOP-G8F9RK0","msg":"Le queda (37410) segundos para que la sesion se expire"}
{"level":40,"time":1682385358694,"pid":11904,"hostname":"DESKTOP-G8F9RK0","msg":"El usuario ya existe"}
{"level":40,"time":1682385625988,"pid":1300,"hostname":"DESKTOP-G8F9RK0","msg":"Le queda (37143) segundos para que la sesion se expire"}
{"level":40,"time":1682385626501,"pid":1300,"hostname":"DESKTOP-G8F9RK0","msg":"El usuario ya existe"}
{"level":40,"time":1682385633912,"pid":1300,"hostname":"DESKTOP-G8F9RK0","msg":"Le queda (37135) segundos para que la sesion se expire"}
{"level":40,"time":1682385634423,"pid":1300,"hostname":"DESKTOP-G8F9RK0","msg":"El usuario ya existe"}
{"level":40,"time":1682385664388,"pid":11456,"hostname":"DESKTOP-G8F9RK0","msg":"Le queda (37104) segundos para que la sesion se expire"}
{"level":40,"time":1682385665305,"pid":11456,"hostname":"DESKTOP-G8F9RK0","msg":"El usuario ya existe"}
{"level":40,"time":1682385720252,"pid":11028,"hostname":"DESKTOP-G8F9RK0","msg":"Le queda (37048) segundos para que la sesion se expire"}
{"level":40,"time":1682385720782,"pid":11028,"hostname":"DESKTOP-G8F9RK0","msg":"El usuario ya existe"}
{"level":40,"time":1682385783576,"pid":6924,"hostname":"DESKTOP-G8F9RK0","msg":"Le queda (36985) segundos para que la sesion se expire"}
{"level":40,"time":1682385784105,"pid":6924,"hostname":"DESKTOP-G8F9RK0","msg":"El usuario ya existe"}
{"level":40,"time":1682385971548,"pid":6432,"hostname":"DESKTOP-G8F9RK0","name":"JsonWebTokenError","message":"jwt malformed","stack":"JsonWebTokenError: jwt malformed\n    at module.exports [as verify] (C:\\Users\\Usuario\\Desktop\\2022\\CoderHouse\\04 - Backend Página\\25 - trabajo_final\\node_modules\\jsonwebtoken\\verify.js:63:17)\n    at validateUser (file:///C:/Users/Usuario/Desktop/2022/CoderHouse/04%20-%20Backend%20P%C3%A1gina/25%20-%20trabajo_final/src/negocio/utils/jwt.js:8:33)\n    at autenticacion (file:///C:/Users/Usuario/Desktop/2022/CoderHouse/04%20-%20Backend%20P%C3%A1gina/25%20-%20trabajo_final/src/negocio/middlewares/autenticacion.js:19:25)\n    at Layer.handle [as handle_request] (C:\\Users\\Usuario\\Desktop\\2022\\CoderHouse\\04 - Backend Página\\25 - trabajo_final\\node_modules\\express\\lib\\router\\layer.js:95:5)\n    at next (C:\\Users\\Usuario\\Desktop\\2022\\CoderHouse\\04 - Backend Página\\25 - trabajo_final\\node_modules\\express\\lib\\router\\route.js:144:13)\n    at Route.dispatch (C:\\Users\\Usuario\\Desktop\\2022\\CoderHouse\\04 - Backend Página\\25 - trabajo_final\\node_modules\\express\\lib\\router\\route.js:114:3)\n    at Layer.handle [as handle_request] (C:\\Users\\Usuario\\Desktop\\2022\\CoderHouse\\04 - Backend Página\\25 - trabajo_final\\node_modules\\express\\lib\\router\\layer.js:95:5)\n    at C:\\Users\\Usuario\\Desktop\\2022\\CoderHouse\\04 - Backend Página\\25 - trabajo_final\\node_modules\\express\\lib\\router\\index.js:284:15\n    at Function.process_params (C:\\Users\\Usuario\\Desktop\\2022\\CoderHouse\\04 - Backend Página\\25 - trabajo_final\\node_modules\\express\\lib\\router\\index.js:346:12)\n    at next (C:\\Users\\Usuario\\Desktop\\2022\\CoderHouse\\04 - Backend Página\\25 - trabajo_final\\node_modules\\express\\lib\\router\\index.js:280:10)","type":"Error","msg":"jwt malformed"}
{"level":40,"time":1682386074282,"pid":4908,"hostname":"DESKTOP-G8F9RK0","msg":"Le queda (86386) segundos para que la sesion se expire"}
{"level":40,"time":1682386074797,"pid":4908,"hostname":"DESKTOP-G8F9RK0","msg":"El usuario ya existe"}
{"level":40,"time":1682386128800,"pid":4908,"hostname":"DESKTOP-G8F9RK0","msg":"Le queda (86332) segundos para que la sesion se expire"}
{"level":40,"time":1682386129306,"pid":4908,"hostname":"DESKTOP-G8F9RK0","msg":"El usuario ya existe"}
{"level":40,"time":1682386213629,"pid":8960,"hostname":"DESKTOP-G8F9RK0","msg":"Le queda (86247) segundos para que la sesion se expire"}
{"level":40,"time":1682386214588,"pid":8960,"hostname":"DESKTOP-G8F9RK0","msg":"El usuario ya existe"}
{"level":40,"time":1682386418488,"pid":3224,"hostname":"DESKTOP-G8F9RK0","msg":"Le queda (86042) segundos para que la sesion se expire"}
{"level":40,"time":1682386419013,"pid":3224,"hostname":"DESKTOP-G8F9RK0","msg":"El usuario ya existe"}
{"level":40,"time":1682386429153,"pid":3224,"hostname":"DESKTOP-G8F9RK0","msg":"Le queda (86031) segundos para que la sesion se expire"}
{"level":40,"time":1682386429681,"pid":3224,"hostname":"DESKTOP-G8F9RK0","msg":"El usuario ya existe"}
{"level":40,"time":1682386475383,"pid":5612,"hostname":"DESKTOP-G8F9RK0","msg":"Le queda (85985) segundos para que la sesion se expire"}
{"level":40,"time":1682386475918,"pid":5612,"hostname":"DESKTOP-G8F9RK0","msg":"El usuario ya existe"}
{"level":40,"time":1682386517586,"pid":7128,"hostname":"DESKTOP-G8F9RK0","msg":"Le queda (85943) segundos para que la sesion se expire"}
{"level":40,"time":1682386518123,"pid":7128,"hostname":"DESKTOP-G8F9RK0","msg":"El usuario ya existe"}
{"level":40,"time":1682386574297,"pid":10824,"hostname":"DESKTOP-G8F9RK0","msg":"Le queda (85886) segundos para que la sesion se expire"}
{"level":40,"time":1682387307933,"pid":8372,"hostname":"DESKTOP-G8F9RK0","msg":"Le queda (85153) segundos para que la sesion se expire"}
{"level":40,"time":1682387308472,"pid":8372,"hostname":"DESKTOP-G8F9RK0","msg":"El usuario ya existe"}
{"level":40,"time":1682387394138,"pid":11800,"hostname":"DESKTOP-G8F9RK0","msg":"Le queda (85066) segundos para que la sesion se expire"}
{"level":40,"time":1682387394670,"pid":11800,"hostname":"DESKTOP-G8F9RK0","msg":"El usuario ya existe"}
{"level":40,"time":1682387417120,"pid":11800,"hostname":"DESKTOP-G8F9RK0","msg":"Le queda (85043) segundos para que la sesion se expire"}
{"level":40,"time":1682387417640,"pid":11800,"hostname":"DESKTOP-G8F9RK0","msg":"El usuario ya existe"}
{"level":40,"time":1682387432525,"pid":11800,"hostname":"DESKTOP-G8F9RK0","msg":"Le queda (85028) segundos para que la sesion se expire"}
{"level":40,"time":1682387433036,"pid":11800,"hostname":"DESKTOP-G8F9RK0","msg":"El usuario ya existe"}
{"level":40,"time":1682387488248,"pid":6440,"hostname":"DESKTOP-G8F9RK0","msg":"Le queda (84972) segundos para que la sesion se expire"}
{"level":40,"time":1682387488771,"pid":6440,"hostname":"DESKTOP-G8F9RK0","msg":"El usuario ya existe"}
{"level":40,"time":1682387591296,"pid":5328,"hostname":"DESKTOP-G8F9RK0","msg":"Le queda (84869) segundos para que la sesion se expire"}
{"level":40,"time":1682387591817,"pid":5328,"hostname":"DESKTOP-G8F9RK0","msg":"El usuario ya existe"}
{"level":40,"time":1682387636164,"pid":9012,"hostname":"DESKTOP-G8F9RK0","msg":"Le queda (84824) segundos para que la sesion se expire"}
{"level":40,"time":1682387636682,"pid":9012,"hostname":"DESKTOP-G8F9RK0","msg":"El usuario ya existe"}
{"level":40,"time":1682387704686,"pid":4316,"hostname":"DESKTOP-G8F9RK0","msg":"Le queda (84756) segundos para que la sesion se expire"}
{"level":40,"time":1682387705213,"pid":4316,"hostname":"DESKTOP-G8F9RK0","msg":"El usuario ya existe"}
{"level":40,"time":1682387735129,"pid":12208,"hostname":"DESKTOP-G8F9RK0","msg":"Le queda (84725) segundos para que la sesion se expire"}
{"level":40,"time":1682387735636,"pid":12208,"hostname":"DESKTOP-G8F9RK0","msg":"El usuario ya existe"}
{"level":40,"time":1682387771510,"pid":7356,"hostname":"DESKTOP-G8F9RK0","msg":"Le queda (84689) segundos para que la sesion se expire"}
{"level":40,"time":1682387772043,"pid":7356,"hostname":"DESKTOP-G8F9RK0","msg":"El usuario ya existe"}
{"level":40,"time":1682387789377,"pid":4832,"hostname":"DESKTOP-G8F9RK0","msg":"Le queda (84671) segundos para que la sesion se expire"}
{"level":40,"time":1682387789903,"pid":4832,"hostname":"DESKTOP-G8F9RK0","msg":"El usuario ya existe"}
{"level":40,"time":1682387805508,"pid":2000,"hostname":"DESKTOP-G8F9RK0","msg":"Le queda (84655) segundos para que la sesion se expire"}
{"level":40,"time":1682387806049,"pid":2000,"hostname":"DESKTOP-G8F9RK0","msg":"El usuario ya existe"}
{"level":40,"time":1682387877971,"pid":2536,"hostname":"DESKTOP-G8F9RK0","msg":"Le queda (84583) segundos para que la sesion se expire"}
{"level":40,"time":1682387878504,"pid":2536,"hostname":"DESKTOP-G8F9RK0","msg":"El usuario ya existe"}
{"level":40,"time":1682387883133,"pid":2536,"hostname":"DESKTOP-G8F9RK0","msg":"Le queda (84577) segundos para que la sesion se expire"}
{"level":40,"time":1682387892014,"pid":2536,"hostname":"DESKTOP-G8F9RK0","msg":"Le queda (84568) segundos para que la sesion se expire"}
{"level":40,"time":1682387988792,"pid":7936,"hostname":"DESKTOP-G8F9RK0","msg":"Le queda (84472) segundos para que la sesion se expire"}
{"level":40,"time":1682387993309,"pid":7936,"hostname":"DESKTOP-G8F9RK0","msg":"Le queda (84467) segundos para que la sesion se expire"}
{"level":40,"time":1682387993828,"pid":7936,"hostname":"DESKTOP-G8F9RK0","msg":"El usuario ya existe"}
{"level":40,"time":1682387997670,"pid":7936,"hostname":"DESKTOP-G8F9RK0","msg":"Le queda (84463) segundos para que la sesion se expire"}
{"level":40,"time":1682388272674,"pid":7936,"hostname":"DESKTOP-G8F9RK0","msg":"Le queda (86325) segundos para que la sesion se expire"}
{"level":50,"time":1682388272938,"pid":7936,"hostname":"DESKTOP-G8F9RK0","msg":"No hay carrito"}
{"level":40,"time":1682388294471,"pid":7936,"hostname":"DESKTOP-G8F9RK0","msg":"Le queda (86303) segundos para que la sesion se expire"}
{"level":50,"time":1682388294990,"pid":7936,"hostname":"DESKTOP-G8F9RK0","msg":"no se encontró carrito para el usuario (cuevabrosPrueba205555579@gmail.com)"}
{"level":40,"time":1682388422059,"pid":10656,"hostname":"DESKTOP-G8F9RK0","msg":"Le queda (86175) segundos para que la sesion se expire"}
{"level":50,"time":1682388422584,"pid":10656,"hostname":"DESKTOP-G8F9RK0","msg":"no se encontró producto con ese id (undefined)"}
{"level":40,"time":1682388431325,"pid":10656,"hostname":"DESKTOP-G8F9RK0","msg":"Le queda (86166) segundos para que la sesion se expire"}
{"level":40,"time":1682388461182,"pid":10656,"hostname":"DESKTOP-G8F9RK0","msg":"Le queda (86381) segundos para que la sesion se expire"}
{"level":40,"time":1682388461690,"pid":10656,"hostname":"DESKTOP-G8F9RK0","msg":"El usuario ya existe"}
{"level":40,"time":1682388470503,"pid":10656,"hostname":"DESKTOP-G8F9RK0","msg":"Le queda (86372) segundos para que la sesion se expire"}
{"level":40,"time":1682388500111,"pid":10656,"hostname":"DESKTOP-G8F9RK0","msg":"Le queda (86342) segundos para que la sesion se expire"}
{"level":50,"time":1682388500365,"pid":10656,"hostname":"DESKTOP-G8F9RK0","msg":"No hay carrito"}
{"level":40,"time":1682388505616,"pid":10656,"hostname":"DESKTOP-G8F9RK0","msg":"Le queda (86092) segundos para que la sesion se expire"}
{"level":50,"time":1682388506125,"pid":10656,"hostname":"DESKTOP-G8F9RK0","msg":"no se encontró carrito para el usuario (cuevabrosPrueba205555579@gmail.com)"}
{"level":40,"time":1682388513533,"pid":10656,"hostname":"DESKTOP-G8F9RK0","msg":"Le queda (86329) segundos para que la sesion se expire"}
{"level":50,"time":1682388514042,"pid":10656,"hostname":"DESKTOP-G8F9RK0","msg":"no se encontró carrito para el usuario (cuevabros@gmail.com)"}
{"level":40,"time":1682388544055,"pid":10656,"hostname":"DESKTOP-G8F9RK0","msg":"Le queda (86388) segundos para que la sesion se expire"}
{"level":40,"time":1682388546294,"pid":10656,"hostname":"DESKTOP-G8F9RK0","msg":"Le queda (86386) segundos para que la sesion se expire"}
{"level":40,"time":1682388550868,"pid":10656,"hostname":"DESKTOP-G8F9RK0","msg":"Le queda (86382) segundos para que la sesion se expire"}
{"level":40,"time":1682388591910,"pid":10656,"hostname":"DESKTOP-G8F9RK0","msg":"Le queda (86341) segundos para que la sesion se expire"}
{"level":50,"time":1682388592415,"pid":10656,"hostname":"DESKTOP-G8F9RK0","msg":"no se encontró producto con ese id (eyJhbGciOiJIUzI1NiIsInR5cCI6IkpXVCJ9.eyJ1c2VyIjp7Il9pZCI6IjRmOWExY2YzLWQ4ZTMtNDBiZC1hZWU1LTQwNDRiYjI3ZThlYyIsImVtYWlsIjoiY3VldmFicm9zUHJ1ZWJhSG95QGdtYWlsLmNvbSIsInBhc3N3b3JkIjoiJDJiJDEwJDRyRU9XbUVQZDd4TGlCaXRIZkhlVmU4V1VwaTVwUmhsMVRWWEtnT1lpZXVPRnE3am03U0JDIiwibmFtZSI6Ik1hcnRpbiIsImxhc3RuYW1lIjoiQ29pdmEiLCJpbWFnZSI6Ii9wdWJsaWMvaW1nLzIybHIuanBnIn0sImlhdCI6MTY4MjM4ODUzMywiZXhwIjoxNjgyNDc0OTMzfQ.NsZeWjtbdwPbuwy412C-vAiOprCe_8p8cq6l68_2PTU), en el carrito del usuario (cuevabrosPruebaHoy@gmail.com)"}
{"level":40,"time":1682388605649,"pid":10656,"hostname":"DESKTOP-G8F9RK0","msg":"Le queda (86327) segundos para que la sesion se expire"}
{"level":40,"time":1682388646344,"pid":10656,"hostname":"DESKTOP-G8F9RK0","msg":"Le queda (86286) segundos para que la sesion se expire"}
{"level":40,"time":1682388649097,"pid":10656,"hostname":"DESKTOP-G8F9RK0","msg":"Le queda (86283) segundos para que la sesion se expire"}
{"level":40,"time":1682388653358,"pid":10656,"hostname":"DESKTOP-G8F9RK0","msg":"Le queda (86279) segundos para que la sesion se expire"}
{"level":50,"time":1682388653860,"pid":10656,"hostname":"DESKTOP-G8F9RK0","msg":"no se encontró producto con ese id (a2a93778-b029-4874-8f4e-4885778a610e), en el carrito del usuario (cuevabrosPruebaHoy@gmail.com)"}
{"level":40,"time":1682391200574,"pid":5384,"hostname":"DESKTOP-G8F9RK0","msg":"Le queda (83642) segundos para que la sesion se expire"}
{"level":50,"time":1682391200839,"pid":5384,"hostname":"DESKTOP-G8F9RK0","msg":"No hay carrito"}
{"level":40,"time":1682391205691,"pid":5384,"hostname":"DESKTOP-G8F9RK0","msg":"Le queda (83637) segundos para que la sesion se expire"}
{"level":50,"time":1682391206485,"pid":5384,"hostname":"DESKTOP-G8F9RK0","msg":"no se encontró producto con ese id (undefined)"}
{"level":40,"time":1682391219642,"pid":5384,"hostname":"DESKTOP-G8F9RK0","msg":"Le queda (83623) segundos para que la sesion se expire"}
{"level":40,"time":1682391271565,"pid":5384,"hostname":"DESKTOP-G8F9RK0","msg":"Le queda (83661) segundos para que la sesion se expire"}
{"level":50,"time":1682391272343,"pid":5384,"hostname":"DESKTOP-G8F9RK0","msg":"no se encontró carrito para el usuario (4f9a1cf3-d8e3-40bd-aee5-4044bb27e8ec)"}
{"level":40,"time":1682391325174,"pid":5384,"hostname":"DESKTOP-G8F9RK0","msg":"Le queda (86389) segundos para que la sesion se expire"}
{"level":40,"time":1682391328896,"pid":5384,"hostname":"DESKTOP-G8F9RK0","msg":"Le queda (86386) segundos para que la sesion se expire"}
{"level":40,"time":1682391341446,"pid":5384,"hostname":"DESKTOP-G8F9RK0","msg":"Le queda (86373) segundos para que la sesion se expire"}
{"level":50,"time":1682391342015,"pid":5384,"hostname":"DESKTOP-G8F9RK0","msg":"No hay carrito"}
{"level":40,"time":1682391476099,"pid":1872,"hostname":"DESKTOP-G8F9RK0","msg":"Le queda (86238) segundos para que la sesion se expire"}
{"level":40,"time":1682391487623,"pid":1872,"hostname":"DESKTOP-G8F9RK0","msg":"Le queda (86227) segundos para que la sesion se expire"}
{"level":50,"time":1682391488143,"pid":1872,"hostname":"DESKTOP-G8F9RK0","msg":"no se encontró carrito para el usuario (cuevabrosPruebaHoyP@gmail.com)"}
{"level":40,"time":1682391610062,"pid":8684,"hostname":"DESKTOP-G8F9RK0","msg":"Le queda (86104) segundos para que la sesion se expire"}
{"level":40,"time":1682391749181,"pid":9840,"hostname":"DESKTOP-G8F9RK0","msg":"Le queda (80639) segundos para que la sesion se expire"}
{"level":50,"time":1682391749709,"pid":9840,"hostname":"DESKTOP-G8F9RK0","msg":"No hay carrito"}
{"level":40,"time":1682391778146,"pid":9840,"hostname":"DESKTOP-G8F9RK0","msg":"Le queda (86384) segundos para que la sesion se expire"}
{"level":50,"time":1682391779198,"pid":9840,"hostname":"DESKTOP-G8F9RK0","msg":"Cannot read properties of null (reading '_id')"}
{"level":40,"time":1682392076506,"pid":2224,"hostname":"DESKTOP-G8F9RK0","msg":"Le queda (86086) segundos para que la sesion se expire"}
{"level":40,"time":1682392164153,"pid":9248,"hostname":"DESKTOP-G8F9RK0","msg":"Le queda (85998) segundos para que la sesion se expire"}
{"level":50,"time":1682392164668,"pid":9248,"hostname":"DESKTOP-G8F9RK0","msg":"No hay productos en el carrito"}
{"level":40,"time":1682392212613,"pid":8392,"hostname":"DESKTOP-G8F9RK0","msg":"Le queda (85502) segundos para que la sesion se expire"}
{"level":40,"time":1682392214448,"pid":8392,"hostname":"DESKTOP-G8F9RK0","msg":"Le queda (85500) segundos para que la sesion se expire"}
{"level":40,"time":1682392215991,"pid":8392,"hostname":"DESKTOP-G8F9RK0","msg":"Le queda (85499) segundos para que la sesion se expire"}
{"level":40,"time":1682392226222,"pid":8392,"hostname":"DESKTOP-G8F9RK0","msg":"Le queda (85936) segundos para que la sesion se expire"}
{"level":40,"time":1682392307270,"pid":3880,"hostname":"DESKTOP-G8F9RK0","msg":"Le queda (85855) segundos para que la sesion se expire"}
{"level":40,"time":1682392379414,"pid":3192,"hostname":"DESKTOP-G8F9RK0","msg":"Le queda (85783) segundos para que la sesion se expire"}
{"level":50,"time":1682392380250,"pid":3192,"hostname":"DESKTOP-G8F9RK0","msg":"tipo invalido"}
{"level":40,"time":1682392447448,"pid":10180,"hostname":"DESKTOP-G8F9RK0","msg":"Le queda (85715) segundos para que la sesion se expire"}
{"level":50,"time":1682392448287,"pid":10180,"hostname":"DESKTOP-G8F9RK0","msg":"tipo invalido"}
{"level":40,"time":1682392472995,"pid":10536,"hostname":"DESKTOP-G8F9RK0","msg":"Le queda (85690) segundos para que la sesion se expire"}
{"level":40,"time":1682392644555,"pid":4416,"hostname":"DESKTOP-G8F9RK0","msg":"Le queda (85518) segundos para que la sesion se expire"}
{"level":50,"time":1682392645385,"pid":4416,"hostname":"DESKTOP-G8F9RK0","msg":"Right-hand side of 'instanceof' is not an object"}
{"level":40,"time":1682392835228,"pid":6672,"hostname":"DESKTOP-G8F9RK0","msg":"Le queda (85327) segundos para que la sesion se expire"}
{"level":40,"time":1682392907562,"pid":6672,"hostname":"DESKTOP-G8F9RK0","msg":"Le queda (85255) segundos para que la sesion se expire"}
{"level":40,"time":1682392981847,"pid":5764,"hostname":"DESKTOP-G8F9RK0","msg":"Le queda (85181) segundos para que la sesion se expire"}
{"level":40,"time":1682393006475,"pid":5764,"hostname":"DESKTOP-G8F9RK0","msg":"Le queda (85156) segundos para que la sesion se expire"}
{"level":40,"time":1682393153636,"pid":10064,"hostname":"DESKTOP-G8F9RK0","msg":"Le queda (81689) segundos para que la sesion se expire"}
{"level":40,"time":1682393154150,"pid":10064,"hostname":"DESKTOP-G8F9RK0","msg":"El usuario ya existe"}
{"level":40,"time":1682393162041,"pid":10064,"hostname":"DESKTOP-G8F9RK0","msg":"Le queda (81680) segundos para que la sesion se expire"}
{"level":40,"time":1682425250222,"pid":5700,"hostname":"DESKTOP-G8F9RK0","name":"TokenExpiredError","message":"jwt expired","expiredAt":"2023-04-19T00:53:28.000Z","stack":"TokenExpiredError: jwt expired\n    at C:\\Users\\Usuario\\Desktop\\2022\\CoderHouse\\04 - Backend Página\\25 - trabajo_final\\node_modules\\jsonwebtoken\\verify.js:152:21\n    at getSecret (C:\\Users\\Usuario\\Desktop\\2022\\CoderHouse\\04 - Backend Página\\25 - trabajo_final\\node_modules\\jsonwebtoken\\verify.js:90:14)\n    at module.exports [as verify] (C:\\Users\\Usuario\\Desktop\\2022\\CoderHouse\\04 - Backend Página\\25 - trabajo_final\\node_modules\\jsonwebtoken\\verify.js:94:10)\n    at validateUser (file:///C:/Users/Usuario/Desktop/2022/CoderHouse/04%20-%20Backend%20P%C3%A1gina/25%20-%20trabajo_final/src/negocio/utils/jwt.js:8:33)\n    at autenticacion (file:///C:/Users/Usuario/Desktop/2022/CoderHouse/04%20-%20Backend%20P%C3%A1gina/25%20-%20trabajo_final/src/negocio/middlewares/autenticacion.js:19:25)\n    at Layer.handle [as handle_request] (C:\\Users\\Usuario\\Desktop\\2022\\CoderHouse\\04 - Backend Página\\25 - trabajo_final\\node_modules\\express\\lib\\router\\layer.js:95:5)\n    at next (C:\\Users\\Usuario\\Desktop\\2022\\CoderHouse\\04 - Backend Página\\25 - trabajo_final\\node_modules\\express\\lib\\router\\route.js:144:13)\n    at Route.dispatch (C:\\Users\\Usuario\\Desktop\\2022\\CoderHouse\\04 - Backend Página\\25 - trabajo_final\\node_modules\\express\\lib\\router\\route.js:114:3)\n    at Layer.handle [as handle_request] (C:\\Users\\Usuario\\Desktop\\2022\\CoderHouse\\04 - Backend Página\\25 - trabajo_final\\node_modules\\express\\lib\\router\\layer.js:95:5)\n    at C:\\Users\\Usuario\\Desktop\\2022\\CoderHouse\\04 - Backend Página\\25 - trabajo_final\\node_modules\\express\\lib\\router\\index.js:284:15","type":"Error","msg":"jwt expired"}
{"level":40,"time":1682425262301,"pid":5700,"hostname":"DESKTOP-G8F9RK0","msg":"Le queda (52900) segundos para que la sesion se expire"}
{"level":50,"time":1682426339702,"pid":9812,"hostname":"DESKTOP-G8F9RK0","msg":"Password incorrecto"}
{"level":50,"time":1682426488941,"pid":9224,"hostname":"DESKTOP-G8F9RK0","msg":"Password incorrecto"}
{"level":50,"time":1682426572974,"pid":5180,"hostname":"DESKTOP-G8F9RK0","msg":"Password incorrecto"}
{"level":40,"time":1682426645487,"pid":6576,"hostname":"DESKTOP-G8F9RK0","msg":"Le queda (51517) segundos para que la sesion se expire"}
{"level":40,"time":1682426684334,"pid":9424,"hostname":"DESKTOP-G8F9RK0","msg":"Le queda (51478) segundos para que la sesion se expire"}
{"level":50,"time":1682426685470,"pid":9424,"hostname":"DESKTOP-G8F9RK0","msg":"No hay carrito"}
{"level":40,"time":1682426695085,"pid":9424,"hostname":"DESKTOP-G8F9RK0","msg":"Le queda (51019) segundos para que la sesion se expire"}
{"level":50,"time":1682426695657,"pid":9424,"hostname":"DESKTOP-G8F9RK0","msg":"no se encontró carrito para el usuario (undefined)"}
{"level":40,"time":1682426710473,"pid":9424,"hostname":"DESKTOP-G8F9RK0","msg":"Le queda (51452) segundos para que la sesion se expire"}
{"level":50,"time":1682426710758,"pid":9424,"hostname":"DESKTOP-G8F9RK0","msg":"No hay carrito"}
{"level":40,"time":1682426729273,"pid":9424,"hostname":"DESKTOP-G8F9RK0","msg":"Le queda (86387) segundos para que la sesion se expire"}
{"level":50,"time":1682426731469,"pid":9424,"hostname":"DESKTOP-G8F9RK0","msg":"no se encontró carrito para el usuario (undefined)"}
{"level":40,"time":1682426781674,"pid":9232,"hostname":"DESKTOP-G8F9RK0","msg":"Le queda (86335) segundos para que la sesion se expire"}
{"level":50,"time":1682426782514,"pid":9232,"hostname":"DESKTOP-G8F9RK0","msg":"no se encontró carrito para el usuario (undefined)"}
{"level":40,"time":1682427397696,"pid":8516,"hostname":"DESKTOP-G8F9RK0","msg":"Le queda (85719) segundos para que la sesion se expire"}
{"level":50,"time":1682427398315,"pid":8516,"hostname":"DESKTOP-G8F9RK0","msg":"no se encontró carrito para el usuario (aa3cb324-dd6c-410f-a145-924d7039fd3c)"}
{"level":50,"time":1682429885755,"pid":4160,"hostname":"DESKTOP-G8F9RK0","msg":"Password incorrecto"}
{"level":50,"time":1682429893169,"pid":4160,"hostname":"DESKTOP-G8F9RK0","msg":"Usuario inexistente"}
{"level":40,"time":1682429925848,"pid":4160,"hostname":"DESKTOP-G8F9RK0","msg":"Le queda (83191) segundos para que la sesion se expire"}
{"level":50,"time":1682429926349,"pid":4160,"hostname":"DESKTOP-G8F9RK0","msg":"no se encontró carrito para el usuario (aa3cb324-dd6c-410f-a145-924d7039fd3c)"}
{"level":40,"time":1682430070394,"pid":4160,"hostname":"DESKTOP-G8F9RK0","msg":"Le queda (83046) segundos para que la sesion se expire"}
{"level":50,"time":1682430070899,"pid":4160,"hostname":"DESKTOP-G8F9RK0","msg":"no se encontró carrito para el usuario (aa3cb324-dd6c-410f-a145-924d7039fd3c)"}
{"level":40,"time":1682430148038,"pid":4464,"hostname":"DESKTOP-G8F9RK0","msg":"Le queda (82968) segundos para que la sesion se expire"}
{"level":50,"time":1682430148593,"pid":4464,"hostname":"DESKTOP-G8F9RK0","msg":"no se encontró carrito para el usuario (aa3cb324-dd6c-410f-a145-924d7039fd3c)"}
{"level":40,"time":1682430223065,"pid":4464,"hostname":"DESKTOP-G8F9RK0","msg":"Le queda (86387) segundos para que la sesion se expire"}
{"level":50,"time":1682430223583,"pid":4464,"hostname":"DESKTOP-G8F9RK0","msg":"no se encontró carrito para el usuario (aa3cb324-dd6c-410f-a145-924d7039fd3c)"}
{"level":40,"time":1682430299545,"pid":4464,"hostname":"DESKTOP-G8F9RK0","msg":"Le queda (86383) segundos para que la sesion se expire"}
{"level":40,"time":1682430309196,"pid":4464,"hostname":"DESKTOP-G8F9RK0","msg":"Le queda (86373) segundos para que la sesion se expire"}
{"level":40,"time":1682430315517,"pid":4464,"hostname":"DESKTOP-G8F9RK0","msg":"Le queda (86367) segundos para que la sesion se expire"}
{"level":50,"time":1682430315772,"pid":4464,"hostname":"DESKTOP-G8F9RK0","msg":"No hay carrito"}
{"level":40,"time":1682430344828,"pid":2488,"hostname":"DESKTOP-G8F9RK0","msg":"Le queda (86338) segundos para que la sesion se expire"}
{"level":40,"time":1682430395639,"pid":10420,"hostname":"DESKTOP-G8F9RK0","msg":"Le queda (86287) segundos para que la sesion se expire"}
{"level":40,"time":1682430401840,"pid":10420,"hostname":"DESKTOP-G8F9RK0","msg":"Le queda (86281) segundos para que la sesion se expire"}
{"level":40,"time":1682430404245,"pid":10420,"hostname":"DESKTOP-G8F9RK0","msg":"Le queda (86278) segundos para que la sesion se expire"}
{"level":50,"time":1682430404496,"pid":10420,"hostname":"DESKTOP-G8F9RK0","msg":"el carrito para el usuario (b7aff4a2-4637-4812-b987-facd5bf55115) no tiene productos"}
{"level":40,"time":1682430440943,"pid":10420,"hostname":"DESKTOP-G8F9RK0","msg":"Le queda (85856) segundos para que la sesion se expire"}
{"level":40,"time":1682430465990,"pid":10420,"hostname":"DESKTOP-G8F9RK0","msg":"Le queda (86385) segundos para que la sesion se expire"}
{"level":40,"time":1682430499230,"pid":10420,"hostname":"DESKTOP-G8F9RK0","msg":"Le queda (86351) segundos para que la sesion se expire"}
{"level":40,"time":1682430593872,"pid":10588,"hostname":"DESKTOP-G8F9RK0","msg":"Le queda (86257) segundos para que la sesion se expire"}
{"level":40,"time":1682430801552,"pid":10224,"hostname":"DESKTOP-G8F9RK0","msg":"Le queda (86049) segundos para que la sesion se expire"}
{"level":50,"time":1682430801555,"pid":10224,"hostname":"DESKTOP-G8F9RK0","msg":"User.buscar_usuario_x_id is not a function"}
{"level":40,"time":1682430896383,"pid":11068,"hostname":"DESKTOP-G8F9RK0","msg":"Le queda (85954) segundos para que la sesion se expire"}
{"level":40,"time":1682431062134,"pid":9748,"hostname":"DESKTOP-G8F9RK0","msg":"Le queda (85788) segundos para que la sesion se expire"}
{"level":50,"time":1682431065906,"pid":9748,"hostname":"DESKTOP-G8F9RK0","msg":"Usuario inexistente"}
{"level":50,"time":1682431125462,"pid":8476,"hostname":"DESKTOP-G8F9RK0","msg":"Usuario inexistente"}
{"level":50,"time":1682431186721,"pid":8476,"hostname":"DESKTOP-G8F9RK0","msg":"Usuario inexistente"}
{"level":40,"time":1682450478382,"pid":1900,"hostname":"DESKTOP-G8F9RK0","msg":"Le queda (27684) segundos para que la sesion se expire"}
{"level":40,"time":1682450966910,"pid":11136,"hostname":"DESKTOP-G8F9RK0","msg":"Le queda (27196) segundos para que la sesion se expire"}
{"level":40,"time":1682451422050,"pid":10668,"hostname":"DESKTOP-G8F9RK0","msg":"Le queda (26740) segundos para que la sesion se expire"}
{"level":40,"time":1682451456256,"pid":10668,"hostname":"DESKTOP-G8F9RK0","msg":"Le queda (86384) segundos para que la sesion se expire"}
{"level":40,"time":1682452109319,"pid":6372,"hostname":"DESKTOP-G8F9RK0","msg":"Le queda (64741) segundos para que la sesion se expire"}
{"level":40,"time":1682452134096,"pid":6372,"hostname":"DESKTOP-G8F9RK0","msg":"Le queda (64716) segundos para que la sesion se expire"}
{"level":50,"time":1682452134359,"pid":6372,"hostname":"DESKTOP-G8F9RK0","msg":"No hay carrito"}
{"level":40,"time":1682452142691,"pid":6372,"hostname":"DESKTOP-G8F9RK0","msg":"Le queda (64540) segundos para que la sesion se expire"}
{"level":40,"time":1682452144392,"pid":6372,"hostname":"DESKTOP-G8F9RK0","msg":"Le queda (64538) segundos para que la sesion se expire"}
{"level":40,"time":1682452148328,"pid":6372,"hostname":"DESKTOP-G8F9RK0","msg":"Le queda (64702) segundos para que la sesion se expire"}
{"level":50,"time":1682452148583,"pid":6372,"hostname":"DESKTOP-G8F9RK0","msg":"No hay carrito"}
{"level":40,"time":1682452169291,"pid":6372,"hostname":"DESKTOP-G8F9RK0","msg":"Le queda (85671) segundos para que la sesion se expire"}
{"level":40,"time":1682452171066,"pid":6372,"hostname":"DESKTOP-G8F9RK0","msg":"Le queda (85669) segundos para que la sesion se expire"}
{"level":40,"time":1682452174754,"pid":6372,"hostname":"DESKTOP-G8F9RK0","msg":"Le queda (64676) segundos para que la sesion se expire"}
{"level":50,"time":1682452175008,"pid":6372,"hostname":"DESKTOP-G8F9RK0","msg":"No hay carrito"}
{"level":40,"time":1682452192080,"pid":6372,"hostname":"DESKTOP-G8F9RK0","msg":"Le queda (85648) segundos para que la sesion se expire"}
{"level":40,"time":1682452261809,"pid":6372,"hostname":"DESKTOP-G8F9RK0","msg":"Le queda (18332) segundos para que la sesion se expire"}
{"level":40,"time":1682452265599,"pid":6372,"hostname":"DESKTOP-G8F9RK0","msg":"Le queda (18328) segundos para que la sesion se expire"}
{"level":40,"time":1682452274826,"pid":6372,"hostname":"DESKTOP-G8F9RK0","msg":"Le queda (18319) segundos para que la sesion se expire"}
{"level":40,"time":1682452282517,"pid":6372,"hostname":"DESKTOP-G8F9RK0","msg":"Le queda (18311) segundos para que la sesion se expire"}
{"level":40,"time":1682452291203,"pid":6372,"hostname":"DESKTOP-G8F9RK0","msg":"Le queda (18302) segundos para que la sesion se expire"}
{"level":40,"time":1682452291456,"pid":6372,"hostname":"DESKTOP-G8F9RK0","msg":"no se encontró producto con ese id (a4d704cc-8019-487a-95a2-019008faac34)"}
{"level":40,"time":1682452295026,"pid":6372,"hostname":"DESKTOP-G8F9RK0","msg":"Le queda (18298) segundos para que la sesion se expire"}
{"level":40,"time":1682452295281,"pid":6372,"hostname":"DESKTOP-G8F9RK0","msg":"no se encontró producto con ese id (a4d704cc-8019-487a-95a2-019008faac34)"}
{"level":40,"time":1682452299688,"pid":6372,"hostname":"DESKTOP-G8F9RK0","msg":"Le queda (18294) segundos para que la sesion se expire"}
{"level":40,"time":1682452299945,"pid":6372,"hostname":"DESKTOP-G8F9RK0","msg":"no se encontró producto con ese id (a4d704cc-8019-487a-95a2-019008faac34)"}
{"level":40,"time":1682452306007,"pid":6372,"hostname":"DESKTOP-G8F9RK0","msg":"Le queda (18287) segundos para que la sesion se expire"}
{"level":40,"time":1682452440348,"pid":6372,"hostname":"DESKTOP-G8F9RK0","msg":"Le queda (18153) segundos para que la sesion se expire"}
{"level":50,"time":1682452440603,"pid":6372,"hostname":"DESKTOP-G8F9RK0","msg":"user is not defined"}
{"level":40,"time":1682452474200,"pid":1192,"hostname":"DESKTOP-G8F9RK0","msg":"Le queda (18119) segundos para que la sesion se expire"}
{"level":50,"time":1682452474460,"pid":1192,"hostname":"DESKTOP-G8F9RK0","msg":"user is not defined"}
{"level":40,"time":1682452538545,"pid":3944,"hostname":"DESKTOP-G8F9RK0","msg":"Le queda (18055) segundos para que la sesion se expire"}
{"level":50,"time":1682452540024,"pid":3944,"hostname":"DESKTOP-G8F9RK0","msg":"No existen ordenes del usuario b3c0bc57-a174-431c-a46e-7b5599105657"}
{"level":40,"time":1682452888948,"pid":3944,"hostname":"DESKTOP-G8F9RK0","msg":"Le queda (84952) segundos para que la sesion se expire"}
{"level":40,"time":1682452914698,"pid":3944,"hostname":"DESKTOP-G8F9RK0","msg":"Le queda (86383) segundos para que la sesion se expire"}
{"level":50,"time":1682452914953,"pid":3944,"hostname":"DESKTOP-G8F9RK0","msg":"No existen ordenes del usuario aa3cb324-dd6c-410f-a145-924d7039fd3c"}
{"level":40,"time":1682452952598,"pid":3944,"hostname":"DESKTOP-G8F9RK0","msg":"Le queda (84888) segundos para que la sesion se expire"}
{"level":50,"time":1682452953115,"pid":3944,"hostname":"DESKTOP-G8F9RK0","msg":"no se encontró producto con ese id (undefined)"}
{"level":40,"time":1682452970676,"pid":3944,"hostname":"DESKTOP-G8F9RK0","msg":"Le queda (86327) segundos para que la sesion se expire"}
{"level":50,"time":1682452971194,"pid":3944,"hostname":"DESKTOP-G8F9RK0","msg":"no se encontró carrito para el usuario (aa3cb324-dd6c-410f-a145-924d7039fd3c)"}
{"level":40,"time":1682453072875,"pid":3944,"hostname":"DESKTOP-G8F9RK0","msg":"Le queda (86225) segundos para que la sesion se expire"}
{"level":50,"time":1682453073130,"pid":3944,"hostname":"DESKTOP-G8F9RK0","msg":"No hay carrito"}
{"level":40,"time":1682453073575,"pid":3944,"hostname":"DESKTOP-G8F9RK0","msg":"Le queda (86224) segundos para que la sesion se expire"}
{"level":50,"time":1682453073834,"pid":3944,"hostname":"DESKTOP-G8F9RK0","msg":"No hay carrito"}
{"level":40,"time":1682453095145,"pid":3944,"hostname":"DESKTOP-G8F9RK0","msg":"Le queda (86383) segundos para que la sesion se expire"}
{"level":50,"time":1682453095667,"pid":3944,"hostname":"DESKTOP-G8F9RK0","msg":"no se encontró carrito para el usuario (4dbcaa33-6810-4cb1-8858-22987ab7a911)"}
{"level":40,"time":1682453154180,"pid":3944,"hostname":"DESKTOP-G8F9RK0","msg":"Le queda (84686) segundos para que la sesion se expire"}
{"level":40,"time":1682453176310,"pid":3944,"hostname":"DESKTOP-G8F9RK0","msg":"Le queda (86385) segundos para que la sesion se expire"}
{"level":40,"time":1682453176565,"pid":3944,"hostname":"DESKTOP-G8F9RK0","msg":"El usuario ya existe"}
{"level":40,"time":1682453189641,"pid":3944,"hostname":"DESKTOP-G8F9RK0","msg":"Le queda (86372) segundos para que la sesion se expire"}
{"level":40,"time":1682453217302,"pid":3944,"hostname":"DESKTOP-G8F9RK0","msg":"Le queda (86344) segundos para que la sesion se expire"}
{"level":40,"time":1682453217558,"pid":3944,"hostname":"DESKTOP-G8F9RK0","msg":"El usuario ya existe"}
{"level":40,"time":1682453221808,"pid":3944,"hostname":"DESKTOP-G8F9RK0","msg":"Le queda (86340) segundos para que la sesion se expire"}
{"level":40,"time":1682453273986,"pid":3944,"hostname":"DESKTOP-G8F9RK0","msg":"Le queda (86382) segundos para que la sesion se expire"}
{"level":40,"time":1682453276054,"pid":3944,"hostname":"DESKTOP-G8F9RK0","msg":"Le queda (86379) segundos para que la sesion se expire"}
{"level":40,"time":1682453288376,"pid":3944,"hostname":"DESKTOP-G8F9RK0","msg":"Le queda (86367) segundos para que la sesion se expire"}
{"level":50,"time":1682453288631,"pid":3944,"hostname":"DESKTOP-G8F9RK0","msg":"No hay carrito"}
{"level":40,"time":1682453299007,"pid":3944,"hostname":"DESKTOP-G8F9RK0","msg":"Le queda (86356) segundos para que la sesion se expire"}
{"level":50,"time":1682453299262,"pid":3944,"hostname":"DESKTOP-G8F9RK0","msg":"No hay carrito"}
{"level":40,"time":1682453303449,"pid":3944,"hostname":"DESKTOP-G8F9RK0","msg":"Le queda (86352) segundos para que la sesion se expire"}
{"level":50,"time":1682453303705,"pid":3944,"hostname":"DESKTOP-G8F9RK0","msg":"No existen ordenes del usuario 92991dcc-93da-4c44-9a44-e64d3922aacb"}
{"level":40,"time":1682453331014,"pid":3944,"hostname":"DESKTOP-G8F9RK0","msg":"Le queda (86324) segundos para que la sesion se expire"}
{"level":40,"time":1682453349055,"pid":3944,"hostname":"DESKTOP-G8F9RK0","msg":"Le queda (86306) segundos para que la sesion se expire"}
{"level":40,"time":1682453357240,"pid":3944,"hostname":"DESKTOP-G8F9RK0","msg":"Le queda (86298) segundos para que la sesion se expire"}
{"level":50,"time":1682453357495,"pid":3944,"hostname":"DESKTOP-G8F9RK0","msg":"No existen ordenes del usuario 92991dcc-93da-4c44-9a44-e64d3922aacb"}
{"level":40,"time":1682453362192,"pid":3944,"hostname":"DESKTOP-G8F9RK0","msg":"Le queda (86293) segundos para que la sesion se expire"}
{"level":50,"time":1682453362446,"pid":3944,"hostname":"DESKTOP-G8F9RK0","msg":"No hay carrito"}
{"level":40,"time":1682453426661,"pid":5844,"hostname":"DESKTOP-G8F9RK0","msg":"Le queda (86229) segundos para que la sesion se expire"}
{"level":50,"time":1682453427747,"pid":5844,"hostname":"DESKTOP-G8F9RK0","msg":"no existe carrito para el usuario (undefined)"}
{"level":40,"time":1682453446116,"pid":5844,"hostname":"DESKTOP-G8F9RK0","msg":"Le queda (86209) segundos para que la sesion se expire"}
{"level":40,"time":1682453519699,"pid":2312,"hostname":"DESKTOP-G8F9RK0","msg":"Le queda (86136) segundos para que la sesion se expire"}
{"level":50,"time":1682453520864,"pid":2312,"hostname":"DESKTOP-G8F9RK0","msg":"no existe carrito para el usuario (undefined)"}
{"level":40,"time":1682453760553,"pid":3160,"hostname":"DESKTOP-G8F9RK0","msg":"Le queda (85895) segundos para que la sesion se expire"}
{"level":50,"time":1682453760820,"pid":3160,"hostname":"DESKTOP-G8F9RK0","msg":"No hay carrito"}
{"level":40,"time":1682453773268,"pid":3160,"hostname":"DESKTOP-G8F9RK0","msg":"Le queda (85882) segundos para que la sesion se expire"}
{"level":40,"time":1682453811944,"pid":3160,"hostname":"DESKTOP-G8F9RK0","msg":"Le queda (85844) segundos para que la sesion se expire"}
{"level":50,"time":1682453812213,"pid":3160,"hostname":"DESKTOP-G8F9RK0","msg":"No hay carrito"}
{"level":40,"time":1682453823260,"pid":8052,"hostname":"DESKTOP-G8F9RK0","msg":"Le queda (85832) segundos para que la sesion se expire"}
{"level":40,"time":1682453832555,"pid":8052,"hostname":"DESKTOP-G8F9RK0","msg":"Le queda (85823) segundos para que la sesion se expire"}
{"level":50,"time":1682453832811,"pid":8052,"hostname":"DESKTOP-G8F9RK0","msg":"No existen ordenes del usuario 92991dcc-93da-4c44-9a44-e64d3922aacb"}
{"level":40,"time":1682453836792,"pid":8052,"hostname":"DESKTOP-G8F9RK0","msg":"Le queda (85819) segundos para que la sesion se expire"}
{"level":50,"time":1682453837861,"pid":8052,"hostname":"DESKTOP-G8F9RK0","msg":"no existe carrito para el usuario (undefined)"}
{"level":40,"time":1682453994100,"pid":8012,"hostname":"DESKTOP-G8F9RK0","msg":"Le queda (85661) segundos para que la sesion se expire"}
{"level":50,"time":1682453994366,"pid":8012,"hostname":"DESKTOP-G8F9RK0","msg":"No existen ordenes del usuario 92991dcc-93da-4c44-9a44-e64d3922aacb"}
{"level":40,"time":1682454001565,"pid":8012,"hostname":"DESKTOP-G8F9RK0","msg":"Le queda (85654) segundos para que la sesion se expire"}
{"level":40,"time":1682454026250,"pid":8012,"hostname":"DESKTOP-G8F9RK0","msg":"Le queda (85629) segundos para que la sesion se expire"}
{"level":50,"time":1682454026505,"pid":8012,"hostname":"DESKTOP-G8F9RK0","msg":"No existen ordenes del usuario 92991dcc-93da-4c44-9a44-e64d3922aacb"}
{"level":40,"time":1682454113984,"pid":7992,"hostname":"DESKTOP-G8F9RK0","msg":"Le queda (85542) segundos para que la sesion se expire"}
{"level":40,"time":1682457091453,"pid":9112,"hostname":"DESKTOP-G8F9RK0","msg":"Le queda (13502) segundos para que la sesion se expire"}
{"level":40,"time":1682457253550,"pid":10276,"hostname":"DESKTOP-G8F9RK0","msg":"Le queda (13340) segundos para que la sesion se expire"}
{"level":40,"time":1682460484235,"pid":9960,"hostname":"DESKTOP-G8F9RK0","msg":"Le queda (10109) segundos para que la sesion se expire"}
{"level":40,"time":1682461664897,"pid":7068,"hostname":"DESKTOP-G8F9RK0","msg":"Le queda (77991) segundos para que la sesion se expire"}
{"level":40,"time":1682461682162,"pid":7068,"hostname":"DESKTOP-G8F9RK0","msg":"Le queda (77973) segundos para que la sesion se expire"}
{"level":40,"time":1682461684552,"pid":7068,"hostname":"DESKTOP-G8F9RK0","msg":"Le queda (77971) segundos para que la sesion se expire"}
{"level":40,"time":1682509575319,"pid":11820,"hostname":"DESKTOP-G8F9RK0","msg":"Le queda (29722) segundos para que la sesion se expire"}
{"level":50,"time":1682509575685,"pid":11820,"hostname":"DESKTOP-G8F9RK0","stack":"Error: Usuario no encontrado\n    at UserService.usuarioInfo (file:///C:/Users/Usuario/Desktop/2022/CoderHouse/04%20-%20Backend%20P%C3%A1gina/25%20-%20trabajo_final/src/negocio/services/user.service.js:48:19)\n    at process.processTicksAndRejections (node:internal/process/task_queues:95:5)\n    at async controladorInfousuario (file:///C:/Users/Usuario/Desktop/2022/CoderHouse/04%20-%20Backend%20P%C3%A1gina/25%20-%20trabajo_final/src/ruteo/controllers/controllerUser.js:46:21)","type":"Error","msg":"Usuario no encontrado"}
{"level":40,"time":1682509597703,"pid":11820,"hostname":"DESKTOP-G8F9RK0","msg":"Le queda (29700) segundos para que la sesion se expire"}
{"level":40,"time":1682509623444,"pid":11820,"hostname":"DESKTOP-G8F9RK0","msg":"Le queda (86381) segundos para que la sesion se expire"}
{"level":50,"time":1682509623773,"pid":11820,"hostname":"DESKTOP-G8F9RK0","stack":"TypeError: usuarioBuscado.datos is not a function\n    at UserService.usuarioInfo (file:///C:/Users/Usuario/Desktop/2022/CoderHouse/04%20-%20Backend%20P%C3%A1gina/25%20-%20trabajo_final/src/negocio/services/user.service.js:46:35)\n    at process.processTicksAndRejections (node:internal/process/task_queues:95:5)\n    at async controladorInfousuario (file:///C:/Users/Usuario/Desktop/2022/CoderHouse/04%20-%20Backend%20P%C3%A1gina/25%20-%20trabajo_final/src/ruteo/controllers/controllerUser.js:46:21)","type":"Error","msg":"usuarioBuscado.datos is not a function"}
{"level":40,"time":1682509706881,"pid":11168,"hostname":"DESKTOP-G8F9RK0","msg":"Le queda (86298) segundos para que la sesion se expire"}
{"level":50,"time":1682509707160,"pid":11168,"hostname":"DESKTOP-G8F9RK0","stack":"TypeError: usuarioBuscado.datos is not a function\n    at UserService.usuarioInfo (file:///C:/Users/Usuario/Desktop/2022/CoderHouse/04%20-%20Backend%20P%C3%A1gina/25%20-%20trabajo_final/src/negocio/services/user.service.js:46:35)\n    at process.processTicksAndRejections (node:internal/process/task_queues:95:5)\n    at async controladorInfousuario (file:///C:/Users/Usuario/Desktop/2022/CoderHouse/04%20-%20Backend%20P%C3%A1gina/25%20-%20trabajo_final/src/ruteo/controllers/controllerUser.js:46:21)","type":"Error","msg":"usuarioBuscado.datos is not a function"}
{"level":40,"time":1682509769008,"pid":6744,"hostname":"DESKTOP-G8F9RK0","msg":"Le queda (86235) segundos para que la sesion se expire"}
{"level":40,"time":1682509920911,"pid":2740,"hostname":"DESKTOP-G8F9RK0","msg":"Le queda (29735) segundos para que la sesion se expire"}
{"level":40,"time":1682510006216,"pid":8312,"hostname":"DESKTOP-G8F9RK0","msg":"Le queda (29649) segundos para que la sesion se expire"}
{"level":40,"time":1682512185005,"pid":3260,"hostname":"DESKTOP-G8F9RK0","msg":"Le queda (27376) segundos para que la sesion se expire"}
{"level":40,"time":1682512276795,"pid":3260,"hostname":"DESKTOP-G8F9RK0","msg":"Le queda (86314) segundos para que la sesion se expire"}
{"level":40,"time":1682512322576,"pid":3260,"hostname":"DESKTOP-G8F9RK0","msg":"Le queda (86268) segundos para que la sesion se expire"}
{"level":50,"time":1682512322876,"pid":3260,"hostname":"DESKTOP-G8F9RK0","msg":"No hay productos en el carrito"}
{"level":40,"time":1682512334609,"pid":3260,"hostname":"DESKTOP-G8F9RK0","msg":"Le queda (86256) segundos para que la sesion se expire"}
{"level":40,"time":1682512336421,"pid":3260,"hostname":"DESKTOP-G8F9RK0","msg":"Le queda (86254) segundos para que la sesion se expire"}
{"level":40,"time":1682512338021,"pid":3260,"hostname":"DESKTOP-G8F9RK0","msg":"Le queda (86252) segundos para que la sesion se expire"}
{"level":40,"time":1682512383080,"pid":3260,"hostname":"DESKTOP-G8F9RK0","msg":"Le queda (86207) segundos para que la sesion se expire"}
{"level":40,"time":1682512391436,"pid":3260,"hostname":"DESKTOP-G8F9RK0","msg":"Le queda (86199) segundos para que la sesion se expire"}
{"level":40,"time":1682512412018,"pid":3260,"hostname":"DESKTOP-G8F9RK0","msg":"Le queda (86178) segundos para que la sesion se expire"}
{"level":40,"time":1682512422983,"pid":3260,"hostname":"DESKTOP-G8F9RK0","msg":"Le queda (86168) segundos para que la sesion se expire"}
{"level":40,"time":1682512436985,"pid":3260,"hostname":"DESKTOP-G8F9RK0","msg":"Le queda (86154) segundos para que la sesion se expire"}
{"level":40,"time":1682512442878,"pid":3260,"hostname":"DESKTOP-G8F9RK0","msg":"Le queda (86148) segundos para que la sesion se expire"}
{"level":50,"time":1682512443420,"pid":3260,"hostname":"DESKTOP-G8F9RK0","msg":"no se encontró producto con ese id (bb6c8337-3e06-4fdb-9f71-1228a16df0a9), en el carrito del usuario (6cebda6f-00f8-4fb2-95a4-0accbd5ef361)"}
{"level":40,"time":1682512562800,"pid":3260,"hostname":"DESKTOP-G8F9RK0","msg":"Le queda (86028) segundos para que la sesion se expire"}
{"level":40,"time":1682512672502,"pid":3260,"hostname":"DESKTOP-G8F9RK0","msg":"Le queda (85918) segundos para que la sesion se expire"}
{"level":50,"time":1682512672835,"pid":3260,"hostname":"DESKTOP-G8F9RK0","msg":"No existen ordenes del usuario 6cebda6f-00f8-4fb2-95a4-0accbd5ef361"}
{"level":40,"time":1682512895324,"pid":8560,"hostname":"DESKTOP-G8F9RK0","msg":"Le queda (85695) segundos para que la sesion se expire"}
{"level":50,"time":1682512895633,"pid":8560,"hostname":"DESKTOP-G8F9RK0","msg":"No existen ordenes del usuario cuevabros@hotmail.com"}
{"level":40,"time":1682512902993,"pid":8560,"hostname":"DESKTOP-G8F9RK0","msg":"Le queda (85688) segundos para que la sesion se expire"}
{"level":50,"time":1682512904279,"pid":8560,"hostname":"DESKTOP-G8F9RK0","msg":"no existe carrito para el usuario (cuevabros@hotmail.com)"}
{"level":40,"time":1682513075676,"pid":9740,"hostname":"DESKTOP-G8F9RK0","msg":"Le queda (85515) segundos para que la sesion se expire"}
{"level":40,"time":1682513123704,"pid":9740,"hostname":"DESKTOP-G8F9RK0","msg":"Le queda (85467) segundos para que la sesion se expire"}
{"level":40,"time":1682513145589,"pid":9740,"hostname":"DESKTOP-G8F9RK0","name":"TokenExpiredError","message":"jwt expired","expiredAt":"2023-04-19T00:53:28.000Z","stack":"TokenExpiredError: jwt expired\n    at C:\\Users\\Usuario\\Desktop\\2022\\CoderHouse\\04 - Backend Página\\25 - trabajo_final\\node_modules\\jsonwebtoken\\verify.js:152:21\n    at getSecret (C:\\Users\\Usuario\\Desktop\\2022\\CoderHouse\\04 - Backend Página\\25 - trabajo_final\\node_modules\\jsonwebtoken\\verify.js:90:14)\n    at module.exports [as verify] (C:\\Users\\Usuario\\Desktop\\2022\\CoderHouse\\04 - Backend Página\\25 - trabajo_final\\node_modules\\jsonwebtoken\\verify.js:94:10)\n    at validateUser (file:///C:/Users/Usuario/Desktop/2022/CoderHouse/04%20-%20Backend%20P%C3%A1gina/25%20-%20trabajo_final/src/negocio/utils/jwt.js:8:33)\n    at autenticacion (file:///C:/Users/Usuario/Desktop/2022/CoderHouse/04%20-%20Backend%20P%C3%A1gina/25%20-%20trabajo_final/src/negocio/middlewares/autenticacion.js:18:25)\n    at Layer.handle [as handle_request] (C:\\Users\\Usuario\\Desktop\\2022\\CoderHouse\\04 - Backend Página\\25 - trabajo_final\\node_modules\\express\\lib\\router\\layer.js:95:5)\n    at next (C:\\Users\\Usuario\\Desktop\\2022\\CoderHouse\\04 - Backend Página\\25 - trabajo_final\\node_modules\\express\\lib\\router\\route.js:144:13)\n    at Route.dispatch (C:\\Users\\Usuario\\Desktop\\2022\\CoderHouse\\04 - Backend Página\\25 - trabajo_final\\node_modules\\express\\lib\\router\\route.js:114:3)\n    at Layer.handle [as handle_request] (C:\\Users\\Usuario\\Desktop\\2022\\CoderHouse\\04 - Backend Página\\25 - trabajo_final\\node_modules\\express\\lib\\router\\layer.js:95:5)\n    at C:\\Users\\Usuario\\Desktop\\2022\\CoderHouse\\04 - Backend Página\\25 - trabajo_final\\node_modules\\express\\lib\\router\\index.js:284:15","type":"Error","msg":"jwt expired"}
{"level":40,"time":1682513167588,"pid":9740,"hostname":"DESKTOP-G8F9RK0","msg":"Le queda (85423) segundos para que la sesion se expire"}
{"level":50,"time":1682513167892,"pid":9740,"hostname":"DESKTOP-G8F9RK0","msg":"No hay productos en el carrito"}
{"level":40,"time":1682513206998,"pid":9740,"hostname":"DESKTOP-G8F9RK0","msg":"Le queda (85384) segundos para que la sesion se expire"}
{"level":40,"time":1682513208795,"pid":9740,"hostname":"DESKTOP-G8F9RK0","msg":"Le queda (85382) segundos para que la sesion se expire"}
{"level":40,"time":1682513216652,"pid":9740,"hostname":"DESKTOP-G8F9RK0","msg":"Le queda (85374) segundos para que la sesion se expire"}
{"level":40,"time":1682513349772,"pid":11088,"hostname":"DESKTOP-G8F9RK0","msg":"Le queda (85241) segundos para que la sesion se expire"}
{"level":40,"time":1682513470341,"pid":9008,"hostname":"DESKTOP-G8F9RK0","msg":"Le queda (85120) segundos para que la sesion se expire"}
{"level":50,"time":1682513470617,"pid":9008,"hostname":"DESKTOP-G8F9RK0","msg":"No hay productos en el carrito"}
{"level":40,"time":1682513486184,"pid":9008,"hostname":"DESKTOP-G8F9RK0","msg":"Le queda (85104) segundos para que la sesion se expire"}
{"level":40,"time":1682513487751,"pid":9008,"hostname":"DESKTOP-G8F9RK0","msg":"Le queda (85103) segundos para que la sesion se expire"}
{"level":40,"time":1682513492891,"pid":9008,"hostname":"DESKTOP-G8F9RK0","msg":"Le queda (85098) segundos para que la sesion se expire"}
{"level":40,"time":1682513611245,"pid":9008,"hostname":"DESKTOP-G8F9RK0","name":"TokenExpiredError","message":"jwt expired","expiredAt":"2023-04-26T00:56:34.000Z","stack":"TokenExpiredError: jwt expired\n    at C:\\Users\\Usuario\\Desktop\\2022\\CoderHouse\\04 - Backend Página\\25 - trabajo_final\\node_modules\\jsonwebtoken\\verify.js:152:21\n    at getSecret (C:\\Users\\Usuario\\Desktop\\2022\\CoderHouse\\04 - Backend Página\\25 - trabajo_final\\node_modules\\jsonwebtoken\\verify.js:90:14)\n    at module.exports [as verify] (C:\\Users\\Usuario\\Desktop\\2022\\CoderHouse\\04 - Backend Página\\25 - trabajo_final\\node_modules\\jsonwebtoken\\verify.js:94:10)\n    at validateUser (file:///C:/Users/Usuario/Desktop/2022/CoderHouse/04%20-%20Backend%20P%C3%A1gina/25%20-%20trabajo_final/src/negocio/utils/jwt.js:8:33)\n    at autenticacion (file:///C:/Users/Usuario/Desktop/2022/CoderHouse/04%20-%20Backend%20P%C3%A1gina/25%20-%20trabajo_final/src/negocio/middlewares/autenticacion.js:18:25)\n    at Layer.handle [as handle_request] (C:\\Users\\Usuario\\Desktop\\2022\\CoderHouse\\04 - Backend Página\\25 - trabajo_final\\node_modules\\express\\lib\\router\\layer.js:95:5)\n    at next (C:\\Users\\Usuario\\Desktop\\2022\\CoderHouse\\04 - Backend Página\\25 - trabajo_final\\node_modules\\express\\lib\\router\\route.js:144:13)\n    at Route.dispatch (C:\\Users\\Usuario\\Desktop\\2022\\CoderHouse\\04 - Backend Página\\25 - trabajo_final\\node_modules\\express\\lib\\router\\route.js:114:3)\n    at Layer.handle [as handle_request] (C:\\Users\\Usuario\\Desktop\\2022\\CoderHouse\\04 - Backend Página\\25 - trabajo_final\\node_modules\\express\\lib\\router\\layer.js:95:5)\n    at C:\\Users\\Usuario\\Desktop\\2022\\CoderHouse\\04 - Backend Página\\25 - trabajo_final\\node_modules\\express\\lib\\router\\index.js:284:15","type":"Error","msg":"jwt expired"}
{"level":40,"time":1682513627413,"pid":9008,"hostname":"DESKTOP-G8F9RK0","msg":"Le queda (84963) segundos para que la sesion se expire"}
{"level":40,"time":1682513666812,"pid":9008,"hostname":"DESKTOP-G8F9RK0","msg":"Le queda (84924) segundos para que la sesion se expire"}
{"level":40,"time":1682513707286,"pid":9008,"hostname":"DESKTOP-G8F9RK0","msg":"Le queda (86381) segundos para que la sesion se expire"}
{"level":40,"time":1682513724143,"pid":9008,"hostname":"DESKTOP-G8F9RK0","msg":"Le queda (86364) segundos para que la sesion se expire"}
{"level":40,"time":1682514083817,"pid":9008,"hostname":"DESKTOP-G8F9RK0","msg":"Le queda (86005) segundos para que la sesion se expire"}
{"level":40,"time":1682514139024,"pid":9008,"hostname":"DESKTOP-G8F9RK0","msg":"Le queda (85949) segundos para que la sesion se expire"}
{"level":40,"time":1682514139287,"pid":9008,"hostname":"DESKTOP-G8F9RK0","msg":"no se encontró producto con ese id (d7665e81-d64f-4606-af0a-13caaf3bb17a)"}
{"level":40,"time":1682514162459,"pid":9008,"hostname":"DESKTOP-G8F9RK0","msg":"Le queda (85926) segundos para que la sesion se expire"}
{"level":40,"time":1682514183316,"pid":9008,"hostname":"DESKTOP-G8F9RK0","msg":"Le queda (85905) segundos para que la sesion se expire"}
{"level":40,"time":1682514197696,"pid":9008,"hostname":"DESKTOP-G8F9RK0","msg":"Le queda (85891) segundos para que la sesion se expire"}
{"level":40,"time":1682531599574,"pid":1452,"hostname":"DESKTOP-G8F9RK0","msg":"Le queda (68489) segundos para que la sesion se expire"}
{"level":40,"time":1682561078659,"pid":6768,"hostname":"DESKTOP-G8F9RK0","msg":"Le queda (39010) segundos para que la sesion se expire"}
{"level":40,"time":1682561107545,"pid":6768,"hostname":"DESKTOP-G8F9RK0","msg":"Le queda (38981) segundos para que la sesion se expire"}
{"level":40,"time":1682561112838,"pid":6768,"hostname":"DESKTOP-G8F9RK0","msg":"Le queda (38976) segundos para que la sesion se expire"}
{"level":40,"time":1682561121725,"pid":6768,"hostname":"DESKTOP-G8F9RK0","msg":"Le queda (38967) segundos para que la sesion se expire"}
{"level":40,"time":1682561125157,"pid":6768,"hostname":"DESKTOP-G8F9RK0","msg":"Le queda (38963) segundos para que la sesion se expire"}
{"level":40,"time":1682561125409,"pid":6768,"hostname":"DESKTOP-G8F9RK0","msg":"no se encontró producto con ese id (047fedaf-e344-4230-bb51-56773a11e13e)"}
{"level":40,"time":1682561128405,"pid":6768,"hostname":"DESKTOP-G8F9RK0","msg":"Le queda (38960) segundos para que la sesion se expire"}
{"level":40,"time":1682561128662,"pid":6768,"hostname":"DESKTOP-G8F9RK0","msg":"no se encontró producto con ese id (047fedaf-e344-4230-bb51-56773a11e13e)"}
{"level":40,"time":1682629099947,"pid":1572,"hostname":"DESKTOP-G8F9RK0","name":"TokenExpiredError","message":"jwt expired","expiredAt":"2023-04-27T12:29:51.000Z","stack":"TokenExpiredError: jwt expired\n    at C:\\Users\\Usuario\\Desktop\\2022\\CoderHouse\\04 - Backend Página\\25 - trabajo_final\\node_modules\\jsonwebtoken\\verify.js:152:21\n    at getSecret (C:\\Users\\Usuario\\Desktop\\2022\\CoderHouse\\04 - Backend Página\\25 - trabajo_final\\node_modules\\jsonwebtoken\\verify.js:90:14)\n    at module.exports [as verify] (C:\\Users\\Usuario\\Desktop\\2022\\CoderHouse\\04 - Backend Página\\25 - trabajo_final\\node_modules\\jsonwebtoken\\verify.js:94:10)\n    at validateUser (file:///C:/Users/Usuario/Desktop/2022/CoderHouse/04%20-%20Backend%20P%C3%A1gina/25%20-%20trabajo_final/src/negocio/utils/jwt.js:8:33)\n    at autenticacion (file:///C:/Users/Usuario/Desktop/2022/CoderHouse/04%20-%20Backend%20P%C3%A1gina/25%20-%20trabajo_final/src/negocio/middlewares/autenticacion.js:18:25)\n    at Layer.handle [as handle_request] (C:\\Users\\Usuario\\Desktop\\2022\\CoderHouse\\04 - Backend Página\\25 - trabajo_final\\node_modules\\express\\lib\\router\\layer.js:95:5)\n    at next (C:\\Users\\Usuario\\Desktop\\2022\\CoderHouse\\04 - Backend Página\\25 - trabajo_final\\node_modules\\express\\lib\\router\\route.js:144:13)\n    at Route.dispatch (C:\\Users\\Usuario\\Desktop\\2022\\CoderHouse\\04 - Backend Página\\25 - trabajo_final\\node_modules\\express\\lib\\router\\route.js:114:3)\n    at Layer.handle [as handle_request] (C:\\Users\\Usuario\\Desktop\\2022\\CoderHouse\\04 - Backend Página\\25 - trabajo_final\\node_modules\\express\\lib\\router\\layer.js:95:5)\n    at C:\\Users\\Usuario\\Desktop\\2022\\CoderHouse\\04 - Backend Página\\25 - trabajo_final\\node_modules\\express\\lib\\router\\index.js:284:15","type":"Error","msg":"jwt expired"}
{"level":40,"time":1682629152873,"pid":1572,"hostname":"DESKTOP-G8F9RK0","msg":"Le queda (86378) segundos para que la sesion se expire"}
{"level":40,"time":1682629189086,"pid":1572,"hostname":"DESKTOP-G8F9RK0","msg":"Le queda (86341) segundos para que la sesion se expire"}
{"level":40,"time":1682629209462,"pid":1572,"hostname":"DESKTOP-G8F9RK0","name":"TokenExpiredError","message":"jwt expired","expiredAt":"2023-04-27T12:54:49.000Z","stack":"TokenExpiredError: jwt expired\n    at C:\\Users\\Usuario\\Desktop\\2022\\CoderHouse\\04 - Backend Página\\25 - trabajo_final\\node_modules\\jsonwebtoken\\verify.js:152:21\n    at getSecret (C:\\Users\\Usuario\\Desktop\\2022\\CoderHouse\\04 - Backend Página\\25 - trabajo_final\\node_modules\\jsonwebtoken\\verify.js:90:14)\n    at module.exports [as verify] (C:\\Users\\Usuario\\Desktop\\2022\\CoderHouse\\04 - Backend Página\\25 - trabajo_final\\node_modules\\jsonwebtoken\\verify.js:94:10)\n    at validateUser (file:///C:/Users/Usuario/Desktop/2022/CoderHouse/04%20-%20Backend%20P%C3%A1gina/25%20-%20trabajo_final/src/negocio/utils/jwt.js:8:33)\n    at autenticacion (file:///C:/Users/Usuario/Desktop/2022/CoderHouse/04%20-%20Backend%20P%C3%A1gina/25%20-%20trabajo_final/src/negocio/middlewares/autenticacion.js:18:25)\n    at Layer.handle [as handle_request] (C:\\Users\\Usuario\\Desktop\\2022\\CoderHouse\\04 - Backend Página\\25 - trabajo_final\\node_modules\\express\\lib\\router\\layer.js:95:5)\n    at next (C:\\Users\\Usuario\\Desktop\\2022\\CoderHouse\\04 - Backend Página\\25 - trabajo_final\\node_modules\\express\\lib\\router\\route.js:144:13)\n    at Route.dispatch (C:\\Users\\Usuario\\Desktop\\2022\\CoderHouse\\04 - Backend Página\\25 - trabajo_final\\node_modules\\express\\lib\\router\\route.js:114:3)\n    at Layer.handle [as handle_request] (C:\\Users\\Usuario\\Desktop\\2022\\CoderHouse\\04 - Backend Página\\25 - trabajo_final\\node_modules\\express\\lib\\router\\layer.js:95:5)\n    at C:\\Users\\Usuario\\Desktop\\2022\\CoderHouse\\04 - Backend Página\\25 - trabajo_final\\node_modules\\express\\lib\\router\\index.js:284:15","type":"Error","msg":"jwt expired"}
{"level":40,"time":1682629216532,"pid":1572,"hostname":"DESKTOP-G8F9RK0","msg":"Le queda (86314) segundos para que la sesion se expire"}
{"level":40,"time":1682629216556,"pid":1572,"hostname":"DESKTOP-G8F9RK0","msg":"no se encontró producto con ese id (e7d13851-894d-4f08-b663-20519cbb713f)"}
{"level":40,"time":1682629230391,"pid":1572,"hostname":"DESKTOP-G8F9RK0","msg":"Le queda (86300) segundos para que la sesion se expire"}
{"level":40,"time":1682629254488,"pid":1572,"hostname":"DESKTOP-G8F9RK0","msg":"Le queda (86276) segundos para que la sesion se expire"}
{"level":40,"time":1682629258381,"pid":1572,"hostname":"DESKTOP-G8F9RK0","msg":"Le queda (86272) segundos para que la sesion se expire"}
{"level":40,"time":1682629262711,"pid":1572,"hostname":"DESKTOP-G8F9RK0","msg":"Le queda (86268) segundos para que la sesion se expire"}
{"level":40,"time":1682629266270,"pid":1572,"hostname":"DESKTOP-G8F9RK0","msg":"Le queda (86264) segundos para que la sesion se expire"}
{"level":40,"time":1682629266273,"pid":1572,"hostname":"DESKTOP-G8F9RK0","msg":"no se encontró producto con ese id (14f558f3-2d8b-414e-a3b6-59477b9826e6)"}
{"level":40,"time":1682629268926,"pid":1572,"hostname":"DESKTOP-G8F9RK0","msg":"Le queda (86262) segundos para que la sesion se expire"}
{"level":40,"time":1682629268929,"pid":1572,"hostname":"DESKTOP-G8F9RK0","msg":"no se encontró producto con ese id (14f558f3-2d8b-414e-a3b6-59477b9826e6)"}
{"level":40,"time":1682629273162,"pid":1572,"hostname":"DESKTOP-G8F9RK0","msg":"Le queda (86257) segundos para que la sesion se expire"}
{"level":40,"time":1682629273166,"pid":1572,"hostname":"DESKTOP-G8F9RK0","msg":"no se encontró producto con ese id (14f558f3-2d8b-414e-a3b6-59477b9826e6)"}
{"level":40,"time":1682629277623,"pid":1572,"hostname":"DESKTOP-G8F9RK0","msg":"Le queda (86253) segundos para que la sesion se expire"}
{"level":40,"time":1682629277626,"pid":1572,"hostname":"DESKTOP-G8F9RK0","msg":"no se encontró producto con ese id (14f558f3-2d8b-414e-a3b6-59477b9826e6)"}
{"level":40,"time":1682629283742,"pid":1572,"hostname":"DESKTOP-G8F9RK0","msg":"Le queda (86247) segundos para que la sesion se expire"}
{"level":40,"time":1682629355244,"pid":1572,"hostname":"DESKTOP-G8F9RK0","name":"TokenExpiredError","message":"jwt expired","expiredAt":"2023-04-27T12:29:51.000Z","stack":"TokenExpiredError: jwt expired\n    at C:\\Users\\Usuario\\Desktop\\2022\\CoderHouse\\04 - Backend Página\\25 - trabajo_final\\node_modules\\jsonwebtoken\\verify.js:152:21\n    at getSecret (C:\\Users\\Usuario\\Desktop\\2022\\CoderHouse\\04 - Backend Página\\25 - trabajo_final\\node_modules\\jsonwebtoken\\verify.js:90:14)\n    at module.exports [as verify] (C:\\Users\\Usuario\\Desktop\\2022\\CoderHouse\\04 - Backend Página\\25 - trabajo_final\\node_modules\\jsonwebtoken\\verify.js:94:10)\n    at validateUser (file:///C:/Users/Usuario/Desktop/2022/CoderHouse/04%20-%20Backend%20P%C3%A1gina/25%20-%20trabajo_final/src/negocio/utils/jwt.js:8:33)\n    at autenticacion (file:///C:/Users/Usuario/Desktop/2022/CoderHouse/04%20-%20Backend%20P%C3%A1gina/25%20-%20trabajo_final/src/negocio/middlewares/autenticacion.js:18:25)\n    at Layer.handle [as handle_request] (C:\\Users\\Usuario\\Desktop\\2022\\CoderHouse\\04 - Backend Página\\25 - trabajo_final\\node_modules\\express\\lib\\router\\layer.js:95:5)\n    at next (C:\\Users\\Usuario\\Desktop\\2022\\CoderHouse\\04 - Backend Página\\25 - trabajo_final\\node_modules\\express\\lib\\router\\route.js:144:13)\n    at Route.dispatch (C:\\Users\\Usuario\\Desktop\\2022\\CoderHouse\\04 - Backend Página\\25 - trabajo_final\\node_modules\\express\\lib\\router\\route.js:114:3)\n    at Layer.handle [as handle_request] (C:\\Users\\Usuario\\Desktop\\2022\\CoderHouse\\04 - Backend Página\\25 - trabajo_final\\node_modules\\express\\lib\\router\\layer.js:95:5)\n    at C:\\Users\\Usuario\\Desktop\\2022\\CoderHouse\\04 - Backend Página\\25 - trabajo_final\\node_modules\\express\\lib\\router\\index.js:284:15","type":"Error","msg":"jwt expired"}
{"level":40,"time":1682629379160,"pid":1572,"hostname":"DESKTOP-G8F9RK0","msg":"Le queda (86151) segundos para que la sesion se expire"}
{"level":50,"time":1682629379168,"pid":1572,"hostname":"DESKTOP-G8F9RK0","msg":"no se encontró carrito para el usuario (cuevabros@gmail.com)"}
{"level":50,"time":1682629389483,"pid":1572,"hostname":"DESKTOP-G8F9RK0","msg":"Usuario inexistente"}
{"level":40,"time":1682629490377,"pid":1572,"hostname":"DESKTOP-G8F9RK0","msg":"Le queda (86040) segundos para que la sesion se expire"}
{"level":50,"time":1682629490382,"pid":1572,"hostname":"DESKTOP-G8F9RK0","msg":"no se encontró carrito para el usuario (cuevabros@gmail.com)"}
{"level":40,"time":1682629510086,"pid":1572,"hostname":"DESKTOP-G8F9RK0","stack":"SyntaxError: Unexpected token : in JSON at position 71\n    at JSON.parse (<anonymous>)\n    at Object.jwsDecode [as decode] (C:\\Users\\Usuario\\Desktop\\2022\\CoderHouse\\04 - Backend Página\\25 - trabajo_final\\node_modules\\jsonwebtoken\\node_modules\\jws\\lib\\verify-stream.js:71:20)\n    at module.exports (C:\\Users\\Usuario\\Desktop\\2022\\CoderHouse\\04 - Backend Página\\25 - trabajo_final\\node_modules\\jsonwebtoken\\decode.js:5:21)\n    at module.exports [as verify] (C:\\Users\\Usuario\\Desktop\\2022\\CoderHouse\\04 - Backend Página\\25 - trabajo_final\\node_modules\\jsonwebtoken\\verify.js:69:20)\n    at validateUser (file:///C:/Users/Usuario/Desktop/2022/CoderHouse/04%20-%20Backend%20P%C3%A1gina/25%20-%20trabajo_final/src/negocio/utils/jwt.js:8:33)\n    at autenticacion (file:///C:/Users/Usuario/Desktop/2022/CoderHouse/04%20-%20Backend%20P%C3%A1gina/25%20-%20trabajo_final/src/negocio/middlewares/autenticacion.js:18:25)\n    at Layer.handle [as handle_request] (C:\\Users\\Usuario\\Desktop\\2022\\CoderHouse\\04 - Backend Página\\25 - trabajo_final\\node_modules\\express\\lib\\router\\layer.js:95:5)\n    at next (C:\\Users\\Usuario\\Desktop\\2022\\CoderHouse\\04 - Backend Página\\25 - trabajo_final\\node_modules\\express\\lib\\router\\route.js:144:13)\n    at Route.dispatch (C:\\Users\\Usuario\\Desktop\\2022\\CoderHouse\\04 - Backend Página\\25 - trabajo_final\\node_modules\\express\\lib\\router\\route.js:114:3)\n    at Layer.handle [as handle_request] (C:\\Users\\Usuario\\Desktop\\2022\\CoderHouse\\04 - Backend Página\\25 - trabajo_final\\node_modules\\express\\lib\\router\\layer.js:95:5)","type":"Error","msg":"Unexpected token : in JSON at position 71"}
{"level":40,"time":1682629540001,"pid":1572,"hostname":"DESKTOP-G8F9RK0","msg":"Le queda (86377) segundos para que la sesion se expire"}
{"level":40,"time":1682629541333,"pid":1572,"hostname":"DESKTOP-G8F9RK0","msg":"Le queda (86375) segundos para que la sesion se expire"}
{"level":40,"time":1682629542466,"pid":1572,"hostname":"DESKTOP-G8F9RK0","msg":"Le queda (86374) segundos para que la sesion se expire"}
{"level":40,"time":1682629554718,"pid":1572,"hostname":"DESKTOP-G8F9RK0","msg":"Le queda (86362) segundos para que la sesion se expire"}
{"level":40,"time":1682629586628,"pid":1572,"hostname":"DESKTOP-G8F9RK0","msg":"Le queda (86330) segundos para que la sesion se expire"}
{"level":40,"time":1682629594224,"pid":1572,"hostname":"DESKTOP-G8F9RK0","msg":"Le queda (86322) segundos para que la sesion se expire"}
{"level":40,"time":1682629686017,"pid":1572,"hostname":"DESKTOP-G8F9RK0","msg":"Le queda (86230) segundos para que la sesion se expire"}
{"level":40,"time":1682629686558,"pid":1572,"hostname":"DESKTOP-G8F9RK0","msg":"Le queda (86230) segundos para que la sesion se expire"}
{"level":40,"time":1682629687084,"pid":1572,"hostname":"DESKTOP-G8F9RK0","msg":"Le queda (86229) segundos para que la sesion se expire"}
{"level":50,"time":1682629726680,"pid":1572,"hostname":"DESKTOP-G8F9RK0","msg":"Usuario inexistente"}
{"level":40,"time":1682629751165,"pid":1572,"hostname":"DESKTOP-G8F9RK0","name":"JsonWebTokenError","message":"invalid token","stack":"JsonWebTokenError: invalid token\n    at module.exports [as verify] (C:\\Users\\Usuario\\Desktop\\2022\\CoderHouse\\04 - Backend Página\\25 - trabajo_final\\node_modules\\jsonwebtoken\\verify.js:75:17)\n    at validateUser (file:///C:/Users/Usuario/Desktop/2022/CoderHouse/04%20-%20Backend%20P%C3%A1gina/25%20-%20trabajo_final/src/negocio/utils/jwt.js:8:33)\n    at autenticacion (file:///C:/Users/Usuario/Desktop/2022/CoderHouse/04%20-%20Backend%20P%C3%A1gina/25%20-%20trabajo_final/src/negocio/middlewares/autenticacion.js:18:25)\n    at Layer.handle [as handle_request] (C:\\Users\\Usuario\\Desktop\\2022\\CoderHouse\\04 - Backend Página\\25 - trabajo_final\\node_modules\\express\\lib\\router\\layer.js:95:5)\n    at next (C:\\Users\\Usuario\\Desktop\\2022\\CoderHouse\\04 - Backend Página\\25 - trabajo_final\\node_modules\\express\\lib\\router\\route.js:144:13)\n    at Route.dispatch (C:\\Users\\Usuario\\Desktop\\2022\\CoderHouse\\04 - Backend Página\\25 - trabajo_final\\node_modules\\express\\lib\\router\\route.js:114:3)\n    at Layer.handle [as handle_request] (C:\\Users\\Usuario\\Desktop\\2022\\CoderHouse\\04 - Backend Página\\25 - trabajo_final\\node_modules\\express\\lib\\router\\layer.js:95:5)\n    at C:\\Users\\Usuario\\Desktop\\2022\\CoderHouse\\04 - Backend Página\\25 - trabajo_final\\node_modules\\express\\lib\\router\\index.js:284:15\n    at Function.process_params (C:\\Users\\Usuario\\Desktop\\2022\\CoderHouse\\04 - Backend Página\\25 - trabajo_final\\node_modules\\express\\lib\\router\\index.js:346:12)\n    at next (C:\\Users\\Usuario\\Desktop\\2022\\CoderHouse\\04 - Backend Página\\25 - trabajo_final\\node_modules\\express\\lib\\router\\index.js:280:10)","type":"Error","msg":"invalid token"}
{"level":40,"time":1682629767083,"pid":1572,"hostname":"DESKTOP-G8F9RK0","msg":"Le queda (86369) segundos para que la sesion se expire"}
{"level":40,"time":1682629768261,"pid":1572,"hostname":"DESKTOP-G8F9RK0","msg":"Le queda (86368) segundos para que la sesion se expire"}
{"level":40,"time":1682629768780,"pid":1572,"hostname":"DESKTOP-G8F9RK0","msg":"Le queda (86368) segundos para que la sesion se expire"}
{"level":40,"time":1682629772048,"pid":1572,"hostname":"DESKTOP-G8F9RK0","msg":"Le queda (86144) segundos para que la sesion se expire"}
{"level":40,"time":1682629798352,"pid":1572,"hostname":"DESKTOP-G8F9RK0","msg":"Le queda (86118) segundos para que la sesion se expire"}
{"level":40,"time":1682629848311,"pid":1572,"hostname":"DESKTOP-G8F9RK0","msg":"Le queda (86288) segundos para que la sesion se expire"}
{"level":40,"time":1682629863677,"pid":1572,"hostname":"DESKTOP-G8F9RK0","msg":"Le queda (86053) segundos para que la sesion se expire"}
{"level":40,"time":1682629864540,"pid":1572,"hostname":"DESKTOP-G8F9RK0","msg":"Le queda (86052) segundos para que la sesion se expire"}
{"level":40,"time":1682629865122,"pid":1572,"hostname":"DESKTOP-G8F9RK0","msg":"Le queda (86051) segundos para que la sesion se expire"}
{"level":40,"time":1682629874887,"pid":1572,"hostname":"DESKTOP-G8F9RK0","msg":"Le queda (86042) segundos para que la sesion se expire"}
{"level":40,"time":1682629923934,"pid":1572,"hostname":"DESKTOP-G8F9RK0","msg":"Le queda (85993) segundos para que la sesion se expire"}
{"level":40,"time":1682629947092,"pid":1572,"hostname":"DESKTOP-G8F9RK0","msg":"Le queda (86382) segundos para que la sesion se expire"}
{"level":50,"time":1682629947095,"pid":1572,"hostname":"DESKTOP-G8F9RK0","msg":"No existen ordenes del usuario cuevabrosPrueba@hotmail.com"}
{"level":40,"time":1682629955406,"pid":1572,"hostname":"DESKTOP-G8F9RK0","msg":"Le queda (86374) segundos para que la sesion se expire"}
{"level":40,"time":1682629980154,"pid":1572,"hostname":"DESKTOP-G8F9RK0","msg":"Le queda (86349) segundos para que la sesion se expire"}
{"level":40,"time":1682645904506,"pid":11292,"hostname":"DESKTOP-G8F9RK0","msg":"Le queda (69626) segundos para que la sesion se expire"}
{"level":50,"time":1703710265915,"pid":9164,"hostname":"DESKTOP-G8F9RK0","msg":"orderService.grabarPerson is not a function"}
{"level":50,"time":1703710296493,"pid":11880,"hostname":"DESKTOP-G8F9RK0","msg":"orderService.grabarPerson is not a function"}
{"level":50,"time":1703710298525,"pid":11880,"hostname":"DESKTOP-G8F9RK0","msg":"orderService.grabarPerson is not a function"}
{"level":50,"time":1703710388755,"pid":11960,"hostname":"DESKTOP-G8F9RK0","msg":"orderService.listarPersonas is not a function"}
{"level":50,"time":1703771088167,"pid":11032,"hostname":"DESKTOP-G8F9RK0","msg":"persona.listadoPersonas is not a function"}
{"level":50,"time":1703771161874,"pid":6320,"hostname":"DESKTOP-G8F9RK0","msg":"persona.listarPersona is not a function"}
{"level":50,"time":1703772121295,"pid":9676,"hostname":"DESKTOP-G8F9RK0","msg":"res is not defined"}
{"level":50,"time":1703774147017,"pid":9492,"hostname":"DESKTOP-G8F9RK0","msg":"resul is not defined"}
{"level":50,"time":1704477532897,"pid":5660,"hostname":"DESKTOP-G8F9RK0","msg":"listarPersonaConFiltro is not defined"}
{"level":50,"time":1704477579672,"pid":6240,"hostname":"DESKTOP-G8F9RK0","msg":"persontService.listarPersonsConFiltro is not a function"}
{"level":50,"time":1704840442216,"pid":10992,"hostname":"DESKTOP-G8F9RK0","msg":"tipo invalido"}
{"level":50,"time":1704840442238,"pid":10992,"hostname":"DESKTOP-G8F9RK0","msg":"tipo invalido"}
{"level":50,"time":1704840645897,"pid":3824,"hostname":"DESKTOP-G8F9RK0","msg":"tipo invalido"}
{"level":50,"time":1704840645946,"pid":3824,"hostname":"DESKTOP-G8F9RK0","msg":"tipo invalido"}
{"level":50,"time":1704840669388,"pid":6960,"hostname":"DESKTOP-G8F9RK0","msg":"tipo invalido"}
{"level":50,"time":1704840669425,"pid":6960,"hostname":"DESKTOP-G8F9RK0","msg":"tipo invalido"}
{"level":50,"time":1704840703853,"pid":1000,"hostname":"DESKTOP-G8F9RK0","msg":"tipo invalido"}
{"level":50,"time":1704840703902,"pid":1000,"hostname":"DESKTOP-G8F9RK0","msg":"tipo invalido"}
{"level":50,"time":1704840982811,"pid":1888,"hostname":"DESKTOP-G8F9RK0","msg":"personas.datos is not a function"}
{"level":50,"time":1704840982859,"pid":1888,"hostname":"DESKTOP-G8F9RK0","msg":"personas.datos is not a function"}
{"level":50,"time":1704841425163,"pid":4524,"hostname":"DESKTOP-G8F9RK0","msg":"personas.datos is not a function"}
{"level":50,"time":1704841425197,"pid":4524,"hostname":"DESKTOP-G8F9RK0","msg":"personas.datos is not a function"}
{"level":50,"time":1704841574141,"pid":5092,"hostname":"DESKTOP-G8F9RK0","msg":"tipo invalido"}
{"level":50,"time":1704841574171,"pid":5092,"hostname":"DESKTOP-G8F9RK0","msg":"tipo invalido"}
{"level":50,"time":1704841793197,"pid":7736,"hostname":"DESKTOP-G8F9RK0","msg":"tipo invalido"}
{"level":50,"time":1704841793224,"pid":7736,"hostname":"DESKTOP-G8F9RK0","msg":"tipo invalido"}
{"level":50,"time":1704841844656,"pid":5904,"hostname":"DESKTOP-G8F9RK0","msg":"d.datos is not a function"}
{"level":50,"time":1704841844680,"pid":5904,"hostname":"DESKTOP-G8F9RK0","msg":"d.datos is not a function"}
{"level":50,"time":1704841950940,"pid":12848,"hostname":"DESKTOP-G8F9RK0","msg":"d.datos is not a function"}
{"level":50,"time":1704892991287,"pid":10368,"hostname":"DESKTOP-G8F9RK0","msg":"tipo invalido"}
{"level":50,"time":1704892991423,"pid":10368,"hostname":"DESKTOP-G8F9RK0","msg":"tipo invalido"}
{"level":50,"time":1704893094153,"pid":7660,"hostname":"DESKTOP-G8F9RK0","msg":"tipo invalido"}
{"level":50,"time":1704893094184,"pid":7660,"hostname":"DESKTOP-G8F9RK0","msg":"tipo invalido"}
{"level":50,"time":1704978655978,"pid":2532,"hostname":"DESKTOP-G8F9RK0","msg":"horario.grabarHorario is not a function"}
{"level":50,"time":1704980042422,"pid":4856,"hostname":"DESKTOP-G8F9RK0","msg":"horario.grabarHorario is not a function"}
{"level":50,"time":1704980166598,"pid":4424,"hostname":"DESKTOP-G8F9RK0","msg":"tipo invalido"}
{"level":50,"time":1704980242788,"pid":9564,"hostname":"DESKTOP-G8F9RK0","msg":"tipo invalido"}
{"level":50,"time":1704980284252,"pid":1736,"hostname":"DESKTOP-G8F9RK0","msg":"error de sintaxis en o cerca de «inset»"}
{"level":50,"time":1704980344055,"pid":1260,"hostname":"DESKTOP-G8F9RK0","msg":"el valor null para la columna «id_franja_horaria» viola la restricción not null"}
{"level":50,"time":1704980459675,"pid":5452,"hostname":"DESKTOP-G8F9RK0","msg":"el mensaje de enlace (bind) entrega 1 parámetros, pero la sentencia preparada «» requiere 2"}
{"level":50,"time":1704980528530,"pid":4616,"hostname":"DESKTOP-G8F9RK0","msg":"llave duplicada viola restricción de unicidad «id_franja_horaria_pkey»"}
{"level":50,"time":1704980778099,"pid":3800,"hostname":"DESKTOP-G8F9RK0","msg":"la sintaxis de entrada no es válida para integer: «b32eda90-7a8c-4862-8a74-11b88d2ad957»"}
{"level":50,"time":1704981160489,"pid":4084,"hostname":"DESKTOP-G8F9RK0","msg":"el valor null para la columna «id_franja_horaria» viola la restricción not null"}
{"level":50,"time":1704981232007,"pid":676,"hostname":"DESKTOP-G8F9RK0","msg":"el valor null para la columna «id_franja_horaria» viola la restricción not null"}
{"level":50,"time":1704981290171,"pid":8304,"hostname":"DESKTOP-G8F9RK0","msg":"el valor null para la columna «id_franja_horaria» viola la restricción not null"}
{"level":50,"time":1704981667830,"pid":2332,"hostname":"DESKTOP-G8F9RK0","msg":"el valor null para la columna «id_franja_horaria» viola la restricción not null"}
{"level":50,"time":1704981713460,"pid":2272,"hostname":"DESKTOP-G8F9RK0","msg":"el valor null para la columna «id_franja_horaria» viola la restricción not null"}
{"level":50,"time":1704981754478,"pid":9964,"hostname":"DESKTOP-G8F9RK0","msg":"el valor null para la columna «id_franja_horaria» viola la restricción not null"}
{"level":50,"time":1704981783766,"pid":2808,"hostname":"DESKTOP-G8F9RK0","msg":"el valor null para la columna «id_franja_horaria» viola la restricción not null"}
{"level":50,"time":1704981852008,"pid":2300,"hostname":"DESKTOP-G8F9RK0","msg":"el valor null para la columna «id_franja_horaria» viola la restricción not null"}
{"level":50,"time":1705008368641,"pid":9424,"hostname":"DESKTOP-G8F9RK0","msg":"persontService is not defined"}
{"level":50,"time":1705008403738,"pid":8504,"hostname":"DESKTOP-G8F9RK0","msg":"horarioService.listarHorarios is not a function"}
{"level":50,"time":1705008443295,"pid":5828,"hostname":"DESKTOP-G8F9RK0","msg":"listarHorario is not defined"}
{"level":50,"time":1705008479645,"pid":4092,"hostname":"DESKTOP-G8F9RK0","msg":"listarHorario is not defined"}
{"level":50,"time":1705412714882,"pid":6004,"hostname":"DESKTOP-G8F9RK0","msg":"persontService is not defined"}
{"level":50,"time":1705412720695,"pid":6004,"hostname":"DESKTOP-G8F9RK0","msg":"persontService is not defined"}
{"level":50,"time":1705412722103,"pid":6004,"hostname":"DESKTOP-G8F9RK0","msg":"persontService is not defined"}
{"level":50,"time":1705412723579,"pid":6004,"hostname":"DESKTOP-G8F9RK0","msg":"persontService is not defined"}
{"level":50,"time":1705412728681,"pid":6004,"hostname":"DESKTOP-G8F9RK0","msg":"persontService is not defined"}
{"level":50,"time":1705414198839,"pid":9568,"hostname":"DESKTOP-G8F9RK0","msg":"persontService is not defined"}
{"level":50,"time":1705414297841,"pid":7032,"hostname":"DESKTOP-G8F9RK0","msg":"horarioService.listarHorariosConFiltro is not a function"}
{"level":50,"time":1705597569222,"pid":2780,"hostname":"DESKTOP-G8F9RK0","msg":"listarHorarioconid is not defined"}
{"level":50,"time":1705597590616,"pid":2780,"hostname":"DESKTOP-G8F9RK0","msg":"listarHorarioconid is not defined"}
{"level":40,"time":1716645792566,"pid":9696,"hostname":"DESKTOP-G8F9RK0","name":"TokenExpiredError","message":"jwt expired","expiredAt":"2023-04-28T21:12:10.000Z","stack":"TokenExpiredError: jwt expired\n    at C:\\Users\\Usuario\\Desktop\\2022\\CoderHouse\\proyecto_quinta\\quinta_backend\\node_modules\\jsonwebtoken\\verify.js:152:21\n    at getSecret (C:\\Users\\Usuario\\Desktop\\2022\\CoderHouse\\proyecto_quinta\\quinta_backend\\node_modules\\jsonwebtoken\\verify.js:90:14)\n    at module.exports [as verify] (C:\\Users\\Usuario\\Desktop\\2022\\CoderHouse\\proyecto_quinta\\quinta_backend\\node_modules\\jsonwebtoken\\verify.js:94:10)\n    at validateUser (file:///C:/Users/Usuario/Desktop/2022/CoderHouse/proyecto_quinta/quinta_backend/src/negocio/utils/jwt.js:8:33)\n    at autenticacion (file:///C:/Users/Usuario/Desktop/2022/CoderHouse/proyecto_quinta/quinta_backend/src/negocio/middlewares/autenticacion.js:18:25)\n    at Layer.handle [as handle_request] (C:\\Users\\Usuario\\Desktop\\2022\\CoderHouse\\proyecto_quinta\\quinta_backend\\node_modules\\express\\lib\\router\\layer.js:95:5)\n    at next (C:\\Users\\Usuario\\Desktop\\2022\\CoderHouse\\proyecto_quinta\\quinta_backend\\node_modules\\express\\lib\\router\\route.js:144:13)\n    at Route.dispatch (C:\\Users\\Usuario\\Desktop\\2022\\CoderHouse\\proyecto_quinta\\quinta_backend\\node_modules\\express\\lib\\router\\route.js:114:3)\n    at Layer.handle [as handle_request] (C:\\Users\\Usuario\\Desktop\\2022\\CoderHouse\\proyecto_quinta\\quinta_backend\\node_modules\\express\\lib\\router\\layer.js:95:5)\n    at C:\\Users\\Usuario\\Desktop\\2022\\CoderHouse\\proyecto_quinta\\quinta_backend\\node_modules\\express\\lib\\router\\index.js:284:15","type":"Error","msg":"jwt expired"}
{"level":50,"time":1775403483587,"pid":5712,"hostname":"DESKTOP-G8F9RK0","msg":"Apellido is not defined"}
{"level":50,"time":1777245686818,"pid":1380,"hostname":"DESKTOP-G8F9RK0","msg":"persontService.Apellido is not a function"}
{"level":50,"time":1777245690723,"pid":1380,"hostname":"DESKTOP-G8F9RK0","msg":"persontService.Apellido is not a function"}
{"level":50,"time":1777245691314,"pid":1380,"hostname":"DESKTOP-G8F9RK0","msg":"persontService.Apellido is not a function"}
{"level":50,"time":1777245694007,"pid":1380,"hostname":"DESKTOP-G8F9RK0","msg":"persontService.Apellido is not a function"}
{"level":50,"time":1777245696032,"pid":1380,"hostname":"DESKTOP-G8F9RK0","msg":"persontService.Apellido is not a function"}
{"level":50,"time":1777245696696,"pid":1380,"hostname":"DESKTOP-G8F9RK0","msg":"persontService.Apellido is not a function"}
{"level":50,"time":1777245696903,"pid":1380,"hostname":"DESKTOP-G8F9RK0","msg":"persontService.Apellido is not a function"}
{"level":50,"time":1777245697065,"pid":1380,"hostname":"DESKTOP-G8F9RK0","msg":"persontService.Apellido is not a function"}
{"level":50,"time":1777245699040,"pid":1380,"hostname":"DESKTOP-G8F9RK0","msg":"persontService.Apellido is not a function"}
{"level":50,"time":1777245699304,"pid":1380,"hostname":"DESKTOP-G8F9RK0","msg":"persontService.Apellido is not a function"}
{"level":50,"time":1777245704135,"pid":1380,"hostname":"DESKTOP-G8F9RK0","msg":"persontService.Apellido is not a function"}
{"level":50,"time":1777245704903,"pid":1380,"hostname":"DESKTOP-G8F9RK0","msg":"persontService.Apellido is not a function"}
{"level":50,"time":1777245781951,"pid":1380,"hostname":"DESKTOP-G8F9RK0","msg":"persontService.Apellido is not a function"}
{"level":50,"time":1777245784481,"pid":1380,"hostname":"DESKTOP-G8F9RK0","msg":"persontService.Apellido is not a function"}
{"level":50,"time":1777245815155,"pid":1380,"hostname":"DESKTOP-G8F9RK0","msg":"persontService.Apellido is not a function"}
{"level":50,"time":1777245937029,"pid":1380,"hostname":"DESKTOP-G8F9RK0","msg":"persontService.Apellido is not a function"}
{"level":50,"time":1777245943317,"pid":1380,"hostname":"DESKTOP-G8F9RK0","msg":"persontService.Apellido is not a function"}
{"level":50,"time":1777246069554,"pid":1380,"hostname":"DESKTOP-G8F9RK0","msg":"persontService.Apellido is not a function"}
{"level":50,"time":1777246138816,"pid":1380,"hostname":"DESKTOP-G8F9RK0","msg":"persontService.Apellido is not a function"}
{"level":50,"time":1777752028502,"pid":4124,"hostname":"DESKTOP-G8F9RK0","msg":"Cannot access 'listarLocalidades' before initialization"}
{"level":50,"time":1777752043209,"pid":1508,"hostname":"DESKTOP-G8F9RK0","msg":"Cannot access 'listarLocalidades' before initialization"}
{"level":50,"time":1777752120083,"pid":1508,"hostname":"DESKTOP-G8F9RK0","msg":"Cannot access 'listarLocalidades' before initialization"}
{"level":50,"time":1777752132812,"pid":8356,"hostname":"DESKTOP-G8F9RK0","msg":"Cannot access 'listarLocalidades' before initialization"}
{"level":50,"time":1777752246240,"pid":500,"hostname":"DESKTOP-G8F9RK0","msg":"Assignment to constant variable."}
<<<<<<< HEAD
<<<<<<< HEAD
{"level":50,"time":1778964838397,"pid":8124,"hostname":"DESKTOP-G8F9RK0","msg":"updatePerson is not defined"}
=======
{"level":50,"time":1779023095459,"pid":11456,"hostname":"German","msg":"Usuario inexistente"}
{"level":50,"time":1779023147080,"pid":11456,"hostname":"German","msg":"Password incorrecto"}
{"level":50,"time":1779025137720,"pid":11456,"hostname":"German","msg":"Usuario inexistente"}
<<<<<<< HEAD
{"level":50,"time":1779063725829,"pid":5664,"hostname":"German","msg":"Password incorrecto"}
=======
>>>>>>> a705f4b7e76f19c12d0a7eee0b11dde1136c3844
=======
{"level":50,"time":1779023095459,"pid":11456,"hostname":"German","msg":"Usuario inexistente"}
{"level":50,"time":1779023147080,"pid":11456,"hostname":"German","msg":"Password incorrecto"}
{"level":50,"time":1779025137720,"pid":11456,"hostname":"German","msg":"Usuario inexistente"}
>>>>>>> a705f4b7e76f19c12d0a7eee0b11dde1136c3844
<<<<<<< HEAD
>>>>>>> 43ca7888abf70a2ce8c46051ad2d41b0362bda45
{"level":50,"time":1779541156761,"pid":14196,"hostname":"German","msg":"Password incorrecto"}
{"level":50,"time":1779541168068,"pid":14196,"hostname":"German","msg":"Usuario inexistente"}
{"level":50,"time":1779541227976,"pid":10224,"hostname":"German","msg":"Password incorrecto"}
{"level":50,"time":1779541250401,"pid":8380,"hostname":"German","msg":"Password incorrecto"}
{"level":50,"time":1779541260200,"pid":8380,"hostname":"German","msg":"Usuario inexistente"}
{"level":50,"time":1779541265794,"pid":8380,"hostname":"German","msg":"Usuario inexistente"}
{"level":50,"time":1779556802232,"pid":8380,"hostname":"German","msg":"Password incorrecto"}
{"level":50,"time":1779557120816,"pid":8380,"hostname":"German","msg":"Password incorrecto"}
{"level":50,"time":1779557124012,"pid":8380,"hostname":"German","msg":"Usuario inexistente"}
{"level":50,"time":1779557242276,"pid":8380,"hostname":"German","msg":"Usuario inexistente"}
{"level":50,"time":1779557248644,"pid":8380,"hostname":"German","msg":"Usuario inexistente"}
{"level":50,"time":1779557256824,"pid":8380,"hostname":"German","msg":"Usuario inexistente"}
{"level":50,"time":1779557286737,"pid":8380,"hostname":"German","msg":"Usuario inexistente"}
{"level":50,"time":1779557316095,"pid":8380,"hostname":"German","msg":"Usuario inexistente"}
{"level":50,"time":1779557345005,"pid":8380,"hostname":"German","msg":"Password incorrecto"}
{"level":50,"time":1779557349339,"pid":8380,"hostname":"German","msg":"Usuario inexistente"}
{"level":50,"time":1779557365609,"pid":8380,"hostname":"German","msg":"Usuario inexistente"}
{"level":50,"time":1779557385170,"pid":8380,"hostname":"German","msg":"Usuario inexistente"}
{"level":50,"time":1779557390613,"pid":8380,"hostname":"German","msg":"Usuario inexistente"}
{"level":50,"time":1779557599430,"pid":8380,"hostname":"German","msg":"Usuario inexistente"}
{"level":50,"time":1779557835110,"pid":8284,"hostname":"German","msg":"Usuario inexistente"}
{"level":50,"time":1779565247800,"pid":8284,"hostname":"German","msg":"Usuario inexistente"}
=======
{"level":50,"time":1779551023086,"pid":9972,"hostname":"DESKTOP-G8F9RK0","msg":"body is not defined"}
>>>>>>> d9512d2a67aab883054b53d318b1913a9653fac9
<<<<<<< HEAD
{"level":50,"time":1779632149581,"pid":2664,"hostname":"German","msg":"Password incorrecto"}
{"level":50,"time":1779632152361,"pid":2664,"hostname":"German","msg":"Password incorrecto"}
{"level":50,"time":1779635744513,"pid":14684,"hostname":"German","msg":"Password incorrecto"}
{"level":50,"time":1779635773658,"pid":14684,"hostname":"German","msg":"Usuario inexistente"}
{"level":50,"time":1779635918884,"pid":14684,"hostname":"German","msg":"Usuario inexistente"}
{"level":50,"time":1779635937544,"pid":14684,"hostname":"German","msg":"Password incorrecto"}
{"level":50,"time":1779635949262,"pid":14684,"hostname":"German","msg":"Password incorrecto"}
{"level":50,"time":1779635950721,"pid":14684,"hostname":"German","msg":"Usuario inexistente"}
{"level":50,"time":1779635982904,"pid":14684,"hostname":"German","msg":"Usuario inexistente"}
{"level":50,"time":1779635987771,"pid":14684,"hostname":"German","msg":"Password incorrecto"}
{"level":50,"time":1779636048870,"pid":14684,"hostname":"German","msg":"Password incorrecto"}
{"level":50,"time":1779638391748,"pid":14684,"hostname":"German","msg":"Usuario inexistente"}
{"level":50,"time":1779638392633,"pid":14684,"hostname":"German","msg":"Usuario inexistente"}
{"level":50,"time":1779638436153,"pid":14684,"hostname":"German","msg":"Usuario inexistente"}
{"level":50,"time":1779638436728,"pid":14684,"hostname":"German","msg":"Usuario inexistente"}
{"level":50,"time":1779638548725,"pid":14684,"hostname":"German","msg":"Usuario inexistente"}
{"level":50,"time":1779638573309,"pid":14684,"hostname":"German","msg":"Usuario inexistente"}
{"level":50,"time":1779639328239,"pid":14684,"hostname":"German","msg":"Usuario inexistente"}
{"level":50,"time":1779639328938,"pid":14684,"hostname":"German","msg":"Usuario inexistente"}
{"level":50,"time":1779639493553,"pid":14684,"hostname":"German","msg":"Usuario inexistente"}
{"level":50,"time":1779639494684,"pid":14684,"hostname":"German","msg":"Usuario inexistente"}
{"level":50,"time":1779639495249,"pid":14684,"hostname":"German","msg":"Usuario inexistente"}
{"level":50,"time":1779639500507,"pid":14684,"hostname":"German","msg":"Usuario inexistente"}
=======
{"level":50,"time":1779633474712,"pid":8728,"hostname":"DESKTOP-G8F9RK0","length":120,"name":"error","severity":"ERROR","code":"42P01","position":"339","file":"src\\backend\\parser\\parse_relation.c","line":"987","routine":"parserOpenTable","stack":"error: no existe la relación «usuarios»\n    at C:\\proyecto_escuelas\\backend\\node_modules\\pg-pool\\index.js:45:11\n    at process.processTicksAndRejections (node:internal/process/task_queues:95:5)\n    at async LoginService.buscar_usuario (file:///C:/proyecto_escuelas/backend/src/negocio/services/login.service.js:13:17)\n    at async controladorLoginp (file:///C:/proyecto_escuelas/backend/src/ruteo/controllers/controllerLogin.js:28:13)","type":"Error","msg":"no existe la relación «usuarios»"}
{"level":50,"time":1779633477661,"pid":8728,"hostname":"DESKTOP-G8F9RK0","length":120,"name":"error","severity":"ERROR","code":"42P01","position":"339","file":"src\\backend\\parser\\parse_relation.c","line":"987","routine":"parserOpenTable","stack":"error: no existe la relación «usuarios»\n    at C:\\proyecto_escuelas\\backend\\node_modules\\pg-pool\\index.js:45:11\n    at process.processTicksAndRejections (node:internal/process/task_queues:95:5)\n    at async LoginService.buscar_usuario (file:///C:/proyecto_escuelas/backend/src/negocio/services/login.service.js:13:17)\n    at async controladorLoginp (file:///C:/proyecto_escuelas/backend/src/ruteo/controllers/controllerLogin.js:28:13)","type":"Error","msg":"no existe la relación «usuarios»"}
{"level":50,"time":1779633479437,"pid":8728,"hostname":"DESKTOP-G8F9RK0","length":120,"name":"error","severity":"ERROR","code":"42P01","position":"339","file":"src\\backend\\parser\\parse_relation.c","line":"987","routine":"parserOpenTable","stack":"error: no existe la relación «usuarios»\n    at C:\\proyecto_escuelas\\backend\\node_modules\\pg-pool\\index.js:45:11\n    at process.processTicksAndRejections (node:internal/process/task_queues:95:5)\n    at async LoginService.buscar_usuario (file:///C:/proyecto_escuelas/backend/src/negocio/services/login.service.js:13:17)\n    at async controladorLoginp (file:///C:/proyecto_escuelas/backend/src/ruteo/controllers/controllerLogin.js:28:13)","type":"Error","msg":"no existe la relación «usuarios»"}
{"level":50,"time":1779633482975,"pid":8728,"hostname":"DESKTOP-G8F9RK0","length":120,"name":"error","severity":"ERROR","code":"42P01","position":"339","file":"src\\backend\\parser\\parse_relation.c","line":"987","routine":"parserOpenTable","stack":"error: no existe la relación «usuarios»\n    at C:\\proyecto_escuelas\\backend\\node_modules\\pg-pool\\index.js:45:11\n    at process.processTicksAndRejections (node:internal/process/task_queues:95:5)\n    at async LoginService.buscar_usuario (file:///C:/proyecto_escuelas/backend/src/negocio/services/login.service.js:13:17)\n    at async controladorLoginp (file:///C:/proyecto_escuelas/backend/src/ruteo/controllers/controllerLogin.js:28:13)","type":"Error","msg":"no existe la relación «usuarios»"}
{"level":50,"time":1779633519812,"pid":8728,"hostname":"DESKTOP-G8F9RK0","length":120,"name":"error","severity":"ERROR","code":"42P01","position":"339","file":"src\\backend\\parser\\parse_relation.c","line":"987","routine":"parserOpenTable","stack":"error: no existe la relación «usuarios»\n    at C:\\proyecto_escuelas\\backend\\node_modules\\pg-pool\\index.js:45:11\n    at process.processTicksAndRejections (node:internal/process/task_queues:95:5)\n    at async LoginService.buscar_usuario (file:///C:/proyecto_escuelas/backend/src/negocio/services/login.service.js:13:17)\n    at async controladorLoginp (file:///C:/proyecto_escuelas/backend/src/ruteo/controllers/controllerLogin.js:28:13)","type":"Error","msg":"no existe la relación «usuarios»"}
{"level":50,"time":1779633525266,"pid":8728,"hostname":"DESKTOP-G8F9RK0","length":120,"name":"error","severity":"ERROR","code":"42P01","position":"339","file":"src\\backend\\parser\\parse_relation.c","line":"987","routine":"parserOpenTable","stack":"error: no existe la relación «usuarios»\n    at C:\\proyecto_escuelas\\backend\\node_modules\\pg-pool\\index.js:45:11\n    at process.processTicksAndRejections (node:internal/process/task_queues:95:5)\n    at async LoginService.buscar_usuario (file:///C:/proyecto_escuelas/backend/src/negocio/services/login.service.js:13:17)\n    at async controladorLoginp (file:///C:/proyecto_escuelas/backend/src/ruteo/controllers/controllerLogin.js:28:13)","type":"Error","msg":"no existe la relación «usuarios»"}
{"level":50,"time":1779633606769,"pid":8728,"hostname":"DESKTOP-G8F9RK0","length":120,"name":"error","severity":"ERROR","code":"42P01","position":"339","file":"src\\backend\\parser\\parse_relation.c","line":"987","routine":"parserOpenTable","stack":"error: no existe la relación «usuarios»\n    at C:\\proyecto_escuelas\\backend\\node_modules\\pg-pool\\index.js:45:11\n    at process.processTicksAndRejections (node:internal/process/task_queues:95:5)\n    at async LoginService.buscar_usuario (file:///C:/proyecto_escuelas/backend/src/negocio/services/login.service.js:13:17)\n    at async controladorLoginp (file:///C:/proyecto_escuelas/backend/src/ruteo/controllers/controllerLogin.js:28:13)","type":"Error","msg":"no existe la relación «usuarios»"}
{"level":50,"time":1779633647611,"pid":8728,"hostname":"DESKTOP-G8F9RK0","length":120,"name":"error","severity":"ERROR","code":"42P01","position":"339","file":"src\\backend\\parser\\parse_relation.c","line":"987","routine":"parserOpenTable","stack":"error: no existe la relación «usuarios»\n    at C:\\proyecto_escuelas\\backend\\node_modules\\pg-pool\\index.js:45:11\n    at process.processTicksAndRejections (node:internal/process/task_queues:95:5)\n    at async LoginService.buscar_usuario (file:///C:/proyecto_escuelas/backend/src/negocio/services/login.service.js:13:17)\n    at async controladorLoginp (file:///C:/proyecto_escuelas/backend/src/ruteo/controllers/controllerLogin.js:28:13)","type":"Error","msg":"no existe la relación «usuarios»"}
{"level":50,"time":1779633649827,"pid":8728,"hostname":"DESKTOP-G8F9RK0","length":120,"name":"error","severity":"ERROR","code":"42P01","position":"339","file":"src\\backend\\parser\\parse_relation.c","line":"987","routine":"parserOpenTable","stack":"error: no existe la relación «usuarios»\n    at C:\\proyecto_escuelas\\backend\\node_modules\\pg-pool\\index.js:45:11\n    at process.processTicksAndRejections (node:internal/process/task_queues:95:5)\n    at async LoginService.buscar_usuario (file:///C:/proyecto_escuelas/backend/src/negocio/services/login.service.js:13:17)\n    at async controladorLoginp (file:///C:/proyecto_escuelas/backend/src/ruteo/controllers/controllerLogin.js:28:13)","type":"Error","msg":"no existe la relación «usuarios»"}
{"level":50,"time":1779634855320,"pid":8728,"hostname":"DESKTOP-G8F9RK0","length":120,"name":"error","severity":"ERROR","code":"42P01","position":"339","file":"src\\backend\\parser\\parse_relation.c","line":"987","routine":"parserOpenTable","stack":"error: no existe la relación «usuarios»\n    at C:\\proyecto_escuelas\\backend\\node_modules\\pg-pool\\index.js:45:11\n    at process.processTicksAndRejections (node:internal/process/task_queues:95:5)\n    at async LoginService.buscar_usuario (file:///C:/proyecto_escuelas/backend/src/negocio/services/login.service.js:13:17)\n    at async controladorLoginp (file:///C:/proyecto_escuelas/backend/src/ruteo/controllers/controllerLogin.js:28:13)","type":"Error","msg":"no existe la relación «usuarios»"}
{"level":50,"time":1779634937530,"pid":10540,"hostname":"DESKTOP-G8F9RK0","length":108,"name":"error","severity":"ERROR","code":"42P01","position":"339","file":"parse_relation.c","line":"1373","routine":"parserOpenTable","stack":"error: relation \"usuarios\" does not exist\n    at C:\\proyecto_escuelas\\backend\\node_modules\\pg-pool\\index.js:45:11\n    at process.processTicksAndRejections (node:internal/process/task_queues:95:5)\n    at async LoginService.buscar_usuario (file:///C:/proyecto_escuelas/backend/src/negocio/services/login.service.js:13:17)\n    at async controladorLoginp (file:///C:/proyecto_escuelas/backend/src/ruteo/controllers/controllerLogin.js:28:13)","type":"Error","msg":"relation \"usuarios\" does not exist"}
{"level":50,"time":1779635344662,"pid":10540,"hostname":"DESKTOP-G8F9RK0","length":108,"name":"error","severity":"ERROR","code":"42P01","position":"339","file":"parse_relation.c","line":"1373","routine":"parserOpenTable","stack":"error: relation \"usuarios\" does not exist\n    at C:\\proyecto_escuelas\\backend\\node_modules\\pg-pool\\index.js:45:11\n    at process.processTicksAndRejections (node:internal/process/task_queues:95:5)\n    at async LoginService.buscar_usuario (file:///C:/proyecto_escuelas/backend/src/negocio/services/login.service.js:13:17)\n    at async controladorLoginp (file:///C:/proyecto_escuelas/backend/src/ruteo/controllers/controllerLogin.js:28:13)","type":"Error","msg":"relation \"usuarios\" does not exist"}
{"level":50,"time":1779642765236,"pid":9908,"hostname":"DESKTOP-G8F9RK0","msg":"persontService.PersonsCreate is not a function"}
{"level":50,"time":1779646180430,"pid":9340,"hostname":"DESKTOP-G8F9RK0","msg":"Usuario inexistente"}
{"level":40,"time":1779729242579,"pid":6792,"hostname":"DESKTOP-G8F9RK0","msg":"Le queda (58) segundos para que la sesion se expire"}
{"level":40,"time":1779729242621,"pid":6792,"hostname":"DESKTOP-G8F9RK0","msg":"Le queda (58) segundos para que la sesion se expire"}
{"level":40,"time":1779729832926,"pid":10244,"hostname":"DESKTOP-G8F9RK0","msg":"Le queda (57) segundos para que la sesion se expire"}
{"level":40,"time":1779729833140,"pid":10244,"hostname":"DESKTOP-G8F9RK0","msg":"Le queda (56) segundos para que la sesion se expire"}
{"level":40,"time":1779729862501,"pid":2008,"hostname":"DESKTOP-G8F9RK0","msg":"Le queda (27) segundos para que la sesion se expire"}
{"level":40,"time":1779729862850,"pid":2008,"hostname":"DESKTOP-G8F9RK0","msg":"Le queda (27) segundos para que la sesion se expire"}
{"level":40,"time":1779729901964,"pid":3348,"hostname":"DESKTOP-G8F9RK0","msg":"Le queda (58) segundos para que la sesion se expire"}
{"level":40,"time":1779729902181,"pid":3348,"hostname":"DESKTOP-G8F9RK0","msg":"Le queda (57) segundos para que la sesion se expire"}
{"level":40,"time":1779729992397,"pid":4596,"hostname":"DESKTOP-G8F9RK0","msg":"Le queda (58) segundos para que la sesion se expire"}
{"level":40,"time":1779729992409,"pid":4596,"hostname":"DESKTOP-G8F9RK0","msg":"Le queda (58) segundos para que la sesion se expire"}
{"level":40,"time":1779730023135,"pid":928,"hostname":"DESKTOP-G8F9RK0","msg":"Le queda (27) segundos para que la sesion se expire"}
{"level":40,"time":1779730023484,"pid":928,"hostname":"DESKTOP-G8F9RK0","msg":"Le queda (27) segundos para que la sesion se expire"}
{"level":40,"time":1779730248198,"pid":2060,"hostname":"DESKTOP-G8F9RK0","msg":"Le queda (57) segundos para que la sesion se expire"}
{"level":40,"time":1779730248438,"pid":2060,"hostname":"DESKTOP-G8F9RK0","msg":"Le queda (57) segundos para que la sesion se expire"}
{"level":40,"time":1779730409236,"pid":7308,"hostname":"DESKTOP-G8F9RK0","msg":"Le queda (57) segundos para que la sesion se expire"}
{"level":40,"time":1779730409442,"pid":7308,"hostname":"DESKTOP-G8F9RK0","msg":"Le queda (57) segundos para que la sesion se expire"}
{"level":40,"time":1779730674793,"pid":4860,"hostname":"DESKTOP-G8F9RK0","msg":"Le queda (57) segundos para que la sesion se expire"}
{"level":40,"time":1779730675803,"pid":4860,"hostname":"DESKTOP-G8F9RK0","msg":"Le queda (56) segundos para que la sesion se expire"}
{"level":40,"time":1779730677938,"pid":4860,"hostname":"DESKTOP-G8F9RK0","msg":"Le queda (54) segundos para que la sesion se expire"}
{"level":40,"time":1779730678134,"pid":4860,"hostname":"DESKTOP-G8F9RK0","msg":"Le queda (53) segundos para que la sesion se expire"}
{"level":40,"time":1779730683244,"pid":4860,"hostname":"DESKTOP-G8F9RK0","msg":"Le queda (48) segundos para que la sesion se expire"}
{"level":40,"time":1779730683440,"pid":4860,"hostname":"DESKTOP-G8F9RK0","msg":"Le queda (48) segundos para que la sesion se expire"}
{"level":40,"time":1779730702358,"pid":4860,"hostname":"DESKTOP-G8F9RK0","msg":"Le queda (29) segundos para que la sesion se expire"}
{"level":40,"time":1779730702538,"pid":4860,"hostname":"DESKTOP-G8F9RK0","msg":"Le queda (29) segundos para que la sesion se expire"}
{"level":40,"time":1779730707506,"pid":4860,"hostname":"DESKTOP-G8F9RK0","msg":"Le queda (24) segundos para que la sesion se expire"}
{"level":40,"time":1779730707807,"pid":4860,"hostname":"DESKTOP-G8F9RK0","msg":"Le queda (24) segundos para que la sesion se expire"}
{"level":40,"time":1779730728317,"pid":4860,"hostname":"DESKTOP-G8F9RK0","msg":"Le queda (3) segundos para que la sesion se expire"}
{"level":40,"time":1779730728326,"pid":4860,"hostname":"DESKTOP-G8F9RK0","msg":"Le queda (3) segundos para que la sesion se expire"}
{"level":40,"time":1779730762613,"pid":4860,"hostname":"DESKTOP-G8F9RK0","msg":"Le queda (57) segundos para que la sesion se expire"}
{"level":40,"time":1779730762827,"pid":4860,"hostname":"DESKTOP-G8F9RK0","msg":"Le queda (57) segundos para que la sesion se expire"}
{"level":40,"time":1779730764947,"pid":4860,"hostname":"DESKTOP-G8F9RK0","msg":"Le queda (55) segundos para que la sesion se expire"}
{"level":40,"time":1779730765144,"pid":4860,"hostname":"DESKTOP-G8F9RK0","msg":"Le queda (54) segundos para que la sesion se expire"}
{"level":40,"time":1779730770073,"pid":4860,"hostname":"DESKTOP-G8F9RK0","msg":"Le queda (49) segundos para que la sesion se expire"}
{"level":40,"time":1779730770293,"pid":4860,"hostname":"DESKTOP-G8F9RK0","msg":"Le queda (49) segundos para que la sesion se expire"}
{"level":40,"time":1779730773748,"pid":4860,"hostname":"DESKTOP-G8F9RK0","msg":"Le queda (46) segundos para que la sesion se expire"}
{"level":40,"time":1779730773795,"pid":4860,"hostname":"DESKTOP-G8F9RK0","msg":"Le queda (46) segundos para que la sesion se expire"}
{"level":40,"time":1779730809314,"pid":9892,"hostname":"DESKTOP-G8F9RK0","msg":"Le queda (10) segundos para que la sesion se expire"}
{"level":40,"time":1779730809692,"pid":9892,"hostname":"DESKTOP-G8F9RK0","msg":"Le queda (10) segundos para que la sesion se expire"}
{"level":40,"time":1779730811790,"pid":9892,"hostname":"DESKTOP-G8F9RK0","msg":"Le queda (8) segundos para que la sesion se expire"}
{"level":40,"time":1779730811970,"pid":9892,"hostname":"DESKTOP-G8F9RK0","msg":"Le queda (8) segundos para que la sesion se expire"}
{"level":40,"time":1779730874050,"pid":1124,"hostname":"DESKTOP-G8F9RK0","msg":"Le queda (57) segundos para que la sesion se expire"}
{"level":40,"time":1779730874248,"pid":1124,"hostname":"DESKTOP-G8F9RK0","msg":"Le queda (57) segundos para que la sesion se expire"}
{"level":40,"time":1779730876449,"pid":1124,"hostname":"DESKTOP-G8F9RK0","msg":"Le queda (55) segundos para que la sesion se expire"}
{"level":40,"time":1779730876632,"pid":1124,"hostname":"DESKTOP-G8F9RK0","msg":"Le queda (55) segundos para que la sesion se expire"}
{"level":40,"time":1779730913775,"pid":7604,"hostname":"DESKTOP-G8F9RK0","msg":"Le queda (18) segundos para que la sesion se expire"}
{"level":40,"time":1779730914164,"pid":7604,"hostname":"DESKTOP-G8F9RK0","msg":"Le queda (17) segundos para que la sesion se expire"}
{"level":40,"time":1779730915278,"pid":7604,"hostname":"DESKTOP-G8F9RK0","msg":"Le queda (16) segundos para que la sesion se expire"}
{"level":40,"time":1779730915459,"pid":7604,"hostname":"DESKTOP-G8F9RK0","msg":"Le queda (16) segundos para que la sesion se expire"}
{"level":40,"time":1779730917414,"pid":7604,"hostname":"DESKTOP-G8F9RK0","msg":"Le queda (14) segundos para que la sesion se expire"}
{"level":40,"time":1779730917595,"pid":7604,"hostname":"DESKTOP-G8F9RK0","msg":"Le queda (14) segundos para que la sesion se expire"}
{"level":40,"time":1779730921229,"pid":7604,"hostname":"DESKTOP-G8F9RK0","msg":"Le queda (10) segundos para que la sesion se expire"}
{"level":40,"time":1779730921416,"pid":7604,"hostname":"DESKTOP-G8F9RK0","msg":"Le queda (10) segundos para que la sesion se expire"}
{"level":40,"time":1779731030645,"pid":3784,"hostname":"DESKTOP-G8F9RK0","msg":"Le queda (57) segundos para que la sesion se expire"}
{"level":40,"time":1779731031834,"pid":3784,"hostname":"DESKTOP-G8F9RK0","msg":"Le queda (56) segundos para que la sesion se expire"}
{"level":40,"time":1779731034330,"pid":3784,"hostname":"DESKTOP-G8F9RK0","msg":"Le queda (53) segundos para que la sesion se expire"}
{"level":40,"time":1779731034523,"pid":3784,"hostname":"DESKTOP-G8F9RK0","msg":"Le queda (53) segundos para que la sesion se expire"}
{"level":40,"time":1779731038797,"pid":3784,"hostname":"DESKTOP-G8F9RK0","msg":"Le queda (49) segundos para que la sesion se expire"}
{"level":40,"time":1779731038995,"pid":3784,"hostname":"DESKTOP-G8F9RK0","msg":"Le queda (49) segundos para que la sesion se expire"}
{"level":40,"time":1779731071717,"pid":2688,"hostname":"DESKTOP-G8F9RK0","msg":"Le queda (16) segundos para que la sesion se expire"}
{"level":40,"time":1779731072095,"pid":2688,"hostname":"DESKTOP-G8F9RK0","msg":"Le queda (15) segundos para que la sesion se expire"}
{"level":40,"time":1779731073187,"pid":2688,"hostname":"DESKTOP-G8F9RK0","msg":"Le queda (14) segundos para que la sesion se expire"}
{"level":40,"time":1779731073383,"pid":2688,"hostname":"DESKTOP-G8F9RK0","msg":"Le queda (14) segundos para que la sesion se expire"}
{"level":40,"time":1779731075446,"pid":2688,"hostname":"DESKTOP-G8F9RK0","msg":"Le queda (12) segundos para que la sesion se expire"}
{"level":40,"time":1779731075628,"pid":2688,"hostname":"DESKTOP-G8F9RK0","msg":"Le queda (12) segundos para que la sesion se expire"}
{"level":40,"time":1779731079676,"pid":2688,"hostname":"DESKTOP-G8F9RK0","msg":"Le queda (8) segundos para que la sesion se expire"}
{"level":40,"time":1779731080782,"pid":2688,"hostname":"DESKTOP-G8F9RK0","msg":"Le queda (7) segundos para que la sesion se expire"}
{"level":40,"time":1779731118904,"pid":2688,"hostname":"DESKTOP-G8F9RK0","msg":"Le queda (57) segundos para que la sesion se expire"}
{"level":40,"time":1779731119128,"pid":2688,"hostname":"DESKTOP-G8F9RK0","msg":"Le queda (56) segundos para que la sesion se expire"}
{"level":40,"time":1779731160858,"pid":10912,"hostname":"DESKTOP-G8F9RK0","msg":"Le queda (15) segundos para que la sesion se expire"}
{"level":40,"time":1779731160875,"pid":10912,"hostname":"DESKTOP-G8F9RK0","msg":"Le queda (15) segundos para que la sesion se expire"}
{"level":40,"time":1779731185653,"pid":10912,"hostname":"DESKTOP-G8F9RK0","msg":"Le queda (58) segundos para que la sesion se expire"}
{"level":40,"time":1779731185847,"pid":10912,"hostname":"DESKTOP-G8F9RK0","msg":"Le queda (58) segundos para que la sesion se expire"}
{"level":40,"time":1779731224794,"pid":10856,"hostname":"DESKTOP-G8F9RK0","msg":"Le queda (19) segundos para que la sesion se expire"}
{"level":40,"time":1779731224918,"pid":10856,"hostname":"DESKTOP-G8F9RK0","msg":"Le queda (19) segundos para que la sesion se expire"}
{"level":40,"time":1779731226373,"pid":10856,"hostname":"DESKTOP-G8F9RK0","msg":"Le queda (17) segundos para que la sesion se expire"}
{"level":40,"time":1779731226697,"pid":10856,"hostname":"DESKTOP-G8F9RK0","msg":"Le queda (17) segundos para que la sesion se expire"}
{"level":40,"time":1779731260104,"pid":844,"hostname":"DESKTOP-G8F9RK0","msg":"Le queda (57) segundos para que la sesion se expire"}
{"level":40,"time":1779731260113,"pid":844,"hostname":"DESKTOP-G8F9RK0","msg":"Le queda (57) segundos para que la sesion se expire"}
{"level":40,"time":1779731552939,"pid":7868,"hostname":"DESKTOP-G8F9RK0","msg":"Le queda (58) segundos para que la sesion se expire"}
{"level":40,"time":1779731553184,"pid":7868,"hostname":"DESKTOP-G8F9RK0","msg":"Le queda (57) segundos para que la sesion se expire"}
{"level":40,"time":1779731634194,"pid":4132,"hostname":"DESKTOP-G8F9RK0","msg":"Le queda (57) segundos para que la sesion se expire"}
{"level":40,"time":1779731634446,"pid":4132,"hostname":"DESKTOP-G8F9RK0","msg":"Le queda (57) segundos para que la sesion se expire"}
{"level":40,"time":1779731638825,"pid":4132,"hostname":"DESKTOP-G8F9RK0","msg":"Le queda (53) segundos para que la sesion se expire"}
{"level":40,"time":1779731638890,"pid":4132,"hostname":"DESKTOP-G8F9RK0","msg":"Le queda (53) segundos para que la sesion se expire"}
{"level":40,"time":1779731639538,"pid":4132,"hostname":"DESKTOP-G8F9RK0","msg":"Le queda (52) segundos para que la sesion se expire"}
{"level":40,"time":1779731639604,"pid":4132,"hostname":"DESKTOP-G8F9RK0","msg":"Le queda (52) segundos para que la sesion se expire"}
{"level":40,"time":1779731639990,"pid":4132,"hostname":"DESKTOP-G8F9RK0","msg":"Le queda (52) segundos para que la sesion se expire"}
{"level":40,"time":1779731640044,"pid":4132,"hostname":"DESKTOP-G8F9RK0","msg":"Le queda (51) segundos para que la sesion se expire"}
{"level":40,"time":1779731640415,"pid":4132,"hostname":"DESKTOP-G8F9RK0","msg":"Le queda (51) segundos para que la sesion se expire"}
{"level":40,"time":1779731640476,"pid":4132,"hostname":"DESKTOP-G8F9RK0","msg":"Le queda (51) segundos para que la sesion se expire"}
{"level":40,"time":1779731645415,"pid":4132,"hostname":"DESKTOP-G8F9RK0","msg":"Le queda (46) segundos para que la sesion se expire"}
{"level":40,"time":1779731645487,"pid":4132,"hostname":"DESKTOP-G8F9RK0","msg":"Le queda (46) segundos para que la sesion se expire"}
{"level":40,"time":1779731645575,"pid":4132,"hostname":"DESKTOP-G8F9RK0","msg":"Le queda (46) segundos para que la sesion se expire"}
{"level":40,"time":1779731645664,"pid":4132,"hostname":"DESKTOP-G8F9RK0","msg":"Le queda (46) segundos para que la sesion se expire"}
{"level":40,"time":1779731645737,"pid":4132,"hostname":"DESKTOP-G8F9RK0","msg":"Le queda (46) segundos para que la sesion se expire"}
{"level":40,"time":1779731645803,"pid":4132,"hostname":"DESKTOP-G8F9RK0","msg":"Le queda (46) segundos para que la sesion se expire"}
{"level":40,"time":1779731645911,"pid":4132,"hostname":"DESKTOP-G8F9RK0","msg":"Le queda (46) segundos para que la sesion se expire"}
{"level":40,"time":1779731646335,"pid":4132,"hostname":"DESKTOP-G8F9RK0","msg":"Le queda (45) segundos para que la sesion se expire"}
{"level":40,"time":1779731654375,"pid":4132,"hostname":"DESKTOP-G8F9RK0","msg":"Le queda (37) segundos para que la sesion se expire"}
{"level":40,"time":1779731654623,"pid":4132,"hostname":"DESKTOP-G8F9RK0","msg":"Le queda (37) segundos para que la sesion se expire"}
{"level":40,"time":1779731657215,"pid":4132,"hostname":"DESKTOP-G8F9RK0","msg":"Le queda (34) segundos para que la sesion se expire"}
{"level":40,"time":1779731657524,"pid":4132,"hostname":"DESKTOP-G8F9RK0","msg":"Le queda (34) segundos para que la sesion se expire"}
{"level":40,"time":1779731661552,"pid":4132,"hostname":"DESKTOP-G8F9RK0","msg":"Le queda (30) segundos para que la sesion se expire"}
{"level":40,"time":1779731661806,"pid":4132,"hostname":"DESKTOP-G8F9RK0","msg":"Le queda (30) segundos para que la sesion se expire"}
{"level":40,"time":1779732022568,"pid":8580,"hostname":"DESKTOP-G8F9RK0","msg":"Le queda (57) segundos para que la sesion se expire"}
{"level":40,"time":1779732022775,"pid":8580,"hostname":"DESKTOP-G8F9RK0","msg":"Le queda (57) segundos para que la sesion se expire"}
{"level":40,"time":1779732026025,"pid":8580,"hostname":"DESKTOP-G8F9RK0","msg":"Le queda (53) segundos para que la sesion se expire"}
{"level":40,"time":1779732026206,"pid":8580,"hostname":"DESKTOP-G8F9RK0","msg":"Le queda (53) segundos para que la sesion se expire"}
{"level":40,"time":1779732029666,"pid":8580,"hostname":"DESKTOP-G8F9RK0","msg":"Le queda (50) segundos para que la sesion se expire"}
{"level":40,"time":1779732029681,"pid":8580,"hostname":"DESKTOP-G8F9RK0","msg":"Le queda (50) segundos para que la sesion se expire"}
{"level":40,"time":1779732029902,"pid":8580,"hostname":"DESKTOP-G8F9RK0","msg":"Le queda (50) segundos para que la sesion se expire"}
{"level":40,"time":1779732182665,"pid":1760,"hostname":"DESKTOP-G8F9RK0","msg":"Le queda (58) segundos para que la sesion se expire"}
{"level":40,"time":1779732182856,"pid":1760,"hostname":"DESKTOP-G8F9RK0","msg":"Le queda (58) segundos para que la sesion se expire"}
{"level":40,"time":1779732213327,"pid":1760,"hostname":"DESKTOP-G8F9RK0","msg":"Le queda (27) segundos para que la sesion se expire"}
{"level":40,"time":1779732309745,"pid":4740,"hostname":"DESKTOP-G8F9RK0","msg":"Le queda (58) segundos para que la sesion se expire"}
{"level":40,"time":1779732309984,"pid":4740,"hostname":"DESKTOP-G8F9RK0","msg":"Le queda (58) segundos para que la sesion se expire"}
{"level":40,"time":1779732340839,"pid":4740,"hostname":"DESKTOP-G8F9RK0","msg":"Le queda (27) segundos para que la sesion se expire"}
{"level":40,"time":1779732426357,"pid":10796,"hostname":"DESKTOP-G8F9RK0","msg":"Le queda (57) segundos para que la sesion se expire"}
{"level":40,"time":1779732426560,"pid":10796,"hostname":"DESKTOP-G8F9RK0","msg":"Le queda (57) segundos para que la sesion se expire"}
{"level":40,"time":1779732451398,"pid":10796,"hostname":"DESKTOP-G8F9RK0","msg":"Le queda (32) segundos para que la sesion se expire"}
{"level":40,"time":1779732578241,"pid":4280,"hostname":"DESKTOP-G8F9RK0","msg":"Le queda (57) segundos para que la sesion se expire"}
{"level":40,"time":1779732578450,"pid":4280,"hostname":"DESKTOP-G8F9RK0","msg":"Le queda (57) segundos para que la sesion se expire"}
{"level":40,"time":1779732580855,"pid":4280,"hostname":"DESKTOP-G8F9RK0","msg":"Le queda (55) segundos para que la sesion se expire"}
{"level":40,"time":1779732581034,"pid":4280,"hostname":"DESKTOP-G8F9RK0","msg":"Le queda (54) segundos para que la sesion se expire"}
{"level":40,"time":1779732585250,"pid":4280,"hostname":"DESKTOP-G8F9RK0","msg":"Le queda (50) segundos para que la sesion se expire"}
{"level":40,"time":1779732585263,"pid":4280,"hostname":"DESKTOP-G8F9RK0","msg":"Le queda (50) segundos para que la sesion se expire"}
{"level":40,"time":1779732585465,"pid":4280,"hostname":"DESKTOP-G8F9RK0","msg":"Le queda (50) segundos para que la sesion se expire"}
{"level":40,"time":1779732715024,"pid":8320,"hostname":"DESKTOP-G8F9RK0","msg":"Le queda (57) segundos para que la sesion se expire"}
{"level":40,"time":1779732715227,"pid":8320,"hostname":"DESKTOP-G8F9RK0","msg":"Le queda (57) segundos para que la sesion se expire"}
{"level":40,"time":1779732717311,"pid":8320,"hostname":"DESKTOP-G8F9RK0","msg":"Le queda (55) segundos para que la sesion se expire"}
{"level":40,"time":1779732717492,"pid":8320,"hostname":"DESKTOP-G8F9RK0","msg":"Le queda (55) segundos para que la sesion se expire"}
{"level":40,"time":1779732721039,"pid":8320,"hostname":"DESKTOP-G8F9RK0","msg":"Le queda (51) segundos para que la sesion se expire"}
{"level":40,"time":1779732721112,"pid":8320,"hostname":"DESKTOP-G8F9RK0","msg":"Le queda (51) segundos para que la sesion se expire"}
{"level":40,"time":1779732721625,"pid":8320,"hostname":"DESKTOP-G8F9RK0","msg":"Le queda (51) segundos para que la sesion se expire"}
{"level":40,"time":1779732770393,"pid":1728,"hostname":"DESKTOP-G8F9RK0","msg":"Le queda (2) segundos para que la sesion se expire"}
{"level":40,"time":1779732770758,"pid":1728,"hostname":"DESKTOP-G8F9RK0","msg":"Le queda (2) segundos para que la sesion se expire"}
{"level":40,"time":1779732782516,"pid":1728,"hostname":"DESKTOP-G8F9RK0","msg":"Le queda (57) segundos para que la sesion se expire"}
{"level":40,"time":1779732783643,"pid":1728,"hostname":"DESKTOP-G8F9RK0","msg":"Le queda (56) segundos para que la sesion se expire"}
{"level":40,"time":1779732806864,"pid":1728,"hostname":"DESKTOP-G8F9RK0","msg":"Le queda (33) segundos para que la sesion se expire"}
{"level":40,"time":1779734664492,"pid":9644,"hostname":"DESKTOP-G8F9RK0","msg":"Le queda (57) segundos para que la sesion se expire"}
{"level":40,"time":1779734664696,"pid":9644,"hostname":"DESKTOP-G8F9RK0","msg":"Le queda (57) segundos para que la sesion se expire"}
{"level":40,"time":1779734732928,"pid":9644,"hostname":"DESKTOP-G8F9RK0","msg":"Le queda (58) segundos para que la sesion se expire"}
{"level":40,"time":1779734733129,"pid":9644,"hostname":"DESKTOP-G8F9RK0","msg":"Le queda (57) segundos para que la sesion se expire"}
{"level":40,"time":1779734736997,"pid":9644,"hostname":"DESKTOP-G8F9RK0","msg":"Le queda (54) segundos para que la sesion se expire"}
{"level":40,"time":1779734737052,"pid":9644,"hostname":"DESKTOP-G8F9RK0","msg":"Le queda (53) segundos para que la sesion se expire"}
{"level":40,"time":1779734737362,"pid":9644,"hostname":"DESKTOP-G8F9RK0","msg":"Le queda (53) segundos para que la sesion se expire"}
{"level":40,"time":1779734737413,"pid":9644,"hostname":"DESKTOP-G8F9RK0","msg":"Le queda (53) segundos para que la sesion se expire"}
{"level":40,"time":1779734737570,"pid":9644,"hostname":"DESKTOP-G8F9RK0","msg":"Le queda (53) segundos para que la sesion se expire"}
{"level":40,"time":1779734737631,"pid":9644,"hostname":"DESKTOP-G8F9RK0","msg":"Le queda (53) segundos para que la sesion se expire"}
{"level":40,"time":1779734737971,"pid":9644,"hostname":"DESKTOP-G8F9RK0","msg":"Le queda (53) segundos para que la sesion se expire"}
{"level":40,"time":1779734738018,"pid":9644,"hostname":"DESKTOP-G8F9RK0","msg":"Le queda (52) segundos para que la sesion se expire"}
{"level":40,"time":1779734738046,"pid":9644,"hostname":"DESKTOP-G8F9RK0","msg":"Le queda (52) segundos para que la sesion se expire"}
{"level":40,"time":1779734738231,"pid":9644,"hostname":"DESKTOP-G8F9RK0","msg":"Le queda (52) segundos para que la sesion se expire"}
{"level":40,"time":1779734750732,"pid":9644,"hostname":"DESKTOP-G8F9RK0","msg":"Le queda (40) segundos para que la sesion se expire"}
{"level":40,"time":1779734750912,"pid":9644,"hostname":"DESKTOP-G8F9RK0","msg":"Le queda (40) segundos para que la sesion se expire"}
{"level":40,"time":1779734758633,"pid":9644,"hostname":"DESKTOP-G8F9RK0","msg":"Le queda (32) segundos para que la sesion se expire"}
{"level":40,"time":1779734758654,"pid":9644,"hostname":"DESKTOP-G8F9RK0","msg":"Le queda (32) segundos para que la sesion se expire"}
{"level":40,"time":1779734758869,"pid":9644,"hostname":"DESKTOP-G8F9RK0","msg":"Le queda (32) segundos para que la sesion se expire"}
{"level":40,"time":1779752323052,"pid":8820,"hostname":"DESKTOP-G8F9RK0","msg":"Le queda (57) segundos para que la sesion se expire"}
{"level":40,"time":1779752325022,"pid":8820,"hostname":"DESKTOP-G8F9RK0","msg":"Le queda (55) segundos para que la sesion se expire"}
{"level":40,"time":1779752328622,"pid":8820,"hostname":"DESKTOP-G8F9RK0","msg":"Le queda (52) segundos para que la sesion se expire"}
{"level":50,"time":1779752328623,"pid":8820,"hostname":"DESKTOP-G8F9RK0","msg":"Cannot set properties of undefined (setting 'id')"}
{"level":40,"time":1779752370423,"pid":8820,"hostname":"DESKTOP-G8F9RK0","msg":"Le queda (10) segundos para que la sesion se expire"}
{"level":40,"time":1779752370778,"pid":8820,"hostname":"DESKTOP-G8F9RK0","msg":"Le queda (10) segundos para que la sesion se expire"}
{"level":40,"time":1779752376396,"pid":8820,"hostname":"DESKTOP-G8F9RK0","msg":"Le queda (4) segundos para que la sesion se expire"}
{"level":40,"time":1779752376594,"pid":8820,"hostname":"DESKTOP-G8F9RK0","msg":"Le queda (4) segundos para que la sesion se expire"}
{"level":40,"time":1779752378873,"pid":8820,"hostname":"DESKTOP-G8F9RK0","msg":"Le queda (2) segundos para que la sesion se expire"}
{"level":50,"time":1779752378874,"pid":8820,"hostname":"DESKTOP-G8F9RK0","msg":"Cannot set properties of undefined (setting 'id')"}
{"level":40,"time":1779752399638,"pid":9576,"hostname":"DESKTOP-G8F9RK0","msg":"Le queda (57) segundos para que la sesion se expire"}
{"level":40,"time":1779752399829,"pid":9576,"hostname":"DESKTOP-G8F9RK0","msg":"Le queda (57) segundos para que la sesion se expire"}
{"level":40,"time":1779752402341,"pid":9576,"hostname":"DESKTOP-G8F9RK0","msg":"Le queda (54) segundos para que la sesion se expire"}
{"level":50,"time":1779752402342,"pid":9576,"hostname":"DESKTOP-G8F9RK0","msg":"Cannot set properties of undefined (setting 'id')"}
{"level":40,"time":1779752478959,"pid":8372,"hostname":"DESKTOP-G8F9RK0","msg":"Le queda (58) segundos para que la sesion se expire"}
{"level":40,"time":1779752479157,"pid":8372,"hostname":"DESKTOP-G8F9RK0","msg":"Le queda (57) segundos para que la sesion se expire"}
{"level":40,"time":1779752485853,"pid":8372,"hostname":"DESKTOP-G8F9RK0","msg":"Le queda (51) segundos para que la sesion se expire"}
{"level":40,"time":1779752582672,"pid":10556,"hostname":"DESKTOP-G8F9RK0","msg":"Le queda (58) segundos para que la sesion se expire"}
{"level":40,"time":1779752582864,"pid":10556,"hostname":"DESKTOP-G8F9RK0","msg":"Le queda (58) segundos para que la sesion se expire"}
{"level":40,"time":1779752584872,"pid":10556,"hostname":"DESKTOP-G8F9RK0","msg":"Le queda (56) segundos para que la sesion se expire"}
{"level":40,"time":1779752607330,"pid":8384,"hostname":"DESKTOP-G8F9RK0","msg":"Le queda (33) segundos para que la sesion se expire"}
{"level":40,"time":1779752609321,"pid":8384,"hostname":"DESKTOP-G8F9RK0","msg":"Le queda (31) segundos para que la sesion se expire"}
{"level":40,"time":1779752609425,"pid":8384,"hostname":"DESKTOP-G8F9RK0","msg":"Le queda (31) segundos para que la sesion se expire"}
{"level":40,"time":1779752609545,"pid":8384,"hostname":"DESKTOP-G8F9RK0","msg":"Le queda (31) segundos para que la sesion se expire"}
{"level":40,"time":1779752611766,"pid":8384,"hostname":"DESKTOP-G8F9RK0","msg":"Le queda (29) segundos para que la sesion se expire"}
{"level":40,"time":1779752938717,"pid":8384,"hostname":"DESKTOP-G8F9RK0","msg":"Le queda (57) segundos para que la sesion se expire"}
{"level":40,"time":1779752938914,"pid":8384,"hostname":"DESKTOP-G8F9RK0","msg":"Le queda (57) segundos para que la sesion se expire"}
{"level":40,"time":1779753233921,"pid":8384,"hostname":"DESKTOP-G8F9RK0","msg":"Le queda (56) segundos para que la sesion se expire"}
{"level":40,"time":1779753234121,"pid":8384,"hostname":"DESKTOP-G8F9RK0","msg":"Le queda (55) segundos para que la sesion se expire"}
{"level":40,"time":1779753243518,"pid":8384,"hostname":"DESKTOP-G8F9RK0","msg":"Le queda (46) segundos para que la sesion se expire"}
{"level":40,"time":1779753243712,"pid":8384,"hostname":"DESKTOP-G8F9RK0","msg":"Le queda (46) segundos para que la sesion se expire"}
{"level":40,"time":1779753341111,"pid":8384,"hostname":"DESKTOP-G8F9RK0","msg":"Le queda (57) segundos para que la sesion se expire"}
{"level":40,"time":1779753341389,"pid":8384,"hostname":"DESKTOP-G8F9RK0","msg":"Le queda (57) segundos para que la sesion se expire"}
{"level":40,"time":1779753367541,"pid":8384,"hostname":"DESKTOP-G8F9RK0","msg":"Le queda (31) segundos para que la sesion se expire"}
<<<<<<< HEAD
{"level":40,"time":1779754208313,"pid":1224,"hostname":"DESKTOP-G8F9RK0","msg":"Le queda (24) segundos para que la sesion se expire"}
{"level":40,"time":1779754208638,"pid":1224,"hostname":"DESKTOP-G8F9RK0","msg":"Le queda (24) segundos para que la sesion se expire"}
{"level":40,"time":1779754217062,"pid":1224,"hostname":"DESKTOP-G8F9RK0","msg":"Le queda (15) segundos para que la sesion se expire"}
{"level":40,"time":1779754219613,"pid":1224,"hostname":"DESKTOP-G8F9RK0","msg":"Le queda (13) segundos para que la sesion se expire"}
{"level":40,"time":1779754219797,"pid":1224,"hostname":"DESKTOP-G8F9RK0","msg":"Le queda (13) segundos para que la sesion se expire"}
{"level":40,"time":1779754235019,"pid":1224,"hostname":"DESKTOP-G8F9RK0","msg":"Le queda (57) segundos para que la sesion se expire"}
{"level":40,"time":1779754235215,"pid":1224,"hostname":"DESKTOP-G8F9RK0","msg":"Le queda (57) segundos para que la sesion se expire"}
{"level":40,"time":1779754391940,"pid":1224,"hostname":"DESKTOP-G8F9RK0","msg":"Le queda (57) segundos para que la sesion se expire"}
{"level":40,"time":1779754392131,"pid":1224,"hostname":"DESKTOP-G8F9RK0","msg":"Le queda (56) segundos para que la sesion se expire"}
{"level":40,"time":1779754712621,"pid":1224,"hostname":"DESKTOP-G8F9RK0","msg":"Le queda (57) segundos para que la sesion se expire"}
{"level":40,"time":1779754712814,"pid":1224,"hostname":"DESKTOP-G8F9RK0","msg":"Le queda (57) segundos para que la sesion se expire"}
{"level":40,"time":1779755087671,"pid":9272,"hostname":"DESKTOP-G8F9RK0","msg":"Le queda (58) segundos para que la sesion se expire"}
{"level":40,"time":1779755088335,"pid":9272,"hostname":"DESKTOP-G8F9RK0","msg":"Le queda (57) segundos para que la sesion se expire"}
{"level":40,"time":1779755099944,"pid":9272,"hostname":"DESKTOP-G8F9RK0","msg":"Le queda (46) segundos para que la sesion se expire"}
{"level":40,"time":1779755144293,"pid":9272,"hostname":"DESKTOP-G8F9RK0","msg":"Le queda (1) segundos para que la sesion se expire"}
{"level":40,"time":1779755144488,"pid":9272,"hostname":"DESKTOP-G8F9RK0","msg":"Le queda (1) segundos para que la sesion se expire"}
{"level":40,"time":1779755151885,"pid":9272,"hostname":"DESKTOP-G8F9RK0","msg":"Le queda (58) segundos para que la sesion se expire"}
{"level":40,"time":1779755153351,"pid":9272,"hostname":"DESKTOP-G8F9RK0","msg":"Le queda (56) segundos para que la sesion se expire"}
{"level":40,"time":1779755179591,"pid":9272,"hostname":"DESKTOP-G8F9RK0","msg":"Le queda (30) segundos para que la sesion se expire"}
{"level":40,"time":1779755210256,"pid":9272,"hostname":"DESKTOP-G8F9RK0","name":"TokenExpiredError","message":"jwt expired","expiredAt":"2026-05-26T00:26:50.000Z","stack":"TokenExpiredError: jwt expired\n    at C:\\proyecto_escuelas\\backend\\node_modules\\jsonwebtoken\\verify.js:190:21\n    at getSecret (C:\\proyecto_escuelas\\backend\\node_modules\\jsonwebtoken\\verify.js:97:14)\n    at module.exports [as verify] (C:\\proyecto_escuelas\\backend\\node_modules\\jsonwebtoken\\verify.js:101:10)\n    at validateUser (file:///C:/proyecto_escuelas/backend/src/negocio/utils/jwt.js:8:33)\n    at autenticacion (file:///C:/proyecto_escuelas/backend/src/negocio/middlewares/autenticacion.js:19:25)\n    at Layer.handle [as handle_request] (C:\\proyecto_escuelas\\backend\\node_modules\\express\\lib\\router\\layer.js:95:5)\n    at next (C:\\proyecto_escuelas\\backend\\node_modules\\express\\lib\\router\\route.js:144:13)\n    at Route.dispatch (C:\\proyecto_escuelas\\backend\\node_modules\\express\\lib\\router\\route.js:114:3)\n    at Layer.handle [as handle_request] (C:\\proyecto_escuelas\\backend\\node_modules\\express\\lib\\router\\layer.js:95:5)\n    at C:\\proyecto_escuelas\\backend\\node_modules\\express\\lib\\router\\index.js:284:15","type":"Error","msg":"jwt expired"}
{"level":40,"time":1779755244807,"pid":9272,"hostname":"DESKTOP-G8F9RK0","msg":"Le queda (28) segundos para que la sesion se expire"}
{"level":40,"time":1779755245082,"pid":9272,"hostname":"DESKTOP-G8F9RK0","name":"TokenExpiredError","message":"jwt expired","expiredAt":"2026-05-26T00:26:50.000Z","stack":"TokenExpiredError: jwt expired\n    at C:\\proyecto_escuelas\\backend\\node_modules\\jsonwebtoken\\verify.js:190:21\n    at getSecret (C:\\proyecto_escuelas\\backend\\node_modules\\jsonwebtoken\\verify.js:97:14)\n    at module.exports [as verify] (C:\\proyecto_escuelas\\backend\\node_modules\\jsonwebtoken\\verify.js:101:10)\n    at validateUser (file:///C:/proyecto_escuelas/backend/src/negocio/utils/jwt.js:8:33)\n    at autenticacion (file:///C:/proyecto_escuelas/backend/src/negocio/middlewares/autenticacion.js:19:25)\n    at Layer.handle [as handle_request] (C:\\proyecto_escuelas\\backend\\node_modules\\express\\lib\\router\\layer.js:95:5)\n    at next (C:\\proyecto_escuelas\\backend\\node_modules\\express\\lib\\router\\route.js:144:13)\n    at Route.dispatch (C:\\proyecto_escuelas\\backend\\node_modules\\express\\lib\\router\\route.js:114:3)\n    at Layer.handle [as handle_request] (C:\\proyecto_escuelas\\backend\\node_modules\\express\\lib\\router\\layer.js:95:5)\n    at C:\\proyecto_escuelas\\backend\\node_modules\\express\\lib\\router\\index.js:284:15","type":"Error","msg":"jwt expired"}
{"level":40,"time":1779755245088,"pid":9272,"hostname":"DESKTOP-G8F9RK0","msg":"Le queda (27) segundos para que la sesion se expire"}
{"level":40,"time":1779755245095,"pid":9272,"hostname":"DESKTOP-G8F9RK0","msg":"Le queda (27) segundos para que la sesion se expire"}
{"level":40,"time":1779755314931,"pid":9272,"hostname":"DESKTOP-G8F9RK0","msg":"Le queda (58) segundos para que la sesion se expire"}
{"level":40,"time":1779755315140,"pid":9272,"hostname":"DESKTOP-G8F9RK0","msg":"Le queda (57) segundos para que la sesion se expire"}
{"level":40,"time":1779755339392,"pid":9272,"hostname":"DESKTOP-G8F9RK0","msg":"Le queda (33) segundos para que la sesion se expire"}
{"level":40,"time":1779755367201,"pid":9272,"hostname":"DESKTOP-G8F9RK0","msg":"Le queda (5) segundos para que la sesion se expire"}
{"level":40,"time":1779755367548,"pid":9272,"hostname":"DESKTOP-G8F9RK0","msg":"Le queda (5) segundos para que la sesion se expire"}
{"level":40,"time":1779917382126,"pid":1944,"hostname":"DESKTOP-G8F9RK0","msg":"Le queda (55) segundos para que la sesion se expire"}
{"level":40,"time":1779917382368,"pid":1944,"hostname":"DESKTOP-G8F9RK0","msg":"Le queda (55) segundos para que la sesion se expire"}
{"level":40,"time":1779917460561,"pid":10040,"hostname":"DESKTOP-G8F9RK0","msg":"Le queda (58) segundos para que la sesion se expire"}
{"level":40,"time":1779917462515,"pid":10040,"hostname":"DESKTOP-G8F9RK0","msg":"Le queda (56) segundos para que la sesion se expire"}
{"level":40,"time":1779917468966,"pid":10040,"hostname":"DESKTOP-G8F9RK0","msg":"Le queda (50) segundos para que la sesion se expire"}
=======
>>>>>>> 56dc9b563f2b3fa4f968d43869d3185556667158
<<<<<<< HEAD
{"level":40,"time":1780772104873,"pid":15696,"hostname":"German","msg":"Le queda (117) segundos para que la sesion se expire"}
{"level":40,"time":1780772105095,"pid":15696,"hostname":"German","msg":"Le queda (116) segundos para que la sesion se expire"}
{"level":40,"time":1780772109490,"pid":15696,"hostname":"German","msg":"Le queda (112) segundos para que la sesion se expire"}
{"level":40,"time":1780772109714,"pid":15696,"hostname":"German","msg":"Le queda (112) segundos para que la sesion se expire"}
{"level":40,"time":1780772126321,"pid":15696,"hostname":"German","msg":"Le queda (95) segundos para que la sesion se expire"}
{"level":40,"time":1780772126329,"pid":15696,"hostname":"German","msg":"Le queda (95) segundos para que la sesion se expire"}
{"level":40,"time":1780772126664,"pid":15696,"hostname":"German","msg":"Le queda (95) segundos para que la sesion se expire"}
{"level":40,"time":1780772133314,"pid":15696,"hostname":"German","msg":"Le queda (88) segundos para que la sesion se expire"}
{"level":40,"time":1780772133365,"pid":15696,"hostname":"German","msg":"Le queda (88) segundos para que la sesion se expire"}
{"level":40,"time":1780772167157,"pid":15696,"hostname":"German","msg":"Le queda (54) segundos para que la sesion se expire"}
{"level":40,"time":1780772167542,"pid":15696,"hostname":"German","msg":"Le queda (54) segundos para que la sesion se expire"}
{"level":40,"time":1780772171253,"pid":15696,"hostname":"German","msg":"Le queda (50) segundos para que la sesion se expire"}
{"level":40,"time":1780772171510,"pid":15696,"hostname":"German","msg":"Le queda (50) segundos para que la sesion se expire"}
{"level":40,"time":1780772759148,"pid":15696,"hostname":"German","name":"JsonWebTokenError","message":"jwt malformed","stack":"JsonWebTokenError: jwt malformed\n    at module.exports [as verify] (C:\\Users\\GermanNotebook\\Desktop\\DISCO VIEJO\\CARPETAS\\SISTEMA ESCUELA NUEVO\\BackEnd\\node_modules\\jsonwebtoken\\verify.js:70:17)\n    at validateUser (file:///C:/Users/GermanNotebook/Desktop/DISCO%20VIEJO/CARPETAS/SISTEMA%20ESCUELA%20NUEVO/BackEnd/src/negocio/utils/jwt.js:8:33)\n    at autenticacion (file:///C:/Users/GermanNotebook/Desktop/DISCO%20VIEJO/CARPETAS/SISTEMA%20ESCUELA%20NUEVO/BackEnd/src/negocio/middlewares/autenticacion.js:19:25)\n    at Layer.handle [as handle_request] (C:\\Users\\GermanNotebook\\Desktop\\DISCO VIEJO\\CARPETAS\\SISTEMA ESCUELA NUEVO\\BackEnd\\node_modules\\express\\lib\\router\\layer.js:95:5)\n    at next (C:\\Users\\GermanNotebook\\Desktop\\DISCO VIEJO\\CARPETAS\\SISTEMA ESCUELA NUEVO\\BackEnd\\node_modules\\express\\lib\\router\\route.js:144:13)\n    at Route.dispatch (C:\\Users\\GermanNotebook\\Desktop\\DISCO VIEJO\\CARPETAS\\SISTEMA ESCUELA NUEVO\\BackEnd\\node_modules\\express\\lib\\router\\route.js:114:3)\n    at Layer.handle [as handle_request] (C:\\Users\\GermanNotebook\\Desktop\\DISCO VIEJO\\CARPETAS\\SISTEMA ESCUELA NUEVO\\BackEnd\\node_modules\\express\\lib\\router\\layer.js:95:5)\n    at C:\\Users\\GermanNotebook\\Desktop\\DISCO VIEJO\\CARPETAS\\SISTEMA ESCUELA NUEVO\\BackEnd\\node_modules\\express\\lib\\router\\index.js:284:15\n    at param (C:\\Users\\GermanNotebook\\Desktop\\DISCO VIEJO\\CARPETAS\\SISTEMA ESCUELA NUEVO\\BackEnd\\node_modules\\express\\lib\\router\\index.js:365:14)\n    at param (C:\\Users\\GermanNotebook\\Desktop\\DISCO VIEJO\\CARPETAS\\SISTEMA ESCUELA NUEVO\\BackEnd\\node_modules\\express\\lib\\router\\index.js:376:14)","type":"Error","msg":"jwt malformed"}
{"level":40,"time":1780772787786,"pid":15696,"hostname":"German","name":"JsonWebTokenError","message":"jwt malformed","stack":"JsonWebTokenError: jwt malformed\n    at module.exports [as verify] (C:\\Users\\GermanNotebook\\Desktop\\DISCO VIEJO\\CARPETAS\\SISTEMA ESCUELA NUEVO\\BackEnd\\node_modules\\jsonwebtoken\\verify.js:70:17)\n    at validateUser (file:///C:/Users/GermanNotebook/Desktop/DISCO%20VIEJO/CARPETAS/SISTEMA%20ESCUELA%20NUEVO/BackEnd/src/negocio/utils/jwt.js:8:33)\n    at autenticacion (file:///C:/Users/GermanNotebook/Desktop/DISCO%20VIEJO/CARPETAS/SISTEMA%20ESCUELA%20NUEVO/BackEnd/src/negocio/middlewares/autenticacion.js:19:25)\n    at Layer.handle [as handle_request] (C:\\Users\\GermanNotebook\\Desktop\\DISCO VIEJO\\CARPETAS\\SISTEMA ESCUELA NUEVO\\BackEnd\\node_modules\\express\\lib\\router\\layer.js:95:5)\n    at next (C:\\Users\\GermanNotebook\\Desktop\\DISCO VIEJO\\CARPETAS\\SISTEMA ESCUELA NUEVO\\BackEnd\\node_modules\\express\\lib\\router\\route.js:144:13)\n    at Route.dispatch (C:\\Users\\GermanNotebook\\Desktop\\DISCO VIEJO\\CARPETAS\\SISTEMA ESCUELA NUEVO\\BackEnd\\node_modules\\express\\lib\\router\\route.js:114:3)\n    at Layer.handle [as handle_request] (C:\\Users\\GermanNotebook\\Desktop\\DISCO VIEJO\\CARPETAS\\SISTEMA ESCUELA NUEVO\\BackEnd\\node_modules\\express\\lib\\router\\layer.js:95:5)\n    at C:\\Users\\GermanNotebook\\Desktop\\DISCO VIEJO\\CARPETAS\\SISTEMA ESCUELA NUEVO\\BackEnd\\node_modules\\express\\lib\\router\\index.js:284:15\n    at param (C:\\Users\\GermanNotebook\\Desktop\\DISCO VIEJO\\CARPETAS\\SISTEMA ESCUELA NUEVO\\BackEnd\\node_modules\\express\\lib\\router\\index.js:365:14)\n    at param (C:\\Users\\GermanNotebook\\Desktop\\DISCO VIEJO\\CARPETAS\\SISTEMA ESCUELA NUEVO\\BackEnd\\node_modules\\express\\lib\\router\\index.js:376:14)","type":"Error","msg":"jwt malformed"}
{"level":40,"time":1780772810679,"pid":15696,"hostname":"German","name":"JsonWebTokenError","message":"jwt malformed","stack":"JsonWebTokenError: jwt malformed\n    at module.exports [as verify] (C:\\Users\\GermanNotebook\\Desktop\\DISCO VIEJO\\CARPETAS\\SISTEMA ESCUELA NUEVO\\BackEnd\\node_modules\\jsonwebtoken\\verify.js:70:17)\n    at validateUser (file:///C:/Users/GermanNotebook/Desktop/DISCO%20VIEJO/CARPETAS/SISTEMA%20ESCUELA%20NUEVO/BackEnd/src/negocio/utils/jwt.js:8:33)\n    at autenticacion (file:///C:/Users/GermanNotebook/Desktop/DISCO%20VIEJO/CARPETAS/SISTEMA%20ESCUELA%20NUEVO/BackEnd/src/negocio/middlewares/autenticacion.js:19:25)\n    at Layer.handle [as handle_request] (C:\\Users\\GermanNotebook\\Desktop\\DISCO VIEJO\\CARPETAS\\SISTEMA ESCUELA NUEVO\\BackEnd\\node_modules\\express\\lib\\router\\layer.js:95:5)\n    at next (C:\\Users\\GermanNotebook\\Desktop\\DISCO VIEJO\\CARPETAS\\SISTEMA ESCUELA NUEVO\\BackEnd\\node_modules\\express\\lib\\router\\route.js:144:13)\n    at Route.dispatch (C:\\Users\\GermanNotebook\\Desktop\\DISCO VIEJO\\CARPETAS\\SISTEMA ESCUELA NUEVO\\BackEnd\\node_modules\\express\\lib\\router\\route.js:114:3)\n    at Layer.handle [as handle_request] (C:\\Users\\GermanNotebook\\Desktop\\DISCO VIEJO\\CARPETAS\\SISTEMA ESCUELA NUEVO\\BackEnd\\node_modules\\express\\lib\\router\\layer.js:95:5)\n    at C:\\Users\\GermanNotebook\\Desktop\\DISCO VIEJO\\CARPETAS\\SISTEMA ESCUELA NUEVO\\BackEnd\\node_modules\\express\\lib\\router\\index.js:284:15\n    at param (C:\\Users\\GermanNotebook\\Desktop\\DISCO VIEJO\\CARPETAS\\SISTEMA ESCUELA NUEVO\\BackEnd\\node_modules\\express\\lib\\router\\index.js:365:14)\n    at param (C:\\Users\\GermanNotebook\\Desktop\\DISCO VIEJO\\CARPETAS\\SISTEMA ESCUELA NUEVO\\BackEnd\\node_modules\\express\\lib\\router\\index.js:376:14)","type":"Error","msg":"jwt malformed"}
{"level":40,"time":1780772827652,"pid":15696,"hostname":"German","name":"JsonWebTokenError","message":"jwt malformed","stack":"JsonWebTokenError: jwt malformed\n    at module.exports [as verify] (C:\\Users\\GermanNotebook\\Desktop\\DISCO VIEJO\\CARPETAS\\SISTEMA ESCUELA NUEVO\\BackEnd\\node_modules\\jsonwebtoken\\verify.js:70:17)\n    at validateUser (file:///C:/Users/GermanNotebook/Desktop/DISCO%20VIEJO/CARPETAS/SISTEMA%20ESCUELA%20NUEVO/BackEnd/src/negocio/utils/jwt.js:8:33)\n    at autenticacion (file:///C:/Users/GermanNotebook/Desktop/DISCO%20VIEJO/CARPETAS/SISTEMA%20ESCUELA%20NUEVO/BackEnd/src/negocio/middlewares/autenticacion.js:19:25)\n    at Layer.handle [as handle_request] (C:\\Users\\GermanNotebook\\Desktop\\DISCO VIEJO\\CARPETAS\\SISTEMA ESCUELA NUEVO\\BackEnd\\node_modules\\express\\lib\\router\\layer.js:95:5)\n    at next (C:\\Users\\GermanNotebook\\Desktop\\DISCO VIEJO\\CARPETAS\\SISTEMA ESCUELA NUEVO\\BackEnd\\node_modules\\express\\lib\\router\\route.js:144:13)\n    at Route.dispatch (C:\\Users\\GermanNotebook\\Desktop\\DISCO VIEJO\\CARPETAS\\SISTEMA ESCUELA NUEVO\\BackEnd\\node_modules\\express\\lib\\router\\route.js:114:3)\n    at Layer.handle [as handle_request] (C:\\Users\\GermanNotebook\\Desktop\\DISCO VIEJO\\CARPETAS\\SISTEMA ESCUELA NUEVO\\BackEnd\\node_modules\\express\\lib\\router\\layer.js:95:5)\n    at C:\\Users\\GermanNotebook\\Desktop\\DISCO VIEJO\\CARPETAS\\SISTEMA ESCUELA NUEVO\\BackEnd\\node_modules\\express\\lib\\router\\index.js:284:15\n    at param (C:\\Users\\GermanNotebook\\Desktop\\DISCO VIEJO\\CARPETAS\\SISTEMA ESCUELA NUEVO\\BackEnd\\node_modules\\express\\lib\\router\\index.js:365:14)\n    at param (C:\\Users\\GermanNotebook\\Desktop\\DISCO VIEJO\\CARPETAS\\SISTEMA ESCUELA NUEVO\\BackEnd\\node_modules\\express\\lib\\router\\index.js:376:14)","type":"Error","msg":"jwt malformed"}
{"level":40,"time":1780772905221,"pid":15696,"hostname":"German","name":"JsonWebTokenError","message":"jwt malformed","stack":"JsonWebTokenError: jwt malformed\n    at module.exports [as verify] (C:\\Users\\GermanNotebook\\Desktop\\DISCO VIEJO\\CARPETAS\\SISTEMA ESCUELA NUEVO\\BackEnd\\node_modules\\jsonwebtoken\\verify.js:70:17)\n    at validateUser (file:///C:/Users/GermanNotebook/Desktop/DISCO%20VIEJO/CARPETAS/SISTEMA%20ESCUELA%20NUEVO/BackEnd/src/negocio/utils/jwt.js:8:33)\n    at autenticacion (file:///C:/Users/GermanNotebook/Desktop/DISCO%20VIEJO/CARPETAS/SISTEMA%20ESCUELA%20NUEVO/BackEnd/src/negocio/middlewares/autenticacion.js:19:25)\n    at Layer.handle [as handle_request] (C:\\Users\\GermanNotebook\\Desktop\\DISCO VIEJO\\CARPETAS\\SISTEMA ESCUELA NUEVO\\BackEnd\\node_modules\\express\\lib\\router\\layer.js:95:5)\n    at next (C:\\Users\\GermanNotebook\\Desktop\\DISCO VIEJO\\CARPETAS\\SISTEMA ESCUELA NUEVO\\BackEnd\\node_modules\\express\\lib\\router\\route.js:144:13)\n    at Route.dispatch (C:\\Users\\GermanNotebook\\Desktop\\DISCO VIEJO\\CARPETAS\\SISTEMA ESCUELA NUEVO\\BackEnd\\node_modules\\express\\lib\\router\\route.js:114:3)\n    at Layer.handle [as handle_request] (C:\\Users\\GermanNotebook\\Desktop\\DISCO VIEJO\\CARPETAS\\SISTEMA ESCUELA NUEVO\\BackEnd\\node_modules\\express\\lib\\router\\layer.js:95:5)\n    at C:\\Users\\GermanNotebook\\Desktop\\DISCO VIEJO\\CARPETAS\\SISTEMA ESCUELA NUEVO\\BackEnd\\node_modules\\express\\lib\\router\\index.js:284:15\n    at param (C:\\Users\\GermanNotebook\\Desktop\\DISCO VIEJO\\CARPETAS\\SISTEMA ESCUELA NUEVO\\BackEnd\\node_modules\\express\\lib\\router\\index.js:365:14)\n    at param (C:\\Users\\GermanNotebook\\Desktop\\DISCO VIEJO\\CARPETAS\\SISTEMA ESCUELA NUEVO\\BackEnd\\node_modules\\express\\lib\\router\\index.js:376:14)","type":"Error","msg":"jwt malformed"}
{"level":40,"time":1780772974823,"pid":15696,"hostname":"German","name":"TokenExpiredError","message":"jwt expired","expiredAt":"2026-06-06T19:07:18.000Z","stack":"TokenExpiredError: jwt expired\n    at C:\\Users\\GermanNotebook\\Desktop\\DISCO VIEJO\\CARPETAS\\SISTEMA ESCUELA NUEVO\\BackEnd\\node_modules\\jsonwebtoken\\verify.js:190:21\n    at getSecret (C:\\Users\\GermanNotebook\\Desktop\\DISCO VIEJO\\CARPETAS\\SISTEMA ESCUELA NUEVO\\BackEnd\\node_modules\\jsonwebtoken\\verify.js:97:14)\n    at module.exports [as verify] (C:\\Users\\GermanNotebook\\Desktop\\DISCO VIEJO\\CARPETAS\\SISTEMA ESCUELA NUEVO\\BackEnd\\node_modules\\jsonwebtoken\\verify.js:101:10)\n    at validateUser (file:///C:/Users/GermanNotebook/Desktop/DISCO%20VIEJO/CARPETAS/SISTEMA%20ESCUELA%20NUEVO/BackEnd/src/negocio/utils/jwt.js:8:33)\n    at autenticacion (file:///C:/Users/GermanNotebook/Desktop/DISCO%20VIEJO/CARPETAS/SISTEMA%20ESCUELA%20NUEVO/BackEnd/src/negocio/middlewares/autenticacion.js:19:25)\n    at Layer.handle [as handle_request] (C:\\Users\\GermanNotebook\\Desktop\\DISCO VIEJO\\CARPETAS\\SISTEMA ESCUELA NUEVO\\BackEnd\\node_modules\\express\\lib\\router\\layer.js:95:5)\n    at next (C:\\Users\\GermanNotebook\\Desktop\\DISCO VIEJO\\CARPETAS\\SISTEMA ESCUELA NUEVO\\BackEnd\\node_modules\\express\\lib\\router\\route.js:144:13)\n    at Route.dispatch (C:\\Users\\GermanNotebook\\Desktop\\DISCO VIEJO\\CARPETAS\\SISTEMA ESCUELA NUEVO\\BackEnd\\node_modules\\express\\lib\\router\\route.js:114:3)\n    at Layer.handle [as handle_request] (C:\\Users\\GermanNotebook\\Desktop\\DISCO VIEJO\\CARPETAS\\SISTEMA ESCUELA NUEVO\\BackEnd\\node_modules\\express\\lib\\router\\layer.js:95:5)\n    at C:\\Users\\GermanNotebook\\Desktop\\DISCO VIEJO\\CARPETAS\\SISTEMA ESCUELA NUEVO\\BackEnd\\node_modules\\express\\lib\\router\\index.js:284:15","type":"Error","msg":"jwt expired"}
{"level":40,"time":1780773041610,"pid":15696,"hostname":"German","name":"TokenExpiredError","message":"jwt expired","expiredAt":"2026-06-06T19:07:18.000Z","stack":"TokenExpiredError: jwt expired\n    at C:\\Users\\GermanNotebook\\Desktop\\DISCO VIEJO\\CARPETAS\\SISTEMA ESCUELA NUEVO\\BackEnd\\node_modules\\jsonwebtoken\\verify.js:190:21\n    at getSecret (C:\\Users\\GermanNotebook\\Desktop\\DISCO VIEJO\\CARPETAS\\SISTEMA ESCUELA NUEVO\\BackEnd\\node_modules\\jsonwebtoken\\verify.js:97:14)\n    at module.exports [as verify] (C:\\Users\\GermanNotebook\\Desktop\\DISCO VIEJO\\CARPETAS\\SISTEMA ESCUELA NUEVO\\BackEnd\\node_modules\\jsonwebtoken\\verify.js:101:10)\n    at validateUser (file:///C:/Users/GermanNotebook/Desktop/DISCO%20VIEJO/CARPETAS/SISTEMA%20ESCUELA%20NUEVO/BackEnd/src/negocio/utils/jwt.js:8:33)\n    at autenticacion (file:///C:/Users/GermanNotebook/Desktop/DISCO%20VIEJO/CARPETAS/SISTEMA%20ESCUELA%20NUEVO/BackEnd/src/negocio/middlewares/autenticacion.js:19:25)\n    at Layer.handle [as handle_request] (C:\\Users\\GermanNotebook\\Desktop\\DISCO VIEJO\\CARPETAS\\SISTEMA ESCUELA NUEVO\\BackEnd\\node_modules\\express\\lib\\router\\layer.js:95:5)\n    at next (C:\\Users\\GermanNotebook\\Desktop\\DISCO VIEJO\\CARPETAS\\SISTEMA ESCUELA NUEVO\\BackEnd\\node_modules\\express\\lib\\router\\route.js:144:13)\n    at Route.dispatch (C:\\Users\\GermanNotebook\\Desktop\\DISCO VIEJO\\CARPETAS\\SISTEMA ESCUELA NUEVO\\BackEnd\\node_modules\\express\\lib\\router\\route.js:114:3)\n    at Layer.handle [as handle_request] (C:\\Users\\GermanNotebook\\Desktop\\DISCO VIEJO\\CARPETAS\\SISTEMA ESCUELA NUEVO\\BackEnd\\node_modules\\express\\lib\\router\\layer.js:95:5)\n    at C:\\Users\\GermanNotebook\\Desktop\\DISCO VIEJO\\CARPETAS\\SISTEMA ESCUELA NUEVO\\BackEnd\\node_modules\\express\\lib\\router\\index.js:284:15","type":"Error","msg":"jwt expired"}
{"level":40,"time":1780773057486,"pid":15696,"hostname":"German","name":"TokenExpiredError","message":"jwt expired","expiredAt":"2026-06-06T19:07:18.000Z","stack":"TokenExpiredError: jwt expired\n    at C:\\Users\\GermanNotebook\\Desktop\\DISCO VIEJO\\CARPETAS\\SISTEMA ESCUELA NUEVO\\BackEnd\\node_modules\\jsonwebtoken\\verify.js:190:21\n    at getSecret (C:\\Users\\GermanNotebook\\Desktop\\DISCO VIEJO\\CARPETAS\\SISTEMA ESCUELA NUEVO\\BackEnd\\node_modules\\jsonwebtoken\\verify.js:97:14)\n    at module.exports [as verify] (C:\\Users\\GermanNotebook\\Desktop\\DISCO VIEJO\\CARPETAS\\SISTEMA ESCUELA NUEVO\\BackEnd\\node_modules\\jsonwebtoken\\verify.js:101:10)\n    at validateUser (file:///C:/Users/GermanNotebook/Desktop/DISCO%20VIEJO/CARPETAS/SISTEMA%20ESCUELA%20NUEVO/BackEnd/src/negocio/utils/jwt.js:8:33)\n    at autenticacion (file:///C:/Users/GermanNotebook/Desktop/DISCO%20VIEJO/CARPETAS/SISTEMA%20ESCUELA%20NUEVO/BackEnd/src/negocio/middlewares/autenticacion.js:19:25)\n    at Layer.handle [as handle_request] (C:\\Users\\GermanNotebook\\Desktop\\DISCO VIEJO\\CARPETAS\\SISTEMA ESCUELA NUEVO\\BackEnd\\node_modules\\express\\lib\\router\\layer.js:95:5)\n    at next (C:\\Users\\GermanNotebook\\Desktop\\DISCO VIEJO\\CARPETAS\\SISTEMA ESCUELA NUEVO\\BackEnd\\node_modules\\express\\lib\\router\\route.js:144:13)\n    at Route.dispatch (C:\\Users\\GermanNotebook\\Desktop\\DISCO VIEJO\\CARPETAS\\SISTEMA ESCUELA NUEVO\\BackEnd\\node_modules\\express\\lib\\router\\route.js:114:3)\n    at Layer.handle [as handle_request] (C:\\Users\\GermanNotebook\\Desktop\\DISCO VIEJO\\CARPETAS\\SISTEMA ESCUELA NUEVO\\BackEnd\\node_modules\\express\\lib\\router\\layer.js:95:5)\n    at C:\\Users\\GermanNotebook\\Desktop\\DISCO VIEJO\\CARPETAS\\SISTEMA ESCUELA NUEVO\\BackEnd\\node_modules\\express\\lib\\router\\index.js:284:15","type":"Error","msg":"jwt expired"}
{"level":40,"time":1780773141011,"pid":13936,"hostname":"German","name":"TokenExpiredError","message":"jwt expired","expiredAt":"2026-06-06T19:07:18.000Z","stack":"TokenExpiredError: jwt expired\n    at C:\\Users\\GermanNotebook\\Desktop\\DISCO VIEJO\\CARPETAS\\SISTEMA ESCUELA NUEVO\\BackEnd\\node_modules\\jsonwebtoken\\verify.js:190:21\n    at getSecret (C:\\Users\\GermanNotebook\\Desktop\\DISCO VIEJO\\CARPETAS\\SISTEMA ESCUELA NUEVO\\BackEnd\\node_modules\\jsonwebtoken\\verify.js:97:14)\n    at module.exports [as verify] (C:\\Users\\GermanNotebook\\Desktop\\DISCO VIEJO\\CARPETAS\\SISTEMA ESCUELA NUEVO\\BackEnd\\node_modules\\jsonwebtoken\\verify.js:101:10)\n    at validateUser (file:///C:/Users/GermanNotebook/Desktop/DISCO%20VIEJO/CARPETAS/SISTEMA%20ESCUELA%20NUEVO/BackEnd/src/negocio/utils/jwt.js:8:33)\n    at autenticacion (file:///C:/Users/GermanNotebook/Desktop/DISCO%20VIEJO/CARPETAS/SISTEMA%20ESCUELA%20NUEVO/BackEnd/src/negocio/middlewares/autenticacion.js:19:25)\n    at Layer.handle [as handle_request] (C:\\Users\\GermanNotebook\\Desktop\\DISCO VIEJO\\CARPETAS\\SISTEMA ESCUELA NUEVO\\BackEnd\\node_modules\\express\\lib\\router\\layer.js:95:5)\n    at next (C:\\Users\\GermanNotebook\\Desktop\\DISCO VIEJO\\CARPETAS\\SISTEMA ESCUELA NUEVO\\BackEnd\\node_modules\\express\\lib\\router\\route.js:144:13)\n    at Route.dispatch (C:\\Users\\GermanNotebook\\Desktop\\DISCO VIEJO\\CARPETAS\\SISTEMA ESCUELA NUEVO\\BackEnd\\node_modules\\express\\lib\\router\\route.js:114:3)\n    at Layer.handle [as handle_request] (C:\\Users\\GermanNotebook\\Desktop\\DISCO VIEJO\\CARPETAS\\SISTEMA ESCUELA NUEVO\\BackEnd\\node_modules\\express\\lib\\router\\layer.js:95:5)\n    at C:\\Users\\GermanNotebook\\Desktop\\DISCO VIEJO\\CARPETAS\\SISTEMA ESCUELA NUEVO\\BackEnd\\node_modules\\express\\lib\\router\\index.js:284:15","type":"Error","msg":"jwt expired"}
{"level":40,"time":1780773145336,"pid":13936,"hostname":"German","msg":"Le queda (24) segundos para que la sesion se expire"}
{"level":40,"time":1780773145763,"pid":13936,"hostname":"German","msg":"Le queda (24) segundos para que la sesion se expire"}
{"level":40,"time":1780773150143,"pid":13936,"hostname":"German","msg":"Le queda (19) segundos para que la sesion se expire"}
{"level":40,"time":1780773150367,"pid":13936,"hostname":"German","msg":"Le queda (19) segundos para que la sesion se expire"}
{"level":40,"time":1780773157925,"pid":13936,"hostname":"German","msg":"Le queda (12) segundos para que la sesion se expire"}
{"level":40,"time":1780773158124,"pid":13936,"hostname":"German","msg":"Le queda (11) segundos para que la sesion se expire"}
{"level":40,"time":1780773187473,"pid":13936,"hostname":"German","name":"TokenExpiredError","message":"jwt expired","expiredAt":"2026-06-06T19:07:18.000Z","stack":"TokenExpiredError: jwt expired\n    at C:\\Users\\GermanNotebook\\Desktop\\DISCO VIEJO\\CARPETAS\\SISTEMA ESCUELA NUEVO\\BackEnd\\node_modules\\jsonwebtoken\\verify.js:190:21\n    at getSecret (C:\\Users\\GermanNotebook\\Desktop\\DISCO VIEJO\\CARPETAS\\SISTEMA ESCUELA NUEVO\\BackEnd\\node_modules\\jsonwebtoken\\verify.js:97:14)\n    at module.exports [as verify] (C:\\Users\\GermanNotebook\\Desktop\\DISCO VIEJO\\CARPETAS\\SISTEMA ESCUELA NUEVO\\BackEnd\\node_modules\\jsonwebtoken\\verify.js:101:10)\n    at validateUser (file:///C:/Users/GermanNotebook/Desktop/DISCO%20VIEJO/CARPETAS/SISTEMA%20ESCUELA%20NUEVO/BackEnd/src/negocio/utils/jwt.js:8:33)\n    at autenticacion (file:///C:/Users/GermanNotebook/Desktop/DISCO%20VIEJO/CARPETAS/SISTEMA%20ESCUELA%20NUEVO/BackEnd/src/negocio/middlewares/autenticacion.js:19:25)\n    at Layer.handle [as handle_request] (C:\\Users\\GermanNotebook\\Desktop\\DISCO VIEJO\\CARPETAS\\SISTEMA ESCUELA NUEVO\\BackEnd\\node_modules\\express\\lib\\router\\layer.js:95:5)\n    at next (C:\\Users\\GermanNotebook\\Desktop\\DISCO VIEJO\\CARPETAS\\SISTEMA ESCUELA NUEVO\\BackEnd\\node_modules\\express\\lib\\router\\route.js:144:13)\n    at Route.dispatch (C:\\Users\\GermanNotebook\\Desktop\\DISCO VIEJO\\CARPETAS\\SISTEMA ESCUELA NUEVO\\BackEnd\\node_modules\\express\\lib\\router\\route.js:114:3)\n    at Layer.handle [as handle_request] (C:\\Users\\GermanNotebook\\Desktop\\DISCO VIEJO\\CARPETAS\\SISTEMA ESCUELA NUEVO\\BackEnd\\node_modules\\express\\lib\\router\\layer.js:95:5)\n    at C:\\Users\\GermanNotebook\\Desktop\\DISCO VIEJO\\CARPETAS\\SISTEMA ESCUELA NUEVO\\BackEnd\\node_modules\\express\\lib\\router\\index.js:284:15","type":"Error","msg":"jwt expired"}
{"level":40,"time":1780773189760,"pid":13936,"hostname":"German","name":"TokenExpiredError","message":"jwt expired","expiredAt":"2026-06-06T19:07:18.000Z","stack":"TokenExpiredError: jwt expired\n    at C:\\Users\\GermanNotebook\\Desktop\\DISCO VIEJO\\CARPETAS\\SISTEMA ESCUELA NUEVO\\BackEnd\\node_modules\\jsonwebtoken\\verify.js:190:21\n    at getSecret (C:\\Users\\GermanNotebook\\Desktop\\DISCO VIEJO\\CARPETAS\\SISTEMA ESCUELA NUEVO\\BackEnd\\node_modules\\jsonwebtoken\\verify.js:97:14)\n    at module.exports [as verify] (C:\\Users\\GermanNotebook\\Desktop\\DISCO VIEJO\\CARPETAS\\SISTEMA ESCUELA NUEVO\\BackEnd\\node_modules\\jsonwebtoken\\verify.js:101:10)\n    at validateUser (file:///C:/Users/GermanNotebook/Desktop/DISCO%20VIEJO/CARPETAS/SISTEMA%20ESCUELA%20NUEVO/BackEnd/src/negocio/utils/jwt.js:8:33)\n    at autenticacion (file:///C:/Users/GermanNotebook/Desktop/DISCO%20VIEJO/CARPETAS/SISTEMA%20ESCUELA%20NUEVO/BackEnd/src/negocio/middlewares/autenticacion.js:19:25)\n    at Layer.handle [as handle_request] (C:\\Users\\GermanNotebook\\Desktop\\DISCO VIEJO\\CARPETAS\\SISTEMA ESCUELA NUEVO\\BackEnd\\node_modules\\express\\lib\\router\\layer.js:95:5)\n    at next (C:\\Users\\GermanNotebook\\Desktop\\DISCO VIEJO\\CARPETAS\\SISTEMA ESCUELA NUEVO\\BackEnd\\node_modules\\express\\lib\\router\\route.js:144:13)\n    at Route.dispatch (C:\\Users\\GermanNotebook\\Desktop\\DISCO VIEJO\\CARPETAS\\SISTEMA ESCUELA NUEVO\\BackEnd\\node_modules\\express\\lib\\router\\route.js:114:3)\n    at Layer.handle [as handle_request] (C:\\Users\\GermanNotebook\\Desktop\\DISCO VIEJO\\CARPETAS\\SISTEMA ESCUELA NUEVO\\BackEnd\\node_modules\\express\\lib\\router\\layer.js:95:5)\n    at C:\\Users\\GermanNotebook\\Desktop\\DISCO VIEJO\\CARPETAS\\SISTEMA ESCUELA NUEVO\\BackEnd\\node_modules\\express\\lib\\router\\index.js:284:15","type":"Error","msg":"jwt expired"}
{"level":40,"time":1780773246662,"pid":13936,"hostname":"German","msg":"Le queda (104) segundos para que la sesion se expire"}
{"level":40,"time":1780773263194,"pid":13936,"hostname":"German","msg":"Le queda (87) segundos para que la sesion se expire"}
=======
>>>>>>> 366edefd4eff23f2a7766184e42dfd1d5fcf3c11
{"level":40,"time":1779918719699,"pid":1272,"hostname":"DESKTOP-G8F9RK0","msg":"Le queda (118) segundos para que la sesion se expire"}
{"level":40,"time":1779918719987,"pid":1272,"hostname":"DESKTOP-G8F9RK0","msg":"Le queda (118) segundos para que la sesion se expire"}
{"level":40,"time":1779918722542,"pid":1272,"hostname":"DESKTOP-G8F9RK0","msg":"Le queda (115) segundos para que la sesion se expire"}
<<<<<<< HEAD
>>>>>>> ca0eeaf15efd2aaa0ec3dde29ba832fe92462c9d
=======
{"level":40,"time":1779919080138,"pid":9476,"hostname":"DESKTOP-G8F9RK0","msg":"Le queda (117) segundos para que la sesion se expire"}
{"level":40,"time":1779919080681,"pid":9476,"hostname":"DESKTOP-G8F9RK0","msg":"Le queda (117) segundos para que la sesion se expire"}
{"level":40,"time":1779919083161,"pid":9476,"hostname":"DESKTOP-G8F9RK0","msg":"Le queda (114) segundos para que la sesion se expire"}
{"level":40,"time":1779919083375,"pid":9476,"hostname":"DESKTOP-G8F9RK0","msg":"Le queda (114) segundos para que la sesion se expire"}
{"level":40,"time":1780057296950,"pid":6480,"hostname":"DESKTOP-G8F9RK0","msg":"Le queda (117) segundos para que la sesion se expire"}
{"level":40,"time":1780057297284,"pid":6480,"hostname":"DESKTOP-G8F9RK0","msg":"Le queda (116) segundos para que la sesion se expire"}
{"level":40,"time":1780057300069,"pid":6480,"hostname":"DESKTOP-G8F9RK0","msg":"Le queda (113) segundos para que la sesion se expire"}
{"level":40,"time":1780057302267,"pid":6480,"hostname":"DESKTOP-G8F9RK0","msg":"Le queda (111) segundos para que la sesion se expire"}
{"level":40,"time":1780057782312,"pid":6480,"hostname":"DESKTOP-G8F9RK0","msg":"Le queda (117) segundos para que la sesion se expire"}
{"level":40,"time":1780057782702,"pid":6480,"hostname":"DESKTOP-G8F9RK0","msg":"Le queda (117) segundos para que la sesion se expire"}
{"level":40,"time":1780057785330,"pid":6480,"hostname":"DESKTOP-G8F9RK0","msg":"Le queda (114) segundos para que la sesion se expire"}
{"level":40,"time":1780057785384,"pid":6480,"hostname":"DESKTOP-G8F9RK0","msg":"Le queda (114) segundos para que la sesion se expire"}
{"level":40,"time":1780057789520,"pid":6480,"hostname":"DESKTOP-G8F9RK0","msg":"Le queda (110) segundos para que la sesion se expire"}
{"level":40,"time":1780057789564,"pid":6480,"hostname":"DESKTOP-G8F9RK0","msg":"Le queda (110) segundos para que la sesion se expire"}
{"level":40,"time":1780057791610,"pid":6480,"hostname":"DESKTOP-G8F9RK0","msg":"Le queda (108) segundos para que la sesion se expire"}
{"level":40,"time":1780057795362,"pid":6480,"hostname":"DESKTOP-G8F9RK0","msg":"Le queda (104) segundos para que la sesion se expire"}
{"level":40,"time":1780057795418,"pid":6480,"hostname":"DESKTOP-G8F9RK0","msg":"Le queda (104) segundos para que la sesion se expire"}
{"level":40,"time":1780057799044,"pid":6480,"hostname":"DESKTOP-G8F9RK0","msg":"Le queda (100) segundos para que la sesion se expire"}
{"level":40,"time":1780057799064,"pid":6480,"hostname":"DESKTOP-G8F9RK0","msg":"Le queda (100) segundos para que la sesion se expire"}
{"level":40,"time":1780057799323,"pid":6480,"hostname":"DESKTOP-G8F9RK0","msg":"Le queda (100) segundos para que la sesion se expire"}
{"level":40,"time":1780058232698,"pid":6480,"hostname":"DESKTOP-G8F9RK0","msg":"Le queda (116) segundos para que la sesion se expire"}
{"level":40,"time":1780058233347,"pid":6480,"hostname":"DESKTOP-G8F9RK0","msg":"Le queda (115) segundos para que la sesion se expire"}
{"level":40,"time":1780058236714,"pid":6480,"hostname":"DESKTOP-G8F9RK0","msg":"Le queda (112) segundos para que la sesion se expire"}
{"level":40,"time":1780058237020,"pid":6480,"hostname":"DESKTOP-G8F9RK0","msg":"Le queda (111) segundos para que la sesion se expire"}
{"level":40,"time":1780092499870,"pid":6344,"hostname":"DESKTOP-G8F9RK0","msg":"Le queda (114) segundos para que la sesion se expire"}
{"level":40,"time":1780092500148,"pid":6344,"hostname":"DESKTOP-G8F9RK0","msg":"Le queda (113) segundos para que la sesion se expire"}
{"level":40,"time":1780092814564,"pid":6344,"hostname":"DESKTOP-G8F9RK0","msg":"Le queda (117) segundos para que la sesion se expire"}
{"level":40,"time":1780092814797,"pid":6344,"hostname":"DESKTOP-G8F9RK0","msg":"Le queda (117) segundos para que la sesion se expire"}
{"level":40,"time":1780092916196,"pid":6344,"hostname":"DESKTOP-G8F9RK0","msg":"Le queda (117) segundos para que la sesion se expire"}
{"level":40,"time":1780092916405,"pid":6344,"hostname":"DESKTOP-G8F9RK0","msg":"Le queda (117) segundos para que la sesion se expire"}
{"level":40,"time":1780093140346,"pid":6344,"hostname":"DESKTOP-G8F9RK0","msg":"Le queda (117) segundos para que la sesion se expire"}
{"level":40,"time":1780093140592,"pid":6344,"hostname":"DESKTOP-G8F9RK0","msg":"Le queda (117) segundos para que la sesion se expire"}
{"level":40,"time":1780093514557,"pid":6344,"hostname":"DESKTOP-G8F9RK0","msg":"Le queda (117) segundos para que la sesion se expire"}
{"level":40,"time":1780093514833,"pid":6344,"hostname":"DESKTOP-G8F9RK0","msg":"Le queda (117) segundos para que la sesion se expire"}
{"level":40,"time":1780093711233,"pid":6344,"hostname":"DESKTOP-G8F9RK0","msg":"Le queda (115) segundos para que la sesion se expire"}
{"level":40,"time":1780093711471,"pid":6344,"hostname":"DESKTOP-G8F9RK0","msg":"Le queda (115) segundos para que la sesion se expire"}
{"level":40,"time":1780093807686,"pid":6344,"hostname":"DESKTOP-G8F9RK0","msg":"Le queda (19) segundos para que la sesion se expire"}
{"level":40,"time":1780094615661,"pid":6344,"hostname":"DESKTOP-G8F9RK0","msg":"Le queda (116) segundos para que la sesion se expire"}
{"level":40,"time":1780094615865,"pid":6344,"hostname":"DESKTOP-G8F9RK0","msg":"Le queda (116) segundos para que la sesion se expire"}
{"level":40,"time":1780094639829,"pid":6344,"hostname":"DESKTOP-G8F9RK0","msg":"Le queda (92) segundos para que la sesion se expire"}
{"level":40,"time":1780094739407,"pid":6344,"hostname":"DESKTOP-G8F9RK0","msg":"Le queda (117) segundos para que la sesion se expire"}
{"level":40,"time":1780094739614,"pid":6344,"hostname":"DESKTOP-G8F9RK0","msg":"Le queda (117) segundos para que la sesion se expire"}
{"level":40,"time":1780094763805,"pid":6344,"hostname":"DESKTOP-G8F9RK0","msg":"Le queda (93) segundos para que la sesion se expire"}
{"level":40,"time":1780095101522,"pid":6344,"hostname":"DESKTOP-G8F9RK0","msg":"Le queda (118) segundos para que la sesion se expire"}
{"level":40,"time":1780095101731,"pid":6344,"hostname":"DESKTOP-G8F9RK0","msg":"Le queda (118) segundos para que la sesion se expire"}
{"level":40,"time":1780095128941,"pid":6344,"hostname":"DESKTOP-G8F9RK0","msg":"Le queda (91) segundos para que la sesion se expire"}
{"level":40,"time":1780148047183,"pid":8696,"hostname":"DESKTOP-G8F9RK0","msg":"Le queda (117) segundos para que la sesion se expire"}
{"level":40,"time":1780148047450,"pid":8696,"hostname":"DESKTOP-G8F9RK0","msg":"Le queda (117) segundos para que la sesion se expire"}
{"level":40,"time":1780148863187,"pid":8696,"hostname":"DESKTOP-G8F9RK0","msg":"Le queda (117) segundos para que la sesion se expire"}
{"level":40,"time":1780148863190,"pid":8696,"hostname":"DESKTOP-G8F9RK0","msg":"Le queda (117) segundos para que la sesion se expire"}
{"level":40,"time":1780263357442,"pid":7736,"hostname":"DESKTOP-G8F9RK0","msg":"Le queda (117) segundos para que la sesion se expire"}
{"level":40,"time":1780263357678,"pid":7736,"hostname":"DESKTOP-G8F9RK0","msg":"Le queda (117) segundos para que la sesion se expire"}
{"level":40,"time":1780263364255,"pid":7736,"hostname":"DESKTOP-G8F9RK0","msg":"Le queda (110) segundos para que la sesion se expire"}
{"level":40,"time":1780264556094,"pid":7736,"hostname":"DESKTOP-G8F9RK0","msg":"Le queda (104) segundos para que la sesion se expire"}
{"level":40,"time":1780264556438,"pid":7736,"hostname":"DESKTOP-G8F9RK0","msg":"Le queda (104) segundos para que la sesion se expire"}
{"level":40,"time":1780264584842,"pid":7736,"hostname":"DESKTOP-G8F9RK0","msg":"Le queda (76) segundos para que la sesion se expire"}
{"level":40,"time":1780264585165,"pid":7736,"hostname":"DESKTOP-G8F9RK0","msg":"Le queda (75) segundos para que la sesion se expire"}
{"level":40,"time":1780264587740,"pid":7736,"hostname":"DESKTOP-G8F9RK0","msg":"Le queda (73) segundos para que la sesion se expire"}
{"level":40,"time":1780264721884,"pid":7736,"hostname":"DESKTOP-G8F9RK0","msg":"Le queda (117) segundos para que la sesion se expire"}
{"level":40,"time":1780264722086,"pid":7736,"hostname":"DESKTOP-G8F9RK0","msg":"Le queda (116) segundos para que la sesion se expire"}
{"level":40,"time":1780264872446,"pid":7736,"hostname":"DESKTOP-G8F9RK0","msg":"Le queda (115) segundos para que la sesion se expire"}
{"level":40,"time":1780264872674,"pid":7736,"hostname":"DESKTOP-G8F9RK0","msg":"Le queda (115) segundos para que la sesion se expire"}
{"level":40,"time":1780274195148,"pid":1924,"hostname":"DESKTOP-G8F9RK0","msg":"Le queda (117) segundos para que la sesion se expire"}
{"level":40,"time":1780274195373,"pid":1924,"hostname":"DESKTOP-G8F9RK0","msg":"Le queda (117) segundos para que la sesion se expire"}
{"level":40,"time":1780274476861,"pid":1924,"hostname":"DESKTOP-G8F9RK0","msg":"Le queda (118) segundos para que la sesion se expire"}
{"level":40,"time":1780274477078,"pid":1924,"hostname":"DESKTOP-G8F9RK0","msg":"Le queda (117) segundos para que la sesion se expire"}
{"level":40,"time":1780274967578,"pid":1924,"hostname":"DESKTOP-G8F9RK0","msg":"Le queda (118) segundos para que la sesion se expire"}
{"level":40,"time":1780274967767,"pid":1924,"hostname":"DESKTOP-G8F9RK0","msg":"Le queda (118) segundos para que la sesion se expire"}
{"level":40,"time":1780275109665,"pid":1924,"hostname":"DESKTOP-G8F9RK0","msg":"Le queda (118) segundos para que la sesion se expire"}
{"level":40,"time":1780275109879,"pid":1924,"hostname":"DESKTOP-G8F9RK0","msg":"Le queda (118) segundos para que la sesion se expire"}
{"level":40,"time":1780581683723,"pid":10212,"hostname":"DESKTOP-G8F9RK0","msg":"Le queda (118) segundos para que la sesion se expire"}
{"level":40,"time":1780581683961,"pid":10212,"hostname":"DESKTOP-G8F9RK0","msg":"Le queda (118) segundos para que la sesion se expire"}
{"level":40,"time":1780594867981,"pid":3212,"hostname":"DESKTOP-G8F9RK0","msg":"Le queda (117) segundos para que la sesion se expire"}
{"level":40,"time":1780594868460,"pid":3212,"hostname":"DESKTOP-G8F9RK0","msg":"Le queda (116) segundos para que la sesion se expire"}
{"level":40,"time":1780594992622,"pid":3212,"hostname":"DESKTOP-G8F9RK0","msg":"Le queda (117) segundos para que la sesion se expire"}
{"level":40,"time":1780594992815,"pid":3212,"hostname":"DESKTOP-G8F9RK0","msg":"Le queda (117) segundos para que la sesion se expire"}
{"level":40,"time":1780595820835,"pid":3212,"hostname":"DESKTOP-G8F9RK0","msg":"Le queda (118) segundos para que la sesion se expire"}
{"level":40,"time":1780595821343,"pid":3212,"hostname":"DESKTOP-G8F9RK0","msg":"Le queda (117) segundos para que la sesion se expire"}
{"level":40,"time":1780596301930,"pid":3212,"hostname":"DESKTOP-G8F9RK0","msg":"Le queda (118) segundos para que la sesion se expire"}
{"level":40,"time":1780596302649,"pid":3212,"hostname":"DESKTOP-G8F9RK0","msg":"Le queda (117) segundos para que la sesion se expire"}
{"level":40,"time":1780598253489,"pid":4576,"hostname":"DESKTOP-G8F9RK0","msg":"Le queda (117) segundos para que la sesion se expire"}
{"level":40,"time":1780598253694,"pid":4576,"hostname":"DESKTOP-G8F9RK0","msg":"Le queda (117) segundos para que la sesion se expire"}
{"level":40,"time":1780598585174,"pid":4576,"hostname":"DESKTOP-G8F9RK0","msg":"Le queda (75) segundos para que la sesion se expire"}
{"level":40,"time":1780598585518,"pid":4576,"hostname":"DESKTOP-G8F9RK0","msg":"Le queda (75) segundos para que la sesion se expire"}
{"level":40,"time":1780764439711,"pid":9016,"hostname":"DESKTOP-G8F9RK0","msg":"Le queda (117) segundos para que la sesion se expire"}
{"level":40,"time":1780764440346,"pid":9016,"hostname":"DESKTOP-G8F9RK0","msg":"Le queda (116) segundos para que la sesion se expire"}
{"level":40,"time":1780764443441,"pid":9016,"hostname":"DESKTOP-G8F9RK0","msg":"Le queda (113) segundos para que la sesion se expire"}
{"level":40,"time":1780764443676,"pid":9016,"hostname":"DESKTOP-G8F9RK0","msg":"Le queda (113) segundos para que la sesion se expire"}
{"level":40,"time":1780764448908,"pid":9016,"hostname":"DESKTOP-G8F9RK0","msg":"Le queda (108) segundos para que la sesion se expire"}
{"level":40,"time":1780764452459,"pid":9016,"hostname":"DESKTOP-G8F9RK0","msg":"Le queda (104) segundos para que la sesion se expire"}
{"level":40,"time":1780764452709,"pid":9016,"hostname":"DESKTOP-G8F9RK0","msg":"Le queda (104) segundos para que la sesion se expire"}
{"level":40,"time":1780764496533,"pid":9016,"hostname":"DESKTOP-G8F9RK0","msg":"Le queda (60) segundos para que la sesion se expire"}
{"level":40,"time":1780764502094,"pid":9016,"hostname":"DESKTOP-G8F9RK0","msg":"Le queda (54) segundos para que la sesion se expire"}
{"level":40,"time":1780764502486,"pid":9016,"hostname":"DESKTOP-G8F9RK0","msg":"Le queda (54) segundos para que la sesion se expire"}
{"level":40,"time":1780764506029,"pid":9016,"hostname":"DESKTOP-G8F9RK0","msg":"Le queda (50) segundos para que la sesion se expire"}
{"level":40,"time":1780764506092,"pid":9016,"hostname":"DESKTOP-G8F9RK0","msg":"Le queda (50) segundos para que la sesion se expire"}
{"level":40,"time":1780764506441,"pid":9016,"hostname":"DESKTOP-G8F9RK0","msg":"Le queda (50) segundos para que la sesion se expire"}
{"level":40,"time":1780764506494,"pid":9016,"hostname":"DESKTOP-G8F9RK0","msg":"Le queda (50) segundos para que la sesion se expire"}
{"level":40,"time":1780764506646,"pid":9016,"hostname":"DESKTOP-G8F9RK0","msg":"Le queda (50) segundos para que la sesion se expire"}
{"level":40,"time":1780764506695,"pid":9016,"hostname":"DESKTOP-G8F9RK0","msg":"Le queda (50) segundos para que la sesion se expire"}
{"level":40,"time":1780764506881,"pid":9016,"hostname":"DESKTOP-G8F9RK0","msg":"Le queda (50) segundos para que la sesion se expire"}
{"level":40,"time":1780764506934,"pid":9016,"hostname":"DESKTOP-G8F9RK0","msg":"Le queda (50) segundos para que la sesion se expire"}
{"level":40,"time":1780764507284,"pid":9016,"hostname":"DESKTOP-G8F9RK0","msg":"Le queda (49) segundos para que la sesion se expire"}
{"level":40,"time":1780764507328,"pid":9016,"hostname":"DESKTOP-G8F9RK0","msg":"Le queda (49) segundos para que la sesion se expire"}
{"level":40,"time":1780764507345,"pid":9016,"hostname":"DESKTOP-G8F9RK0","msg":"Le queda (49) segundos para que la sesion se expire"}
{"level":40,"time":1780764507522,"pid":9016,"hostname":"DESKTOP-G8F9RK0","msg":"Le queda (49) segundos para que la sesion se expire"}
{"level":40,"time":1780764508889,"pid":9016,"hostname":"DESKTOP-G8F9RK0","msg":"Le queda (48) segundos para que la sesion se expire"}
{"level":40,"time":1780764590337,"pid":9016,"hostname":"DESKTOP-G8F9RK0","msg":"Le queda (107) segundos para que la sesion se expire"}
{"level":40,"time":1780764590739,"pid":9016,"hostname":"DESKTOP-G8F9RK0","msg":"Le queda (107) segundos para que la sesion se expire"}
{"level":40,"time":1780764594060,"pid":9016,"hostname":"DESKTOP-G8F9RK0","msg":"Le queda (103) segundos para que la sesion se expire"}
{"level":40,"time":1780764594260,"pid":9016,"hostname":"DESKTOP-G8F9RK0","msg":"Le queda (103) segundos para que la sesion se expire"}
{"level":40,"time":1780764597099,"pid":9016,"hostname":"DESKTOP-G8F9RK0","msg":"Le queda (100) segundos para que la sesion se expire"}
{"level":40,"time":1780764598367,"pid":9016,"hostname":"DESKTOP-G8F9RK0","msg":"Le queda (99) segundos para que la sesion se expire"}
{"level":40,"time":1780764598645,"pid":9016,"hostname":"DESKTOP-G8F9RK0","msg":"Le queda (99) segundos para que la sesion se expire"}
{"level":40,"time":1780764601749,"pid":9016,"hostname":"DESKTOP-G8F9RK0","msg":"Le queda (96) segundos para que la sesion se expire"}
{"level":40,"time":1780764601812,"pid":9016,"hostname":"DESKTOP-G8F9RK0","msg":"Le queda (96) segundos para que la sesion se expire"}
{"level":40,"time":1780764725382,"pid":9016,"hostname":"DESKTOP-G8F9RK0","msg":"Le queda (117) segundos para que la sesion se expire"}
{"level":40,"time":1780764725701,"pid":9016,"hostname":"DESKTOP-G8F9RK0","msg":"Le queda (117) segundos para que la sesion se expire"}
{"level":40,"time":1780764727293,"pid":9016,"hostname":"DESKTOP-G8F9RK0","msg":"Le queda (115) segundos para que la sesion se expire"}
{"level":40,"time":1780764727482,"pid":9016,"hostname":"DESKTOP-G8F9RK0","msg":"Le queda (115) segundos para que la sesion se expire"}
{"level":40,"time":1780764734024,"pid":9016,"hostname":"DESKTOP-G8F9RK0","msg":"Le queda (108) segundos para que la sesion se expire"}
{"level":40,"time":1780764734476,"pid":9016,"hostname":"DESKTOP-G8F9RK0","msg":"Le queda (108) segundos para que la sesion se expire"}
{"level":40,"time":1780764736024,"pid":9016,"hostname":"DESKTOP-G8F9RK0","msg":"Le queda (106) segundos para que la sesion se expire"}
{"level":40,"time":1780764736225,"pid":9016,"hostname":"DESKTOP-G8F9RK0","msg":"Le queda (106) segundos para que la sesion se expire"}
{"level":40,"time":1780764843454,"pid":9016,"hostname":"DESKTOP-G8F9RK0","msg":"Le queda (117) segundos para que la sesion se expire"}
{"level":40,"time":1780764843655,"pid":9016,"hostname":"DESKTOP-G8F9RK0","msg":"Le queda (117) segundos para que la sesion se expire"}
{"level":40,"time":1780764845498,"pid":9016,"hostname":"DESKTOP-G8F9RK0","msg":"Le queda (115) segundos para que la sesion se expire"}
{"level":40,"time":1780764845689,"pid":9016,"hostname":"DESKTOP-G8F9RK0","msg":"Le queda (115) segundos para que la sesion se expire"}
{"level":40,"time":1780764934132,"pid":9016,"hostname":"DESKTOP-G8F9RK0","msg":"Le queda (26) segundos para que la sesion se expire"}
{"level":40,"time":1780764934310,"pid":9016,"hostname":"DESKTOP-G8F9RK0","msg":"Le queda (26) segundos para que la sesion se expire"}
{"level":40,"time":1780764967842,"pid":9016,"hostname":"DESKTOP-G8F9RK0","msg":"Le queda (118) segundos para que la sesion se expire"}
{"level":40,"time":1780764968037,"pid":9016,"hostname":"DESKTOP-G8F9RK0","msg":"Le queda (117) segundos para que la sesion se expire"}
{"level":40,"time":1780764969878,"pid":9016,"hostname":"DESKTOP-G8F9RK0","msg":"Le queda (116) segundos para que la sesion se expire"}
{"level":40,"time":1780764970286,"pid":9016,"hostname":"DESKTOP-G8F9RK0","msg":"Le queda (115) segundos para que la sesion se expire"}
{"level":40,"time":1780765045792,"pid":4760,"hostname":"DESKTOP-G8F9RK0","msg":"Le queda (40) segundos para que la sesion se expire"}
{"level":40,"time":1780765046383,"pid":4760,"hostname":"DESKTOP-G8F9RK0","msg":"Le queda (39) segundos para que la sesion se expire"}
{"level":40,"time":1780765048147,"pid":4760,"hostname":"DESKTOP-G8F9RK0","msg":"Le queda (37) segundos para que la sesion se expire"}
{"level":40,"time":1780765048348,"pid":4760,"hostname":"DESKTOP-G8F9RK0","msg":"Le queda (37) segundos para que la sesion se expire"}
{"level":40,"time":1780765049611,"pid":4760,"hostname":"DESKTOP-G8F9RK0","msg":"Le queda (36) segundos para que la sesion se expire"}
{"level":40,"time":1780765049785,"pid":4760,"hostname":"DESKTOP-G8F9RK0","msg":"Le queda (36) segundos para que la sesion se expire"}
{"level":40,"time":1780765058022,"pid":4760,"hostname":"DESKTOP-G8F9RK0","msg":"Le queda (27) segundos para que la sesion se expire"}
{"level":40,"time":1780765058250,"pid":4760,"hostname":"DESKTOP-G8F9RK0","msg":"Le queda (27) segundos para que la sesion se expire"}
{"level":40,"time":1780765059446,"pid":4760,"hostname":"DESKTOP-G8F9RK0","msg":"Le queda (26) segundos para que la sesion se expire"}
{"level":40,"time":1780765061289,"pid":4760,"hostname":"DESKTOP-G8F9RK0","msg":"Le queda (24) segundos para que la sesion se expire"}
{"level":40,"time":1780765072430,"pid":4760,"hostname":"DESKTOP-G8F9RK0","msg":"Le queda (13) segundos para que la sesion se expire"}
{"level":40,"time":1780765072437,"pid":4760,"hostname":"DESKTOP-G8F9RK0","msg":"Le queda (13) segundos para que la sesion se expire"}
{"level":40,"time":1780765074209,"pid":4760,"hostname":"DESKTOP-G8F9RK0","msg":"Le queda (11) segundos para que la sesion se expire"}
{"level":40,"time":1780765075130,"pid":4760,"hostname":"DESKTOP-G8F9RK0","msg":"Le queda (10) segundos para que la sesion se expire"}
{"level":40,"time":1780765076153,"pid":4760,"hostname":"DESKTOP-G8F9RK0","msg":"Le queda (9) segundos para que la sesion se expire"}
{"level":40,"time":1780765076173,"pid":4760,"hostname":"DESKTOP-G8F9RK0","msg":"Le queda (9) segundos para que la sesion se expire"}
{"level":40,"time":1780765351108,"pid":4760,"hostname":"DESKTOP-G8F9RK0","msg":"Le queda (117) segundos para que la sesion se expire"}
{"level":40,"time":1780765351297,"pid":4760,"hostname":"DESKTOP-G8F9RK0","msg":"Le queda (117) segundos para que la sesion se expire"}
{"level":40,"time":1780765352540,"pid":4760,"hostname":"DESKTOP-G8F9RK0","msg":"Le queda (116) segundos para que la sesion se expire"}
{"level":40,"time":1780765352728,"pid":4760,"hostname":"DESKTOP-G8F9RK0","msg":"Le queda (116) segundos para que la sesion se expire"}
{"level":40,"time":1780765660666,"pid":4760,"hostname":"DESKTOP-G8F9RK0","msg":"Le queda (118) segundos para que la sesion se expire"}
{"level":40,"time":1780765660864,"pid":4760,"hostname":"DESKTOP-G8F9RK0","msg":"Le queda (118) segundos para que la sesion se expire"}
{"level":40,"time":1780765703908,"pid":4760,"hostname":"DESKTOP-G8F9RK0","msg":"Le queda (75) segundos para que la sesion se expire"}
{"level":40,"time":1780765708005,"pid":4760,"hostname":"DESKTOP-G8F9RK0","msg":"Le queda (70) segundos para que la sesion se expire"}
{"level":40,"time":1780765708214,"pid":4760,"hostname":"DESKTOP-G8F9RK0","msg":"Le queda (70) segundos para que la sesion se expire"}
{"level":40,"time":1780765713583,"pid":4760,"hostname":"DESKTOP-G8F9RK0","msg":"Le queda (65) segundos para que la sesion se expire"}
{"level":40,"time":1780765713787,"pid":4760,"hostname":"DESKTOP-G8F9RK0","msg":"Le queda (65) segundos para que la sesion se expire"}
{"level":40,"time":1780765719392,"pid":4760,"hostname":"DESKTOP-G8F9RK0","msg":"Le queda (59) segundos para que la sesion se expire"}
{"level":40,"time":1780765719583,"pid":4760,"hostname":"DESKTOP-G8F9RK0","msg":"Le queda (59) segundos para que la sesion se expire"}
{"level":40,"time":1780765722154,"pid":4760,"hostname":"DESKTOP-G8F9RK0","msg":"Le queda (56) segundos para que la sesion se expire"}
{"level":40,"time":1780765722206,"pid":4760,"hostname":"DESKTOP-G8F9RK0","msg":"Le queda (56) segundos para que la sesion se expire"}
{"level":40,"time":1780765725325,"pid":4760,"hostname":"DESKTOP-G8F9RK0","msg":"Le queda (53) segundos para que la sesion se expire"}
{"level":40,"time":1780765727275,"pid":4760,"hostname":"DESKTOP-G8F9RK0","msg":"Le queda (51) segundos para que la sesion se expire"}
{"level":40,"time":1780765731199,"pid":4760,"hostname":"DESKTOP-G8F9RK0","msg":"Le queda (47) segundos para que la sesion se expire"}
{"level":40,"time":1780765731264,"pid":4760,"hostname":"DESKTOP-G8F9RK0","msg":"Le queda (47) segundos para que la sesion se expire"}
{"level":40,"time":1780765734188,"pid":4760,"hostname":"DESKTOP-G8F9RK0","msg":"Le queda (44) segundos para que la sesion se expire"}
{"level":40,"time":1780765734410,"pid":4760,"hostname":"DESKTOP-G8F9RK0","msg":"Le queda (44) segundos para que la sesion se expire"}
{"level":40,"time":1780765736314,"pid":4760,"hostname":"DESKTOP-G8F9RK0","msg":"Le queda (42) segundos para que la sesion se expire"}
{"level":40,"time":1780765739062,"pid":4760,"hostname":"DESKTOP-G8F9RK0","msg":"Le queda (39) segundos para que la sesion se expire"}
{"level":40,"time":1780765739111,"pid":4760,"hostname":"DESKTOP-G8F9RK0","msg":"Le queda (39) segundos para que la sesion se expire"}
{"level":40,"time":1780765742677,"pid":4760,"hostname":"DESKTOP-G8F9RK0","msg":"Le queda (36) segundos para que la sesion se expire"}
{"level":40,"time":1780765743878,"pid":4760,"hostname":"DESKTOP-G8F9RK0","msg":"Le queda (35) segundos para que la sesion se expire"}
{"level":40,"time":1780765744067,"pid":4760,"hostname":"DESKTOP-G8F9RK0","msg":"Le queda (34) segundos para que la sesion se expire"}
{"level":40,"time":1780765747116,"pid":4760,"hostname":"DESKTOP-G8F9RK0","msg":"Le queda (31) segundos para que la sesion se expire"}
{"level":40,"time":1780765747172,"pid":4760,"hostname":"DESKTOP-G8F9RK0","msg":"Le queda (31) segundos para que la sesion se expire"}
{"level":40,"time":1780765750251,"pid":4760,"hostname":"DESKTOP-G8F9RK0","msg":"Le queda (28) segundos para que la sesion se expire"}
{"level":40,"time":1780765751347,"pid":4760,"hostname":"DESKTOP-G8F9RK0","msg":"Le queda (27) segundos para que la sesion se expire"}
{"level":40,"time":1780765751565,"pid":4760,"hostname":"DESKTOP-G8F9RK0","msg":"Le queda (27) segundos para que la sesion se expire"}
{"level":40,"time":1780765786037,"pid":4760,"hostname":"DESKTOP-G8F9RK0","msg":"Le queda (117) segundos para que la sesion se expire"}
{"level":40,"time":1780765787373,"pid":4760,"hostname":"DESKTOP-G8F9RK0","msg":"Le queda (116) segundos para que la sesion se expire"}
{"level":40,"time":1780765822443,"pid":4760,"hostname":"DESKTOP-G8F9RK0","msg":"Le queda (81) segundos para que la sesion se expire"}
{"level":40,"time":1780765826871,"pid":4760,"hostname":"DESKTOP-G8F9RK0","msg":"Le queda (77) segundos para que la sesion se expire"}
{"level":40,"time":1780765827061,"pid":4760,"hostname":"DESKTOP-G8F9RK0","msg":"Le queda (76) segundos para que la sesion se expire"}
{"level":40,"time":1780765830865,"pid":4760,"hostname":"DESKTOP-G8F9RK0","msg":"Le queda (73) segundos para que la sesion se expire"}
{"level":40,"time":1780765831289,"pid":4760,"hostname":"DESKTOP-G8F9RK0","msg":"Le queda (72) segundos para que la sesion se expire"}
{"level":40,"time":1780765832198,"pid":4760,"hostname":"DESKTOP-G8F9RK0","msg":"Le queda (71) segundos para que la sesion se expire"}
{"level":40,"time":1780765832333,"pid":4760,"hostname":"DESKTOP-G8F9RK0","msg":"Le queda (71) segundos para que la sesion se expire"}
{"level":40,"time":1780765833732,"pid":4760,"hostname":"DESKTOP-G8F9RK0","msg":"Le queda (70) segundos para que la sesion se expire"}
{"level":40,"time":1780765833802,"pid":4760,"hostname":"DESKTOP-G8F9RK0","msg":"Le queda (70) segundos para que la sesion se expire"}
{"level":40,"time":1780765836035,"pid":4760,"hostname":"DESKTOP-G8F9RK0","msg":"Le queda (67) segundos para que la sesion se expire"}
{"level":40,"time":1780765836092,"pid":4760,"hostname":"DESKTOP-G8F9RK0","msg":"Le queda (67) segundos para que la sesion se expire"}
{"level":40,"time":1780765836181,"pid":4760,"hostname":"DESKTOP-G8F9RK0","msg":"Le queda (67) segundos para que la sesion se expire"}
{"level":40,"time":1780765836228,"pid":4760,"hostname":"DESKTOP-G8F9RK0","msg":"Le queda (67) segundos para que la sesion se expire"}
{"level":40,"time":1780765836239,"pid":4760,"hostname":"DESKTOP-G8F9RK0","msg":"Le queda (67) segundos para que la sesion se expire"}
{"level":40,"time":1780765836286,"pid":4760,"hostname":"DESKTOP-G8F9RK0","msg":"Le queda (67) segundos para que la sesion se expire"}
{"level":40,"time":1780765839420,"pid":4760,"hostname":"DESKTOP-G8F9RK0","msg":"Le queda (64) segundos para que la sesion se expire"}
{"level":40,"time":1780765839471,"pid":4760,"hostname":"DESKTOP-G8F9RK0","msg":"Le queda (64) segundos para que la sesion se expire"}
{"level":40,"time":1780765839596,"pid":4760,"hostname":"DESKTOP-G8F9RK0","msg":"Le queda (64) segundos para que la sesion se expire"}
{"level":40,"time":1780765839642,"pid":4760,"hostname":"DESKTOP-G8F9RK0","msg":"Le queda (64) segundos para que la sesion se expire"}
{"level":40,"time":1780765839793,"pid":4760,"hostname":"DESKTOP-G8F9RK0","msg":"Le queda (64) segundos para que la sesion se expire"}
{"level":40,"time":1780765839848,"pid":4760,"hostname":"DESKTOP-G8F9RK0","msg":"Le queda (64) segundos para que la sesion se expire"}
{"level":40,"time":1780765840003,"pid":4760,"hostname":"DESKTOP-G8F9RK0","msg":"Le queda (63) segundos para que la sesion se expire"}
{"level":40,"time":1780765840180,"pid":4760,"hostname":"DESKTOP-G8F9RK0","msg":"Le queda (63) segundos para que la sesion se expire"}
{"level":40,"time":1780765841365,"pid":4760,"hostname":"DESKTOP-G8F9RK0","msg":"Le queda (62) segundos para que la sesion se expire"}
{"level":40,"time":1780765841418,"pid":4760,"hostname":"DESKTOP-G8F9RK0","msg":"Le queda (62) segundos para que la sesion se expire"}
{"level":40,"time":1780765841617,"pid":4760,"hostname":"DESKTOP-G8F9RK0","msg":"Le queda (62) segundos para que la sesion se expire"}
{"level":40,"time":1780765841665,"pid":4760,"hostname":"DESKTOP-G8F9RK0","msg":"Le queda (62) segundos para que la sesion se expire"}
{"level":40,"time":1780765841885,"pid":4760,"hostname":"DESKTOP-G8F9RK0","msg":"Le queda (62) segundos para que la sesion se expire"}
{"level":40,"time":1780765841938,"pid":4760,"hostname":"DESKTOP-G8F9RK0","msg":"Le queda (62) segundos para que la sesion se expire"}
{"level":40,"time":1780765842735,"pid":4760,"hostname":"DESKTOP-G8F9RK0","msg":"Le queda (61) segundos para que la sesion se expire"}
{"level":40,"time":1780765842785,"pid":4760,"hostname":"DESKTOP-G8F9RK0","msg":"Le queda (61) segundos para que la sesion se expire"}
{"level":40,"time":1780765843035,"pid":4760,"hostname":"DESKTOP-G8F9RK0","msg":"Le queda (60) segundos para que la sesion se expire"}
{"level":40,"time":1780765843103,"pid":4760,"hostname":"DESKTOP-G8F9RK0","msg":"Le queda (60) segundos para que la sesion se expire"}
{"level":40,"time":1780765843942,"pid":4760,"hostname":"DESKTOP-G8F9RK0","msg":"Le queda (60) segundos para que la sesion se expire"}
{"level":40,"time":1780765844152,"pid":4760,"hostname":"DESKTOP-G8F9RK0","msg":"Le queda (59) segundos para que la sesion se expire"}
{"level":40,"time":1780765886852,"pid":4760,"hostname":"DESKTOP-G8F9RK0","msg":"Le queda (17) segundos para que la sesion se expire"}
{"level":40,"time":1780765891378,"pid":4760,"hostname":"DESKTOP-G8F9RK0","msg":"Le queda (12) segundos para que la sesion se expire"}
{"level":40,"time":1780765892312,"pid":4760,"hostname":"DESKTOP-G8F9RK0","msg":"Le queda (11) segundos para que la sesion se expire"}
{"level":40,"time":1780765894931,"pid":4760,"hostname":"DESKTOP-G8F9RK0","msg":"Le queda (9) segundos para que la sesion se expire"}
{"level":40,"time":1780765894982,"pid":4760,"hostname":"DESKTOP-G8F9RK0","msg":"Le queda (9) segundos para que la sesion se expire"}
{"level":40,"time":1780765895274,"pid":4760,"hostname":"DESKTOP-G8F9RK0","msg":"Le queda (8) segundos para que la sesion se expire"}
{"level":40,"time":1780765895333,"pid":4760,"hostname":"DESKTOP-G8F9RK0","msg":"Le queda (8) segundos para que la sesion se expire"}
{"level":40,"time":1780765895533,"pid":4760,"hostname":"DESKTOP-G8F9RK0","msg":"Le queda (8) segundos para que la sesion se expire"}
{"level":40,"time":1780765895579,"pid":4760,"hostname":"DESKTOP-G8F9RK0","msg":"Le queda (8) segundos para que la sesion se expire"}
{"level":40,"time":1780765895777,"pid":4760,"hostname":"DESKTOP-G8F9RK0","msg":"Le queda (8) segundos para que la sesion se expire"}
{"level":40,"time":1780765895831,"pid":4760,"hostname":"DESKTOP-G8F9RK0","msg":"Le queda (8) segundos para que la sesion se expire"}
{"level":40,"time":1780765897234,"pid":4760,"hostname":"DESKTOP-G8F9RK0","msg":"Le queda (6) segundos para que la sesion se expire"}
{"level":40,"time":1780765897284,"pid":4760,"hostname":"DESKTOP-G8F9RK0","msg":"Le queda (6) segundos para que la sesion se expire"}
{"level":40,"time":1780765898362,"pid":4760,"hostname":"DESKTOP-G8F9RK0","msg":"Le queda (5) segundos para que la sesion se expire"}
{"level":40,"time":1780765898413,"pid":4760,"hostname":"DESKTOP-G8F9RK0","msg":"Le queda (5) segundos para que la sesion se expire"}
{"level":40,"time":1780765899482,"pid":4760,"hostname":"DESKTOP-G8F9RK0","msg":"Le queda (4) segundos para que la sesion se expire"}
{"level":40,"time":1780765899586,"pid":4760,"hostname":"DESKTOP-G8F9RK0","msg":"Le queda (4) segundos para que la sesion se expire"}
{"level":40,"time":1780765901214,"pid":4760,"hostname":"DESKTOP-G8F9RK0","msg":"Le queda (2) segundos para que la sesion se expire"}
{"level":40,"time":1780765901405,"pid":4760,"hostname":"DESKTOP-G8F9RK0","msg":"Le queda (2) segundos para que la sesion se expire"}
{"level":40,"time":1780765997299,"pid":4760,"hostname":"DESKTOP-G8F9RK0","msg":"Le queda (111) segundos para que la sesion se expire"}
{"level":40,"time":1780765999229,"pid":4760,"hostname":"DESKTOP-G8F9RK0","msg":"Le queda (109) segundos para que la sesion se expire"}
{"level":40,"time":1780766036691,"pid":4760,"hostname":"DESKTOP-G8F9RK0","msg":"Le queda (72) segundos para que la sesion se expire"}
{"level":40,"time":1780766041353,"pid":4760,"hostname":"DESKTOP-G8F9RK0","msg":"Le queda (67) segundos para que la sesion se expire"}
{"level":40,"time":1780766041560,"pid":4760,"hostname":"DESKTOP-G8F9RK0","msg":"Le queda (67) segundos para que la sesion se expire"}
{"level":40,"time":1780766057765,"pid":4760,"hostname":"DESKTOP-G8F9RK0","msg":"Le queda (51) segundos para que la sesion se expire"}
{"level":40,"time":1780766057943,"pid":4760,"hostname":"DESKTOP-G8F9RK0","msg":"Le queda (51) segundos para que la sesion se expire"}
{"level":40,"time":1780766066742,"pid":4760,"hostname":"DESKTOP-G8F9RK0","msg":"Le queda (42) segundos para que la sesion se expire"}
{"level":40,"time":1780766066932,"pid":4760,"hostname":"DESKTOP-G8F9RK0","msg":"Le queda (42) segundos para que la sesion se expire"}
{"level":40,"time":1780766070848,"pid":4760,"hostname":"DESKTOP-G8F9RK0","msg":"Le queda (38) segundos para que la sesion se expire"}
{"level":40,"time":1780766070902,"pid":4760,"hostname":"DESKTOP-G8F9RK0","msg":"Le queda (38) segundos para que la sesion se expire"}
{"level":40,"time":1780766071176,"pid":4760,"hostname":"DESKTOP-G8F9RK0","msg":"Le queda (37) segundos para que la sesion se expire"}
{"level":40,"time":1780766071225,"pid":4760,"hostname":"DESKTOP-G8F9RK0","msg":"Le queda (37) segundos para que la sesion se expire"}
{"level":40,"time":1780766072652,"pid":4760,"hostname":"DESKTOP-G8F9RK0","msg":"Le queda (36) segundos para que la sesion se expire"}
{"level":40,"time":1780766072755,"pid":4760,"hostname":"DESKTOP-G8F9RK0","msg":"Le queda (36) segundos para que la sesion se expire"}
{"level":40,"time":1780766075139,"pid":4760,"hostname":"DESKTOP-G8F9RK0","msg":"Le queda (33) segundos para que la sesion se expire"}
{"level":40,"time":1780766075338,"pid":4760,"hostname":"DESKTOP-G8F9RK0","msg":"Le queda (33) segundos para que la sesion se expire"}
{"level":40,"time":1780766333551,"pid":4760,"hostname":"DESKTOP-G8F9RK0","msg":"Le queda (114) segundos para que la sesion se expire"}
{"level":40,"time":1780766333825,"pid":4760,"hostname":"DESKTOP-G8F9RK0","msg":"Le queda (114) segundos para que la sesion se expire"}
{"level":40,"time":1780766347124,"pid":4760,"hostname":"DESKTOP-G8F9RK0","msg":"Le queda (100) segundos para que la sesion se expire"}
{"level":40,"time":1780766348700,"pid":4760,"hostname":"DESKTOP-G8F9RK0","msg":"Le queda (99) segundos para que la sesion se expire"}
{"level":40,"time":1780766349732,"pid":4760,"hostname":"DESKTOP-G8F9RK0","msg":"Le queda (98) segundos para que la sesion se expire"}
{"level":40,"time":1780766350683,"pid":4760,"hostname":"DESKTOP-G8F9RK0","msg":"Le queda (97) segundos para que la sesion se expire"}
{"level":40,"time":1780766351467,"pid":4760,"hostname":"DESKTOP-G8F9RK0","msg":"Le queda (96) segundos para que la sesion se expire"}
{"level":40,"time":1780766352322,"pid":4760,"hostname":"DESKTOP-G8F9RK0","msg":"Le queda (95) segundos para que la sesion se expire"}
{"level":40,"time":1780766389782,"pid":4760,"hostname":"DESKTOP-G8F9RK0","msg":"Le queda (58) segundos para que la sesion se expire"}
{"level":40,"time":1780766391356,"pid":4760,"hostname":"DESKTOP-G8F9RK0","msg":"Le queda (56) segundos para que la sesion se expire"}
{"level":40,"time":1780766391722,"pid":4760,"hostname":"DESKTOP-G8F9RK0","msg":"Le queda (56) segundos para que la sesion se expire"}
{"level":40,"time":1780766393922,"pid":4760,"hostname":"DESKTOP-G8F9RK0","msg":"Le queda (54) segundos para que la sesion se expire"}
{"level":40,"time":1780766394122,"pid":4760,"hostname":"DESKTOP-G8F9RK0","msg":"Le queda (53) segundos para que la sesion se expire"}
{"level":40,"time":1780766719629,"pid":4760,"hostname":"DESKTOP-G8F9RK0","msg":"Le queda (118) segundos para que la sesion se expire"}
{"level":40,"time":1780766720235,"pid":4760,"hostname":"DESKTOP-G8F9RK0","msg":"Le queda (117) segundos para que la sesion se expire"}
{"level":40,"time":1780766723004,"pid":4760,"hostname":"DESKTOP-G8F9RK0","msg":"Le queda (114) segundos para que la sesion se expire"}
{"level":40,"time":1780766725280,"pid":4760,"hostname":"DESKTOP-G8F9RK0","msg":"Le queda (112) segundos para que la sesion se expire"}
{"level":40,"time":1780766725475,"pid":4760,"hostname":"DESKTOP-G8F9RK0","msg":"Le queda (112) segundos para que la sesion se expire"}
{"level":40,"time":1780766727695,"pid":4760,"hostname":"DESKTOP-G8F9RK0","msg":"Le queda (110) segundos para que la sesion se expire"}
{"level":40,"time":1780766728425,"pid":4760,"hostname":"DESKTOP-G8F9RK0","msg":"Le queda (109) segundos para que la sesion se expire"}
{"level":40,"time":1780766759811,"pid":4760,"hostname":"DESKTOP-G8F9RK0","msg":"Le queda (78) segundos para que la sesion se expire"}
{"level":40,"time":1780766761094,"pid":4760,"hostname":"DESKTOP-G8F9RK0","msg":"Le queda (76) segundos para que la sesion se expire"}
{"level":40,"time":1780766761361,"pid":4760,"hostname":"DESKTOP-G8F9RK0","msg":"Le queda (76) segundos para que la sesion se expire"}
{"level":40,"time":1780766763536,"pid":4760,"hostname":"DESKTOP-G8F9RK0","msg":"Le queda (74) segundos para que la sesion se expire"}
{"level":40,"time":1780766763741,"pid":4760,"hostname":"DESKTOP-G8F9RK0","msg":"Le queda (74) segundos para que la sesion se expire"}
{"level":40,"time":1780766941603,"pid":4760,"hostname":"DESKTOP-G8F9RK0","msg":"Le queda (116) segundos para que la sesion se expire"}
{"level":40,"time":1780766942041,"pid":4760,"hostname":"DESKTOP-G8F9RK0","msg":"Le queda (115) segundos para que la sesion se expire"}
{"level":40,"time":1780766943964,"pid":4760,"hostname":"DESKTOP-G8F9RK0","msg":"Le queda (114) segundos para que la sesion se expire"}
{"level":40,"time":1780766945507,"pid":4760,"hostname":"DESKTOP-G8F9RK0","msg":"Le queda (112) segundos para que la sesion se expire"}
{"level":40,"time":1780766945710,"pid":4760,"hostname":"DESKTOP-G8F9RK0","msg":"Le queda (112) segundos para que la sesion se expire"}
{"level":40,"time":1780766947549,"pid":4760,"hostname":"DESKTOP-G8F9RK0","msg":"Le queda (110) segundos para que la sesion se expire"}
{"level":40,"time":1780766947984,"pid":4760,"hostname":"DESKTOP-G8F9RK0","msg":"Le queda (110) segundos para que la sesion se expire"}
{"level":40,"time":1780766980835,"pid":4760,"hostname":"DESKTOP-G8F9RK0","msg":"Le queda (77) segundos para que la sesion se expire"}
{"level":40,"time":1780766982190,"pid":4760,"hostname":"DESKTOP-G8F9RK0","msg":"Le queda (75) segundos para que la sesion se expire"}
{"level":40,"time":1780766982757,"pid":4760,"hostname":"DESKTOP-G8F9RK0","msg":"Le queda (75) segundos para que la sesion se expire"}
{"level":40,"time":1780766984874,"pid":4760,"hostname":"DESKTOP-G8F9RK0","msg":"Le queda (73) segundos para que la sesion se expire"}
{"level":40,"time":1780766985078,"pid":4760,"hostname":"DESKTOP-G8F9RK0","msg":"Le queda (72) segundos para que la sesion se expire"}
{"level":40,"time":1780767081433,"pid":4760,"hostname":"DESKTOP-G8F9RK0","msg":"Le queda (117) segundos para que la sesion se expire"}
{"level":40,"time":1780767081903,"pid":4760,"hostname":"DESKTOP-G8F9RK0","msg":"Le queda (117) segundos para que la sesion se expire"}
{"level":40,"time":1780767083923,"pid":4760,"hostname":"DESKTOP-G8F9RK0","msg":"Le queda (115) segundos para que la sesion se expire"}
{"level":40,"time":1780767115502,"pid":4760,"hostname":"DESKTOP-G8F9RK0","msg":"Le queda (83) segundos para que la sesion se expire"}
{"level":40,"time":1780767116758,"pid":4760,"hostname":"DESKTOP-G8F9RK0","msg":"Le queda (82) segundos para que la sesion se expire"}
{"level":40,"time":1780767116984,"pid":4760,"hostname":"DESKTOP-G8F9RK0","msg":"Le queda (82) segundos para que la sesion se expire"}
{"level":40,"time":1780767119564,"pid":4760,"hostname":"DESKTOP-G8F9RK0","msg":"Le queda (79) segundos para que la sesion se expire"}
{"level":40,"time":1780767119840,"pid":4760,"hostname":"DESKTOP-G8F9RK0","msg":"Le queda (79) segundos para que la sesion se expire"}
{"level":40,"time":1780767270275,"pid":4760,"hostname":"DESKTOP-G8F9RK0","msg":"Le queda (118) segundos para que la sesion se expire"}
{"level":40,"time":1780767270902,"pid":4760,"hostname":"DESKTOP-G8F9RK0","msg":"Le queda (118) segundos para que la sesion se expire"}
{"level":40,"time":1780767273146,"pid":4760,"hostname":"DESKTOP-G8F9RK0","msg":"Le queda (115) segundos para que la sesion se expire"}
{"level":40,"time":1780767273347,"pid":4760,"hostname":"DESKTOP-G8F9RK0","msg":"Le queda (115) segundos para que la sesion se expire"}
{"level":40,"time":1780767293728,"pid":4760,"hostname":"DESKTOP-G8F9RK0","msg":"Le queda (95) segundos para que la sesion se expire"}
{"level":40,"time":1780767293943,"pid":4760,"hostname":"DESKTOP-G8F9RK0","msg":"Le queda (95) segundos para que la sesion se expire"}
{"level":40,"time":1780767295647,"pid":4760,"hostname":"DESKTOP-G8F9RK0","msg":"Le queda (93) segundos para que la sesion se expire"}
{"level":40,"time":1780767296201,"pid":4760,"hostname":"DESKTOP-G8F9RK0","msg":"Le queda (92) segundos para que la sesion se expire"}
{"level":40,"time":1780767298757,"pid":4760,"hostname":"DESKTOP-G8F9RK0","msg":"Le queda (90) segundos para que la sesion se expire"}
{"level":40,"time":1780767298814,"pid":4760,"hostname":"DESKTOP-G8F9RK0","msg":"Le queda (90) segundos para que la sesion se expire"}
{"level":40,"time":1780767465920,"pid":4760,"hostname":"DESKTOP-G8F9RK0","msg":"Le queda (115) segundos para que la sesion se expire"}
{"level":40,"time":1780767466369,"pid":4760,"hostname":"DESKTOP-G8F9RK0","msg":"Le queda (114) segundos para que la sesion se expire"}
{"level":40,"time":1780767468528,"pid":4760,"hostname":"DESKTOP-G8F9RK0","msg":"Le queda (112) segundos para que la sesion se expire"}
{"level":40,"time":1780767468801,"pid":4760,"hostname":"DESKTOP-G8F9RK0","msg":"Le queda (112) segundos para que la sesion se expire"}
{"level":40,"time":1780767474155,"pid":4760,"hostname":"DESKTOP-G8F9RK0","msg":"Le queda (106) segundos para que la sesion se expire"}
{"level":40,"time":1780767474712,"pid":4760,"hostname":"DESKTOP-G8F9RK0","msg":"Le queda (106) segundos para que la sesion se expire"}
{"level":40,"time":1780767477292,"pid":4760,"hostname":"DESKTOP-G8F9RK0","msg":"Le queda (103) segundos para que la sesion se expire"}
{"level":40,"time":1780767477347,"pid":4760,"hostname":"DESKTOP-G8F9RK0","msg":"Le queda (103) segundos para que la sesion se expire"}
{"level":40,"time":1780767516653,"pid":4760,"hostname":"DESKTOP-G8F9RK0","msg":"Le queda (64) segundos para que la sesion se expire"}
{"level":40,"time":1780767517214,"pid":4760,"hostname":"DESKTOP-G8F9RK0","msg":"Le queda (63) segundos para que la sesion se expire"}
{"level":40,"time":1780767521293,"pid":4760,"hostname":"DESKTOP-G8F9RK0","msg":"Le queda (59) segundos para que la sesion se expire"}
{"level":40,"time":1780767521497,"pid":4760,"hostname":"DESKTOP-G8F9RK0","msg":"Le queda (59) segundos para que la sesion se expire"}
{"level":40,"time":1780767551204,"pid":4760,"hostname":"DESKTOP-G8F9RK0","msg":"Le queda (29) segundos para que la sesion se expire"}
{"level":40,"time":1780767551610,"pid":4760,"hostname":"DESKTOP-G8F9RK0","msg":"Le queda (29) segundos para que la sesion se expire"}
{"level":40,"time":1780767553764,"pid":4760,"hostname":"DESKTOP-G8F9RK0","msg":"Le queda (27) segundos para que la sesion se expire"}
{"level":40,"time":1780767854018,"pid":1288,"hostname":"DESKTOP-G8F9RK0","msg":"Le queda (113) segundos para que la sesion se expire"}
{"level":40,"time":1780767854987,"pid":1288,"hostname":"DESKTOP-G8F9RK0","msg":"Le queda (113) segundos para que la sesion se expire"}
{"level":40,"time":1780767891843,"pid":1288,"hostname":"DESKTOP-G8F9RK0","msg":"Le queda (76) segundos para que la sesion se expire"}
{"level":40,"time":1780767893206,"pid":1288,"hostname":"DESKTOP-G8F9RK0","msg":"Le queda (74) segundos para que la sesion se expire"}
{"level":40,"time":1780767893421,"pid":1288,"hostname":"DESKTOP-G8F9RK0","msg":"Le queda (74) segundos para que la sesion se expire"}
{"level":40,"time":1780767896242,"pid":1288,"hostname":"DESKTOP-G8F9RK0","msg":"Le queda (71) segundos para que la sesion se expire"}
{"level":40,"time":1780767896443,"pid":1288,"hostname":"DESKTOP-G8F9RK0","msg":"Le queda (71) segundos para que la sesion se expire"}
{"level":40,"time":1780767947904,"pid":1288,"hostname":"DESKTOP-G8F9RK0","msg":"Le queda (20) segundos para que la sesion se expire"}
{"level":40,"time":1780767949958,"pid":1288,"hostname":"DESKTOP-G8F9RK0","msg":"Le queda (18) segundos para que la sesion se expire"}
{"level":40,"time":1780767952184,"pid":1288,"hostname":"DESKTOP-G8F9RK0","msg":"Le queda (15) segundos para que la sesion se expire"}
{"level":40,"time":1780767952366,"pid":1288,"hostname":"DESKTOP-G8F9RK0","msg":"Le queda (15) segundos para que la sesion se expire"}
{"level":40,"time":1780767961978,"pid":1288,"hostname":"DESKTOP-G8F9RK0","msg":"Le queda (6) segundos para que la sesion se expire"}
{"level":40,"time":1780767963162,"pid":1288,"hostname":"DESKTOP-G8F9RK0","msg":"Le queda (4) segundos para que la sesion se expire"}
{"level":40,"time":1780767964901,"pid":1288,"hostname":"DESKTOP-G8F9RK0","msg":"Le queda (3) segundos para que la sesion se expire"}
{"level":40,"time":1780767967856,"pid":1288,"hostname":"DESKTOP-G8F9RK0","msg":"Le queda (0) segundos para que la sesion se expire"}
{"level":40,"time":1780767968052,"pid":1288,"hostname":"DESKTOP-G8F9RK0","name":"TokenExpiredError","message":"jwt expired","expiredAt":"2026-06-06T17:46:08.000Z","stack":"TokenExpiredError: jwt expired\n    at C:\\proyecto_escuelas\\backend\\node_modules\\jsonwebtoken\\verify.js:190:21\n    at getSecret (C:\\proyecto_escuelas\\backend\\node_modules\\jsonwebtoken\\verify.js:97:14)\n    at module.exports [as verify] (C:\\proyecto_escuelas\\backend\\node_modules\\jsonwebtoken\\verify.js:101:10)\n    at validateUser (file:///C:/proyecto_escuelas/backend/src/negocio/utils/jwt.js:8:33)\n    at autenticacion (file:///C:/proyecto_escuelas/backend/src/negocio/middlewares/autenticacion.js:19:25)\n    at Layer.handle [as handle_request] (C:\\proyecto_escuelas\\backend\\node_modules\\express\\lib\\router\\layer.js:95:5)\n    at next (C:\\proyecto_escuelas\\backend\\node_modules\\express\\lib\\router\\route.js:144:13)\n    at Route.dispatch (C:\\proyecto_escuelas\\backend\\node_modules\\express\\lib\\router\\route.js:114:3)\n    at Layer.handle [as handle_request] (C:\\proyecto_escuelas\\backend\\node_modules\\express\\lib\\router\\layer.js:95:5)\n    at C:\\proyecto_escuelas\\backend\\node_modules\\express\\lib\\router\\index.js:284:15","type":"Error","msg":"jwt expired"}
{"level":40,"time":1780767980991,"pid":1288,"hostname":"DESKTOP-G8F9RK0","msg":"Le queda (118) segundos para que la sesion se expire"}
{"level":40,"time":1780767981755,"pid":1288,"hostname":"DESKTOP-G8F9RK0","msg":"Le queda (117) segundos para que la sesion se expire"}
{"level":40,"time":1780767984607,"pid":1288,"hostname":"DESKTOP-G8F9RK0","msg":"Le queda (114) segundos para que la sesion se expire"}
{"level":40,"time":1780767984823,"pid":1288,"hostname":"DESKTOP-G8F9RK0","msg":"Le queda (114) segundos para que la sesion se expire"}
{"level":40,"time":1780767991290,"pid":1288,"hostname":"DESKTOP-G8F9RK0","msg":"Le queda (107) segundos para que la sesion se expire"}
{"level":40,"time":1780767992512,"pid":1288,"hostname":"DESKTOP-G8F9RK0","msg":"Le queda (106) segundos para que la sesion se expire"}
{"level":40,"time":1780767992730,"pid":1288,"hostname":"DESKTOP-G8F9RK0","msg":"Le queda (106) segundos para que la sesion se expire"}
{"level":40,"time":1780767995416,"pid":1288,"hostname":"DESKTOP-G8F9RK0","msg":"Le queda (103) segundos para que la sesion se expire"}
{"level":40,"time":1780767996810,"pid":1288,"hostname":"DESKTOP-G8F9RK0","msg":"Le queda (102) segundos para que la sesion se expire"}
{"level":40,"time":1780768137461,"pid":9068,"hostname":"DESKTOP-G8F9RK0","name":"TokenExpiredError","message":"jwt expired","expiredAt":"2026-06-06T17:46:08.000Z","stack":"TokenExpiredError: jwt expired\n    at C:\\proyecto_escuelas\\backend\\node_modules\\jsonwebtoken\\verify.js:190:21\n    at getSecret (C:\\proyecto_escuelas\\backend\\node_modules\\jsonwebtoken\\verify.js:97:14)\n    at module.exports [as verify] (C:\\proyecto_escuelas\\backend\\node_modules\\jsonwebtoken\\verify.js:101:10)\n    at validateUser (file:///C:/proyecto_escuelas/backend/src/negocio/utils/jwt.js:8:33)\n    at autenticacion (file:///C:/proyecto_escuelas/backend/src/negocio/middlewares/autenticacion.js:19:25)\n    at Layer.handle [as handle_request] (C:\\proyecto_escuelas\\backend\\node_modules\\express\\lib\\router\\layer.js:95:5)\n    at next (C:\\proyecto_escuelas\\backend\\node_modules\\express\\lib\\router\\route.js:144:13)\n    at Route.dispatch (C:\\proyecto_escuelas\\backend\\node_modules\\express\\lib\\router\\route.js:114:3)\n    at Layer.handle [as handle_request] (C:\\proyecto_escuelas\\backend\\node_modules\\express\\lib\\router\\layer.js:95:5)\n    at C:\\proyecto_escuelas\\backend\\node_modules\\express\\lib\\router\\index.js:284:15","type":"Error","msg":"jwt expired"}
{"level":40,"time":1780768259875,"pid":6032,"hostname":"DESKTOP-G8F9RK0","msg":"Le queda (118) segundos para que la sesion se expire"}
{"level":40,"time":1780768260084,"pid":6032,"hostname":"DESKTOP-G8F9RK0","msg":"Le queda (117) segundos para que la sesion se expire"}
{"level":40,"time":1780768262693,"pid":6032,"hostname":"DESKTOP-G8F9RK0","msg":"Le queda (115) segundos para que la sesion se expire"}
{"level":40,"time":1780768262875,"pid":6032,"hostname":"DESKTOP-G8F9RK0","msg":"Le queda (115) segundos para que la sesion se expire"}
{"level":40,"time":1780768266456,"pid":6032,"hostname":"DESKTOP-G8F9RK0","msg":"Le queda (111) segundos para que la sesion se expire"}
{"level":40,"time":1780768266790,"pid":6032,"hostname":"DESKTOP-G8F9RK0","msg":"Le queda (111) segundos para que la sesion se expire"}
{"level":40,"time":1780768270359,"pid":6032,"hostname":"DESKTOP-G8F9RK0","msg":"Le queda (107) segundos para que la sesion se expire"}
{"level":40,"time":1780768270413,"pid":6032,"hostname":"DESKTOP-G8F9RK0","msg":"Le queda (107) segundos para que la sesion se expire"}
{"level":40,"time":1780768274405,"pid":6032,"hostname":"DESKTOP-G8F9RK0","msg":"Le queda (103) segundos para que la sesion se expire"}
{"level":40,"time":1780768275788,"pid":6032,"hostname":"DESKTOP-G8F9RK0","msg":"Le queda (102) segundos para que la sesion se expire"}
{"level":40,"time":1780768275990,"pid":6032,"hostname":"DESKTOP-G8F9RK0","msg":"Le queda (102) segundos para que la sesion se expire"}
{"level":40,"time":1780768278871,"pid":6032,"hostname":"DESKTOP-G8F9RK0","msg":"Le queda (99) segundos para que la sesion se expire"}
{"level":40,"time":1780768278924,"pid":6032,"hostname":"DESKTOP-G8F9RK0","msg":"Le queda (99) segundos para que la sesion se expire"}
{"level":40,"time":1780768284670,"pid":6032,"hostname":"DESKTOP-G8F9RK0","msg":"Le queda (93) segundos para que la sesion se expire"}
{"level":40,"time":1780768284867,"pid":6032,"hostname":"DESKTOP-G8F9RK0","msg":"Le queda (93) segundos para que la sesion se expire"}
{"level":40,"time":1780768318859,"pid":6032,"hostname":"DESKTOP-G8F9RK0","msg":"Le queda (59) segundos para que la sesion se expire"}
{"level":40,"time":1780768320246,"pid":6032,"hostname":"DESKTOP-G8F9RK0","msg":"Le queda (57) segundos para que la sesion se expire"}
{"level":40,"time":1780768320443,"pid":6032,"hostname":"DESKTOP-G8F9RK0","msg":"Le queda (57) segundos para que la sesion se expire"}
{"level":40,"time":1780768322782,"pid":6032,"hostname":"DESKTOP-G8F9RK0","msg":"Le queda (55) segundos para que la sesion se expire"}
{"level":40,"time":1780768322962,"pid":6032,"hostname":"DESKTOP-G8F9RK0","msg":"Le queda (55) segundos para que la sesion se expire"}
{"level":40,"time":1780768483472,"pid":5448,"hostname":"DESKTOP-G8F9RK0","msg":"Le queda (118) segundos para que la sesion se expire"}
{"level":40,"time":1780768483682,"pid":5448,"hostname":"DESKTOP-G8F9RK0","msg":"Le queda (118) segundos para que la sesion se expire"}
{"level":40,"time":1780768486181,"pid":5448,"hostname":"DESKTOP-G8F9RK0","msg":"Le queda (115) segundos para que la sesion se expire"}
{"level":40,"time":1780768486364,"pid":5448,"hostname":"DESKTOP-G8F9RK0","msg":"Le queda (115) segundos para que la sesion se expire"}
{"level":40,"time":1780768488106,"pid":5448,"hostname":"DESKTOP-G8F9RK0","msg":"Le queda (113) segundos para que la sesion se expire"}
{"level":40,"time":1780768488312,"pid":5448,"hostname":"DESKTOP-G8F9RK0","msg":"Le queda (113) segundos para que la sesion se expire"}
{"level":40,"time":1780768491750,"pid":5448,"hostname":"DESKTOP-G8F9RK0","msg":"Le queda (110) segundos para que la sesion se expire"}
{"level":40,"time":1780768491810,"pid":5448,"hostname":"DESKTOP-G8F9RK0","msg":"Le queda (110) segundos para que la sesion se expire"}
{"level":40,"time":1780768495835,"pid":5448,"hostname":"DESKTOP-G8F9RK0","msg":"Le queda (106) segundos para que la sesion se expire"}
{"level":40,"time":1780768497337,"pid":5448,"hostname":"DESKTOP-G8F9RK0","msg":"Le queda (104) segundos para que la sesion se expire"}
{"level":40,"time":1780768497557,"pid":5448,"hostname":"DESKTOP-G8F9RK0","msg":"Le queda (104) segundos para que la sesion se expire"}
{"level":40,"time":1780768500703,"pid":5448,"hostname":"DESKTOP-G8F9RK0","msg":"Le queda (101) segundos para que la sesion se expire"}
{"level":40,"time":1780768500753,"pid":5448,"hostname":"DESKTOP-G8F9RK0","msg":"Le queda (101) segundos para que la sesion se expire"}
{"level":40,"time":1780768731869,"pid":5448,"hostname":"DESKTOP-G8F9RK0","msg":"Le queda (118) segundos para que la sesion se expire"}
{"level":40,"time":1780768732067,"pid":5448,"hostname":"DESKTOP-G8F9RK0","msg":"Le queda (117) segundos para que la sesion se expire"}
{"level":40,"time":1780768735760,"pid":5448,"hostname":"DESKTOP-G8F9RK0","msg":"Le queda (114) segundos para que la sesion se expire"}
{"level":40,"time":1780768735954,"pid":5448,"hostname":"DESKTOP-G8F9RK0","msg":"Le queda (114) segundos para que la sesion se expire"}
{"level":40,"time":1780768785986,"pid":1908,"hostname":"DESKTOP-G8F9RK0","msg":"Le queda (64) segundos para que la sesion se expire"}
{"level":40,"time":1780768786195,"pid":1908,"hostname":"DESKTOP-G8F9RK0","msg":"Le queda (63) segundos para que la sesion se expire"}
{"level":40,"time":1780768786199,"pid":1908,"hostname":"DESKTOP-G8F9RK0","msg":"Le queda (63) segundos para que la sesion se expire"}
{"level":40,"time":1780768786394,"pid":1908,"hostname":"DESKTOP-G8F9RK0","msg":"Le queda (63) segundos para que la sesion se expire"}
{"level":40,"time":1780768789056,"pid":1908,"hostname":"DESKTOP-G8F9RK0","msg":"Le queda (60) segundos para que la sesion se expire"}
{"level":40,"time":1780768789107,"pid":1908,"hostname":"DESKTOP-G8F9RK0","msg":"Le queda (60) segundos para que la sesion se expire"}
{"level":40,"time":1780768791765,"pid":1908,"hostname":"DESKTOP-G8F9RK0","msg":"Le queda (58) segundos para que la sesion se expire"}
{"level":40,"time":1780768791982,"pid":1908,"hostname":"DESKTOP-G8F9RK0","msg":"Le queda (58) segundos para que la sesion se expire"}
{"level":40,"time":1780768794199,"pid":1908,"hostname":"DESKTOP-G8F9RK0","msg":"Le queda (55) segundos para que la sesion se expire"}
{"level":40,"time":1780768794253,"pid":1908,"hostname":"DESKTOP-G8F9RK0","msg":"Le queda (55) segundos para que la sesion se expire"}
{"level":40,"time":1780768798082,"pid":1908,"hostname":"DESKTOP-G8F9RK0","msg":"Le queda (51) segundos para que la sesion se expire"}
{"level":40,"time":1780768798273,"pid":1908,"hostname":"DESKTOP-G8F9RK0","msg":"Le queda (51) segundos para que la sesion se expire"}
{"level":40,"time":1780768801060,"pid":1908,"hostname":"DESKTOP-G8F9RK0","msg":"Le queda (48) segundos para que la sesion se expire"}
{"level":40,"time":1780768801120,"pid":1908,"hostname":"DESKTOP-G8F9RK0","msg":"Le queda (48) segundos para que la sesion se expire"}
{"level":40,"time":1780768835977,"pid":1908,"hostname":"DESKTOP-G8F9RK0","msg":"Le queda (14) segundos para que la sesion se expire"}
{"level":40,"time":1780768836313,"pid":1908,"hostname":"DESKTOP-G8F9RK0","msg":"Le queda (13) segundos para que la sesion se expire"}
{"level":40,"time":1780768857407,"pid":1908,"hostname":"DESKTOP-G8F9RK0","msg":"Le queda (117) segundos para que la sesion se expire"}
{"level":40,"time":1780768857947,"pid":1908,"hostname":"DESKTOP-G8F9RK0","msg":"Le queda (117) segundos para que la sesion se expire"}
{"level":40,"time":1780768859999,"pid":1908,"hostname":"DESKTOP-G8F9RK0","msg":"Le queda (115) segundos para que la sesion se expire"}
{"level":40,"time":1780768861570,"pid":1908,"hostname":"DESKTOP-G8F9RK0","msg":"Le queda (113) segundos para que la sesion se expire"}
{"level":40,"time":1780768890700,"pid":1908,"hostname":"DESKTOP-G8F9RK0","msg":"Le queda (84) segundos para que la sesion se expire"}
{"level":40,"time":1780768894691,"pid":1908,"hostname":"DESKTOP-G8F9RK0","msg":"Le queda (80) segundos para que la sesion se expire"}
{"level":40,"time":1780768894885,"pid":1908,"hostname":"DESKTOP-G8F9RK0","msg":"Le queda (80) segundos para que la sesion se expire"}
{"level":40,"time":1780768897532,"pid":1908,"hostname":"DESKTOP-G8F9RK0","msg":"Le queda (77) segundos para que la sesion se expire"}
{"level":40,"time":1780768897710,"pid":1908,"hostname":"DESKTOP-G8F9RK0","msg":"Le queda (77) segundos para que la sesion se expire"}
{"level":40,"time":1780768902791,"pid":1908,"hostname":"DESKTOP-G8F9RK0","msg":"Le queda (72) segundos para que la sesion se expire"}
{"level":40,"time":1780768903217,"pid":1908,"hostname":"DESKTOP-G8F9RK0","msg":"Le queda (71) segundos para que la sesion se expire"}
{"level":40,"time":1780768905314,"pid":1908,"hostname":"DESKTOP-G8F9RK0","msg":"Le queda (69) segundos para que la sesion se expire"}
{"level":40,"time":1780768905365,"pid":1908,"hostname":"DESKTOP-G8F9RK0","msg":"Le queda (69) segundos para que la sesion se expire"}
{"level":40,"time":1780768906585,"pid":1908,"hostname":"DESKTOP-G8F9RK0","msg":"Le queda (68) segundos para que la sesion se expire"}
{"level":40,"time":1780768906779,"pid":1908,"hostname":"DESKTOP-G8F9RK0","msg":"Le queda (68) segundos para que la sesion se expire"}
{"level":40,"time":1780768908711,"pid":1908,"hostname":"DESKTOP-G8F9RK0","msg":"Le queda (66) segundos para que la sesion se expire"}
{"level":40,"time":1780768908784,"pid":1908,"hostname":"DESKTOP-G8F9RK0","msg":"Le queda (66) segundos para que la sesion se expire"}
{"level":40,"time":1780768908974,"pid":1908,"hostname":"DESKTOP-G8F9RK0","msg":"Le queda (66) segundos para que la sesion se expire"}
{"level":40,"time":1780768909021,"pid":1908,"hostname":"DESKTOP-G8F9RK0","msg":"Le queda (65) segundos para que la sesion se expire"}
{"level":40,"time":1780768909313,"pid":1908,"hostname":"DESKTOP-G8F9RK0","msg":"Le queda (65) segundos para que la sesion se expire"}
{"level":40,"time":1780768909368,"pid":1908,"hostname":"DESKTOP-G8F9RK0","msg":"Le queda (65) segundos para que la sesion se expire"}
{"level":40,"time":1780768967057,"pid":1908,"hostname":"DESKTOP-G8F9RK0","msg":"Le queda (7) segundos para que la sesion se expire"}
{"level":40,"time":1780768967241,"pid":1908,"hostname":"DESKTOP-G8F9RK0","msg":"Le queda (7) segundos para que la sesion se expire"}
{"level":40,"time":1780768967252,"pid":1908,"hostname":"DESKTOP-G8F9RK0","msg":"Le queda (7) segundos para que la sesion se expire"}
{"level":40,"time":1780768967444,"pid":1908,"hostname":"DESKTOP-G8F9RK0","msg":"Le queda (7) segundos para que la sesion se expire"}
{"level":40,"time":1780768967508,"pid":1908,"hostname":"DESKTOP-G8F9RK0","msg":"Le queda (7) segundos para que la sesion se expire"}
{"level":40,"time":1780768967548,"pid":1908,"hostname":"DESKTOP-G8F9RK0","msg":"Le queda (7) segundos para que la sesion se expire"}
{"level":40,"time":1780768967556,"pid":1908,"hostname":"DESKTOP-G8F9RK0","msg":"Le queda (7) segundos para que la sesion se expire"}
{"level":40,"time":1780768967596,"pid":1908,"hostname":"DESKTOP-G8F9RK0","msg":"Le queda (7) segundos para que la sesion se expire"}
{"level":40,"time":1780768968230,"pid":1908,"hostname":"DESKTOP-G8F9RK0","msg":"Le queda (6) segundos para que la sesion se expire"}
{"level":40,"time":1780768968285,"pid":1908,"hostname":"DESKTOP-G8F9RK0","msg":"Le queda (6) segundos para que la sesion se expire"}
{"level":40,"time":1780768968375,"pid":1908,"hostname":"DESKTOP-G8F9RK0","msg":"Le queda (6) segundos para que la sesion se expire"}
{"level":40,"time":1780768968434,"pid":1908,"hostname":"DESKTOP-G8F9RK0","msg":"Le queda (6) segundos para que la sesion se expire"}
{"level":40,"time":1780768968518,"pid":1908,"hostname":"DESKTOP-G8F9RK0","msg":"Le queda (6) segundos para que la sesion se expire"}
{"level":40,"time":1780768968583,"pid":1908,"hostname":"DESKTOP-G8F9RK0","msg":"Le queda (6) segundos para que la sesion se expire"}
{"level":40,"time":1780768969097,"pid":1908,"hostname":"DESKTOP-G8F9RK0","msg":"Le queda (5) segundos para que la sesion se expire"}
{"level":40,"time":1780768969291,"pid":1908,"hostname":"DESKTOP-G8F9RK0","msg":"Le queda (5) segundos para que la sesion se expire"}
{"level":40,"time":1780768969717,"pid":1908,"hostname":"DESKTOP-G8F9RK0","msg":"Le queda (5) segundos para que la sesion se expire"}
{"level":40,"time":1780768969767,"pid":1908,"hostname":"DESKTOP-G8F9RK0","msg":"Le queda (5) segundos para que la sesion se expire"}
{"level":40,"time":1780768969987,"pid":1908,"hostname":"DESKTOP-G8F9RK0","msg":"Le queda (5) segundos para que la sesion se expire"}
{"level":40,"time":1780768970034,"pid":1908,"hostname":"DESKTOP-G8F9RK0","msg":"Le queda (4) segundos para que la sesion se expire"}
{"level":40,"time":1780768996447,"pid":1908,"hostname":"DESKTOP-G8F9RK0","msg":"Le queda (118) segundos para que la sesion se expire"}
{"level":40,"time":1780768996638,"pid":1908,"hostname":"DESKTOP-G8F9RK0","msg":"Le queda (118) segundos para que la sesion se expire"}
{"level":40,"time":1780769001596,"pid":1908,"hostname":"DESKTOP-G8F9RK0","msg":"Le queda (113) segundos para que la sesion se expire"}
{"level":40,"time":1780769001649,"pid":1908,"hostname":"DESKTOP-G8F9RK0","msg":"Le queda (113) segundos para que la sesion se expire"}
{"level":40,"time":1780769002001,"pid":1908,"hostname":"DESKTOP-G8F9RK0","msg":"Le queda (112) segundos para que la sesion se expire"}
{"level":40,"time":1780769002048,"pid":1908,"hostname":"DESKTOP-G8F9RK0","msg":"Le queda (112) segundos para que la sesion se expire"}
{"level":40,"time":1780769002216,"pid":1908,"hostname":"DESKTOP-G8F9RK0","msg":"Le queda (112) segundos para que la sesion se expire"}
{"level":40,"time":1780769002267,"pid":1908,"hostname":"DESKTOP-G8F9RK0","msg":"Le queda (112) segundos para que la sesion se expire"}
{"level":40,"time":1780769002435,"pid":1908,"hostname":"DESKTOP-G8F9RK0","msg":"Le queda (112) segundos para que la sesion se expire"}
{"level":40,"time":1780769002484,"pid":1908,"hostname":"DESKTOP-G8F9RK0","msg":"Le queda (112) segundos para que la sesion se expire"}
{"level":40,"time":1780769002938,"pid":1908,"hostname":"DESKTOP-G8F9RK0","msg":"Le queda (112) segundos para que la sesion se expire"}
{"level":40,"time":1780769002993,"pid":1908,"hostname":"DESKTOP-G8F9RK0","msg":"Le queda (112) segundos para que la sesion se expire"}
{"level":40,"time":1780769004625,"pid":1908,"hostname":"DESKTOP-G8F9RK0","msg":"Le queda (110) segundos para que la sesion se expire"}
{"level":40,"time":1780769004768,"pid":1908,"hostname":"DESKTOP-G8F9RK0","msg":"Le queda (110) segundos para que la sesion se expire"}
{"level":40,"time":1780769009773,"pid":1908,"hostname":"DESKTOP-G8F9RK0","msg":"Le queda (105) segundos para que la sesion se expire"}
{"level":40,"time":1780769009951,"pid":1908,"hostname":"DESKTOP-G8F9RK0","msg":"Le queda (105) segundos para que la sesion se expire"}
{"level":40,"time":1780769019919,"pid":1908,"hostname":"DESKTOP-G8F9RK0","msg":"Le queda (95) segundos para que la sesion se expire"}
{"level":40,"time":1780769019936,"pid":1908,"hostname":"DESKTOP-G8F9RK0","msg":"Le queda (95) segundos para que la sesion se expire"}
{"level":40,"time":1780769020928,"pid":1908,"hostname":"DESKTOP-G8F9RK0","msg":"Le queda (94) segundos para que la sesion se expire"}
{"level":40,"time":1780769025510,"pid":1908,"hostname":"DESKTOP-G8F9RK0","msg":"Le queda (89) segundos para que la sesion se expire"}
{"level":40,"time":1780769025560,"pid":1908,"hostname":"DESKTOP-G8F9RK0","msg":"Le queda (89) segundos para que la sesion se expire"}
{"level":40,"time":1780769025916,"pid":1908,"hostname":"DESKTOP-G8F9RK0","msg":"Le queda (89) segundos para que la sesion se expire"}
{"level":40,"time":1780769026014,"pid":1908,"hostname":"DESKTOP-G8F9RK0","msg":"Le queda (89) segundos para que la sesion se expire"}
{"level":40,"time":1780769026277,"pid":1908,"hostname":"DESKTOP-G8F9RK0","msg":"Le queda (88) segundos para que la sesion se expire"}
{"level":40,"time":1780769026331,"pid":1908,"hostname":"DESKTOP-G8F9RK0","msg":"Le queda (88) segundos para que la sesion se expire"}
{"level":40,"time":1780769026503,"pid":1908,"hostname":"DESKTOP-G8F9RK0","msg":"Le queda (88) segundos para que la sesion se expire"}
{"level":40,"time":1780769026549,"pid":1908,"hostname":"DESKTOP-G8F9RK0","msg":"Le queda (88) segundos para que la sesion se expire"}
{"level":40,"time":1780769026717,"pid":1908,"hostname":"DESKTOP-G8F9RK0","msg":"Le queda (88) segundos para que la sesion se expire"}
{"level":40,"time":1780769026765,"pid":1908,"hostname":"DESKTOP-G8F9RK0","msg":"Le queda (88) segundos para que la sesion se expire"}
{"level":40,"time":1780769027031,"pid":1908,"hostname":"DESKTOP-G8F9RK0","msg":"Le queda (87) segundos para que la sesion se expire"}
{"level":40,"time":1780769027078,"pid":1908,"hostname":"DESKTOP-G8F9RK0","msg":"Le queda (87) segundos para que la sesion se expire"}
{"level":40,"time":1780769039128,"pid":1908,"hostname":"DESKTOP-G8F9RK0","msg":"Le queda (75) segundos para que la sesion se expire"}
{"level":40,"time":1780769039309,"pid":1908,"hostname":"DESKTOP-G8F9RK0","msg":"Le queda (75) segundos para que la sesion se expire"}
{"level":40,"time":1780769045250,"pid":1908,"hostname":"DESKTOP-G8F9RK0","msg":"Le queda (69) segundos para que la sesion se expire"}
{"level":40,"time":1780769045291,"pid":1908,"hostname":"DESKTOP-G8F9RK0","msg":"Le queda (69) segundos para que la sesion se expire"}
{"level":40,"time":1780769045486,"pid":1908,"hostname":"DESKTOP-G8F9RK0","msg":"Le queda (69) segundos para que la sesion se expire"}
{"level":40,"time":1780769050134,"pid":1908,"hostname":"DESKTOP-G8F9RK0","msg":"Le queda (64) segundos para que la sesion se expire"}
{"level":40,"time":1780769050476,"pid":1908,"hostname":"DESKTOP-G8F9RK0","msg":"Le queda (64) segundos para que la sesion se expire"}
{"level":40,"time":1780769050789,"pid":1908,"hostname":"DESKTOP-G8F9RK0","msg":"Le queda (64) segundos para que la sesion se expire"}
{"level":40,"time":1780769050813,"pid":1908,"hostname":"DESKTOP-G8F9RK0","msg":"Le queda (64) segundos para que la sesion se expire"}
{"level":40,"time":1780769050821,"pid":1908,"hostname":"DESKTOP-G8F9RK0","msg":"Le queda (64) segundos para que la sesion se expire"}
{"level":40,"time":1780769050963,"pid":1908,"hostname":"DESKTOP-G8F9RK0","msg":"Le queda (64) segundos para que la sesion se expire"}
{"level":40,"time":1780769051036,"pid":1908,"hostname":"DESKTOP-G8F9RK0","msg":"Le queda (63) segundos para que la sesion se expire"}
{"level":40,"time":1780769051086,"pid":1908,"hostname":"DESKTOP-G8F9RK0","msg":"Le queda (63) segundos para que la sesion se expire"}
{"level":40,"time":1780769051266,"pid":1908,"hostname":"DESKTOP-G8F9RK0","msg":"Le queda (63) segundos para que la sesion se expire"}
{"level":40,"time":1780769051315,"pid":1908,"hostname":"DESKTOP-G8F9RK0","msg":"Le queda (63) segundos para que la sesion se expire"}
{"level":40,"time":1780769051581,"pid":1908,"hostname":"DESKTOP-G8F9RK0","msg":"Le queda (63) segundos para que la sesion se expire"}
{"level":40,"time":1780769051643,"pid":1908,"hostname":"DESKTOP-G8F9RK0","msg":"Le queda (63) segundos para que la sesion se expire"}
{"level":40,"time":1780769054934,"pid":1908,"hostname":"DESKTOP-G8F9RK0","msg":"Le queda (60) segundos para que la sesion se expire"}
{"level":40,"time":1780769054984,"pid":1908,"hostname":"DESKTOP-G8F9RK0","msg":"Le queda (60) segundos para que la sesion se expire"}
{"level":40,"time":1780769250445,"pid":10560,"hostname":"DESKTOP-G8F9RK0","msg":"Le queda (115) segundos para que la sesion se expire"}
{"level":40,"time":1780769251773,"pid":10560,"hostname":"DESKTOP-G8F9RK0","msg":"Le queda (114) segundos para que la sesion se expire"}
{"level":40,"time":1780769254352,"pid":10560,"hostname":"DESKTOP-G8F9RK0","msg":"Le queda (111) segundos para que la sesion se expire"}
{"level":40,"time":1780769254534,"pid":10560,"hostname":"DESKTOP-G8F9RK0","msg":"Le queda (111) segundos para que la sesion se expire"}
{"level":40,"time":1780769474063,"pid":5644,"hostname":"DESKTOP-G8F9RK0","msg":"Le queda (117) segundos para que la sesion se expire"}
{"level":40,"time":1780769474375,"pid":5644,"hostname":"DESKTOP-G8F9RK0","msg":"Le queda (117) segundos para que la sesion se expire"}
{"level":40,"time":1780769482135,"pid":5644,"hostname":"DESKTOP-G8F9RK0","msg":"Le queda (109) segundos para que la sesion se expire"}
{"level":40,"time":1780769482207,"pid":5644,"hostname":"DESKTOP-G8F9RK0","msg":"Le queda (109) segundos para que la sesion se expire"}
{"level":40,"time":1780769485635,"pid":5644,"hostname":"DESKTOP-G8F9RK0","msg":"Le queda (106) segundos para que la sesion se expire"}
{"level":40,"time":1780769485843,"pid":5644,"hostname":"DESKTOP-G8F9RK0","msg":"Le queda (106) segundos para que la sesion se expire"}
{"level":50,"time":1780769575769,"pid":5644,"hostname":"DESKTOP-G8F9RK0","msg":"Usuario inexistente"}
{"level":40,"time":1780769580317,"pid":5644,"hostname":"DESKTOP-G8F9RK0","msg":"Le queda (117) segundos para que la sesion se expire"}
{"level":40,"time":1780769580523,"pid":5644,"hostname":"DESKTOP-G8F9RK0","msg":"Le queda (117) segundos para que la sesion se expire"}
{"level":40,"time":1780769582466,"pid":5644,"hostname":"DESKTOP-G8F9RK0","msg":"Le queda (115) segundos para que la sesion se expire"}
{"level":40,"time":1780769582660,"pid":5644,"hostname":"DESKTOP-G8F9RK0","msg":"Le queda (115) segundos para que la sesion se expire"}
{"level":40,"time":1780769585038,"pid":5644,"hostname":"DESKTOP-G8F9RK0","msg":"Le queda (112) segundos para que la sesion se expire"}
{"level":40,"time":1780769585260,"pid":5644,"hostname":"DESKTOP-G8F9RK0","msg":"Le queda (112) segundos para que la sesion se expire"}
{"level":40,"time":1780769587479,"pid":5644,"hostname":"DESKTOP-G8F9RK0","msg":"Le queda (110) segundos para que la sesion se expire"}
{"level":40,"time":1780769587532,"pid":5644,"hostname":"DESKTOP-G8F9RK0","msg":"Le queda (110) segundos para que la sesion se expire"}
{"level":40,"time":1780769729208,"pid":3836,"hostname":"DESKTOP-G8F9RK0","msg":"Le queda (117) segundos para que la sesion se expire"}
{"level":40,"time":1780769729409,"pid":3836,"hostname":"DESKTOP-G8F9RK0","msg":"Le queda (117) segundos para que la sesion se expire"}
{"level":40,"time":1780769732347,"pid":3836,"hostname":"DESKTOP-G8F9RK0","msg":"Le queda (114) segundos para que la sesion se expire"}
{"level":40,"time":1780769732541,"pid":3836,"hostname":"DESKTOP-G8F9RK0","msg":"Le queda (114) segundos para que la sesion se expire"}
{"level":40,"time":1780769733945,"pid":3836,"hostname":"DESKTOP-G8F9RK0","msg":"Le queda (113) segundos para que la sesion se expire"}
{"level":40,"time":1780769735890,"pid":3836,"hostname":"DESKTOP-G8F9RK0","msg":"Le queda (111) segundos para que la sesion se expire"}
{"level":40,"time":1780769737697,"pid":3836,"hostname":"DESKTOP-G8F9RK0","msg":"Le queda (109) segundos para que la sesion se expire"}
{"level":40,"time":1780769737747,"pid":3836,"hostname":"DESKTOP-G8F9RK0","msg":"Le queda (109) segundos para que la sesion se expire"}
{"level":40,"time":1780769758090,"pid":3836,"hostname":"DESKTOP-G8F9RK0","msg":"Le queda (88) segundos para que la sesion se expire"}
{"level":40,"time":1780769758429,"pid":3836,"hostname":"DESKTOP-G8F9RK0","msg":"Le queda (88) segundos para que la sesion se expire"}
{"level":40,"time":1780769799548,"pid":3836,"hostname":"DESKTOP-G8F9RK0","msg":"Le queda (47) segundos para que la sesion se expire"}
{"level":40,"time":1780769803429,"pid":3836,"hostname":"DESKTOP-G8F9RK0","msg":"Le queda (43) segundos para que la sesion se expire"}
{"level":40,"time":1780769803618,"pid":3836,"hostname":"DESKTOP-G8F9RK0","msg":"Le queda (43) segundos para que la sesion se expire"}
{"level":40,"time":1780769817060,"pid":3836,"hostname":"DESKTOP-G8F9RK0","msg":"Le queda (29) segundos para que la sesion se expire"}
{"level":40,"time":1780769817828,"pid":3836,"hostname":"DESKTOP-G8F9RK0","msg":"Le queda (29) segundos para que la sesion se expire"}
{"level":40,"time":1780769910093,"pid":3836,"hostname":"DESKTOP-G8F9RK0","msg":"Le queda (117) segundos para que la sesion se expire"}
{"level":40,"time":1780769910298,"pid":3836,"hostname":"DESKTOP-G8F9RK0","msg":"Le queda (117) segundos para que la sesion se expire"}
{"level":40,"time":1780769915533,"pid":3836,"hostname":"DESKTOP-G8F9RK0","msg":"Le queda (112) segundos para que la sesion se expire"}
{"level":40,"time":1780769915815,"pid":3836,"hostname":"DESKTOP-G8F9RK0","msg":"Le queda (112) segundos para que la sesion se expire"}
{"level":40,"time":1780770594201,"pid":3836,"hostname":"DESKTOP-G8F9RK0","msg":"Le queda (117) segundos para que la sesion se expire"}
{"level":40,"time":1780770594203,"pid":3836,"hostname":"DESKTOP-G8F9RK0","msg":"Le queda (117) segundos para que la sesion se expire"}
{"level":40,"time":1780770598057,"pid":3836,"hostname":"DESKTOP-G8F9RK0","msg":"Le queda (113) segundos para que la sesion se expire"}
{"level":40,"time":1780770598285,"pid":3836,"hostname":"DESKTOP-G8F9RK0","msg":"Le queda (113) segundos para que la sesion se expire"}
{"level":40,"time":1780770602411,"pid":3836,"hostname":"DESKTOP-G8F9RK0","msg":"Le queda (109) segundos para que la sesion se expire"}
{"level":40,"time":1780770603034,"pid":3836,"hostname":"DESKTOP-G8F9RK0","msg":"Le queda (108) segundos para que la sesion se expire"}
{"level":40,"time":1780770608287,"pid":3836,"hostname":"DESKTOP-G8F9RK0","msg":"Le queda (103) segundos para que la sesion se expire"}
{"level":40,"time":1780770641223,"pid":3836,"hostname":"DESKTOP-G8F9RK0","msg":"Le queda (70) segundos para que la sesion se expire"}
{"level":40,"time":1780770644281,"pid":3836,"hostname":"DESKTOP-G8F9RK0","msg":"Le queda (67) segundos para que la sesion se expire"}
{"level":40,"time":1780770644735,"pid":3836,"hostname":"DESKTOP-G8F9RK0","msg":"Le queda (67) segundos para que la sesion se expire"}
{"level":40,"time":1780770647540,"pid":3836,"hostname":"DESKTOP-G8F9RK0","msg":"Le queda (64) segundos para que la sesion se expire"}
{"level":40,"time":1780770647600,"pid":3836,"hostname":"DESKTOP-G8F9RK0","msg":"Le queda (64) segundos para que la sesion se expire"}
{"level":40,"time":1780779942811,"pid":10676,"hostname":"DESKTOP-G8F9RK0","msg":"Le queda (118) segundos para que la sesion se expire"}
{"level":40,"time":1780779943033,"pid":10676,"hostname":"DESKTOP-G8F9RK0","msg":"Le queda (117) segundos para que la sesion se expire"}
{"level":40,"time":1780779945339,"pid":10676,"hostname":"DESKTOP-G8F9RK0","msg":"Le queda (115) segundos para que la sesion se expire"}
{"level":40,"time":1780779945532,"pid":10676,"hostname":"DESKTOP-G8F9RK0","msg":"Le queda (115) segundos para que la sesion se expire"}
{"level":40,"time":1780780181145,"pid":10676,"hostname":"DESKTOP-G8F9RK0","msg":"Le queda (117) segundos para que la sesion se expire"}
{"level":40,"time":1780780181360,"pid":10676,"hostname":"DESKTOP-G8F9RK0","msg":"Le queda (117) segundos para que la sesion se expire"}
{"level":40,"time":1780780224002,"pid":10676,"hostname":"DESKTOP-G8F9RK0","msg":"Le queda (74) segundos para que la sesion se expire"}
{"level":40,"time":1780780560326,"pid":10676,"hostname":"DESKTOP-G8F9RK0","msg":"Le queda (117) segundos para que la sesion se expire"}
{"level":40,"time":1780780560567,"pid":10676,"hostname":"DESKTOP-G8F9RK0","msg":"Le queda (117) segundos para que la sesion se expire"}
{"level":40,"time":1780780660851,"pid":10676,"hostname":"DESKTOP-G8F9RK0","msg":"Le queda (118) segundos para que la sesion se expire"}
{"level":40,"time":1780780661200,"pid":10676,"hostname":"DESKTOP-G8F9RK0","msg":"Le queda (117) segundos para que la sesion se expire"}
{"level":40,"time":1780780691266,"pid":10676,"hostname":"DESKTOP-G8F9RK0","msg":"Le queda (87) segundos para que la sesion se expire"}
{"level":40,"time":1780780764976,"pid":10676,"hostname":"DESKTOP-G8F9RK0","msg":"Le queda (118) segundos para que la sesion se expire"}
{"level":40,"time":1780780765225,"pid":10676,"hostname":"DESKTOP-G8F9RK0","msg":"Le queda (117) segundos para que la sesion se expire"}
{"level":40,"time":1780780768861,"pid":10676,"hostname":"DESKTOP-G8F9RK0","msg":"Le queda (114) segundos para que la sesion se expire"}
{"level":40,"time":1780780769049,"pid":10676,"hostname":"DESKTOP-G8F9RK0","msg":"Le queda (113) segundos para que la sesion se expire"}
{"level":40,"time":1780780773418,"pid":10676,"hostname":"DESKTOP-G8F9RK0","msg":"Le queda (109) segundos para que la sesion se expire"}
{"level":40,"time":1780780774622,"pid":10676,"hostname":"DESKTOP-G8F9RK0","msg":"Le queda (108) segundos para que la sesion se expire"}
{"level":40,"time":1780780774867,"pid":10676,"hostname":"DESKTOP-G8F9RK0","msg":"Le queda (108) segundos para que la sesion se expire"}
{"level":40,"time":1780780778014,"pid":10676,"hostname":"DESKTOP-G8F9RK0","msg":"Le queda (104) segundos para que la sesion se expire"}
{"level":40,"time":1780780778098,"pid":10676,"hostname":"DESKTOP-G8F9RK0","msg":"Le queda (104) segundos para que la sesion se expire"}
{"level":40,"time":1780780782690,"pid":10676,"hostname":"DESKTOP-G8F9RK0","msg":"Le queda (100) segundos para que la sesion se expire"}
{"level":40,"time":1780780783752,"pid":10676,"hostname":"DESKTOP-G8F9RK0","msg":"Le queda (99) segundos para que la sesion se expire"}
{"level":40,"time":1780780784030,"pid":10676,"hostname":"DESKTOP-G8F9RK0","msg":"Le queda (98) segundos para que la sesion se expire"}
{"level":40,"time":1780780868151,"pid":10676,"hostname":"DESKTOP-G8F9RK0","msg":"Le queda (117) segundos para que la sesion se expire"}
{"level":40,"time":1780780868397,"pid":10676,"hostname":"DESKTOP-G8F9RK0","msg":"Le queda (117) segundos para que la sesion se expire"}
{"level":40,"time":1780780897864,"pid":10676,"hostname":"DESKTOP-G8F9RK0","msg":"Le queda (88) segundos para que la sesion se expire"}
{"level":40,"time":1780780948550,"pid":1656,"hostname":"DESKTOP-G8F9RK0","msg":"Le queda (37) segundos para que la sesion se expire"}
{"level":40,"time":1780780948961,"pid":1656,"hostname":"DESKTOP-G8F9RK0","msg":"Le queda (37) segundos para que la sesion se expire"}
{"level":40,"time":1780780980947,"pid":1656,"hostname":"DESKTOP-G8F9RK0","msg":"Le queda (5) segundos para que la sesion se expire"}
{"level":40,"time":1780782175131,"pid":3524,"hostname":"DESKTOP-G8F9RK0","msg":"Le queda (117) segundos para que la sesion se expire"}
{"level":40,"time":1780782175394,"pid":3524,"hostname":"DESKTOP-G8F9RK0","msg":"Le queda (117) segundos para que la sesion se expire"}
{"level":40,"time":1780782211956,"pid":3524,"hostname":"DESKTOP-G8F9RK0","msg":"Le queda (81) segundos para que la sesion se expire"}
{"level":40,"time":1780782328118,"pid":6224,"hostname":"DESKTOP-G8F9RK0","msg":"Le queda (117) segundos para que la sesion se expire"}
{"level":40,"time":1780782328457,"pid":6224,"hostname":"DESKTOP-G8F9RK0","msg":"Le queda (117) segundos para que la sesion se expire"}
{"level":40,"time":1780782361875,"pid":6224,"hostname":"DESKTOP-G8F9RK0","msg":"Le queda (84) segundos para que la sesion se expire"}
{"level":40,"time":1780782443339,"pid":9844,"hostname":"DESKTOP-G8F9RK0","msg":"Le queda (2) segundos para que la sesion se expire"}
{"level":40,"time":1780782443723,"pid":9844,"hostname":"DESKTOP-G8F9RK0","msg":"Le queda (2) segundos para que la sesion se expire"}
{"level":40,"time":1780782455384,"pid":9844,"hostname":"DESKTOP-G8F9RK0","msg":"Le queda (118) segundos para que la sesion se expire"}
{"level":40,"time":1780782455646,"pid":9844,"hostname":"DESKTOP-G8F9RK0","msg":"Le queda (118) segundos para que la sesion se expire"}
{"level":40,"time":1780782484714,"pid":9844,"hostname":"DESKTOP-G8F9RK0","msg":"Le queda (89) segundos para que la sesion se expire"}
{"level":40,"time":1780782560263,"pid":6320,"hostname":"DESKTOP-G8F9RK0","msg":"Le queda (118) segundos para que la sesion se expire"}
{"level":40,"time":1780782560490,"pid":6320,"hostname":"DESKTOP-G8F9RK0","msg":"Le queda (118) segundos para que la sesion se expire"}
{"level":40,"time":1780782588076,"pid":6320,"hostname":"DESKTOP-G8F9RK0","msg":"Le queda (90) segundos para que la sesion se expire"}
{"level":40,"time":1780782628159,"pid":6320,"hostname":"DESKTOP-G8F9RK0","msg":"Le queda (50) segundos para que la sesion se expire"}
{"level":40,"time":1780782628545,"pid":6320,"hostname":"DESKTOP-G8F9RK0","msg":"Le queda (50) segundos para que la sesion se expire"}
{"level":40,"time":1780782658537,"pid":6320,"hostname":"DESKTOP-G8F9RK0","msg":"Le queda (20) segundos para que la sesion se expire"}
{"level":40,"time":1780782679875,"pid":7064,"hostname":"DESKTOP-G8F9RK0","name":"TokenExpiredError","message":"jwt expired","expiredAt":"2026-06-06T21:51:19.000Z","stack":"TokenExpiredError: jwt expired\n    at C:\\proyecto_escuelas\\backend\\node_modules\\jsonwebtoken\\verify.js:190:21\n    at getSecret (C:\\proyecto_escuelas\\backend\\node_modules\\jsonwebtoken\\verify.js:97:14)\n    at module.exports [as verify] (C:\\proyecto_escuelas\\backend\\node_modules\\jsonwebtoken\\verify.js:101:10)\n    at validateUser (file:///C:/proyecto_escuelas/backend/src/negocio/utils/jwt.js:8:33)\n    at autenticacion (file:///C:/proyecto_escuelas/backend/src/negocio/middlewares/autenticacion.js:19:25)\n    at Layer.handle [as handle_request] (C:\\proyecto_escuelas\\backend\\node_modules\\express\\lib\\router\\layer.js:95:5)\n    at next (C:\\proyecto_escuelas\\backend\\node_modules\\express\\lib\\router\\route.js:144:13)\n    at Route.dispatch (C:\\proyecto_escuelas\\backend\\node_modules\\express\\lib\\router\\route.js:114:3)\n    at Layer.handle [as handle_request] (C:\\proyecto_escuelas\\backend\\node_modules\\express\\lib\\router\\layer.js:95:5)\n    at C:\\proyecto_escuelas\\backend\\node_modules\\express\\lib\\router\\index.js:284:15","type":"Error","msg":"jwt expired"}
{"level":40,"time":1780782729948,"pid":7064,"hostname":"DESKTOP-G8F9RK0","msg":"Le queda (89) segundos para que la sesion se expire"}
{"level":40,"time":1780782730903,"pid":7064,"hostname":"DESKTOP-G8F9RK0","name":"TokenExpiredError","message":"jwt expired","expiredAt":"2026-06-06T21:51:19.000Z","stack":"TokenExpiredError: jwt expired\n    at C:\\proyecto_escuelas\\backend\\node_modules\\jsonwebtoken\\verify.js:190:21\n    at getSecret (C:\\proyecto_escuelas\\backend\\node_modules\\jsonwebtoken\\verify.js:97:14)\n    at module.exports [as verify] (C:\\proyecto_escuelas\\backend\\node_modules\\jsonwebtoken\\verify.js:101:10)\n    at validateUser (file:///C:/proyecto_escuelas/backend/src/negocio/utils/jwt.js:8:33)\n    at autenticacion (file:///C:/proyecto_escuelas/backend/src/negocio/middlewares/autenticacion.js:19:25)\n    at Layer.handle [as handle_request] (C:\\proyecto_escuelas\\backend\\node_modules\\express\\lib\\router\\layer.js:95:5)\n    at next (C:\\proyecto_escuelas\\backend\\node_modules\\express\\lib\\router\\route.js:144:13)\n    at Route.dispatch (C:\\proyecto_escuelas\\backend\\node_modules\\express\\lib\\router\\route.js:114:3)\n    at Layer.handle [as handle_request] (C:\\proyecto_escuelas\\backend\\node_modules\\express\\lib\\router\\layer.js:95:5)\n    at C:\\proyecto_escuelas\\backend\\node_modules\\express\\lib\\router\\index.js:284:15","type":"Error","msg":"jwt expired"}
{"level":40,"time":1780782730909,"pid":7064,"hostname":"DESKTOP-G8F9RK0","msg":"Le queda (88) segundos para que la sesion se expire"}
{"level":40,"time":1780782730919,"pid":7064,"hostname":"DESKTOP-G8F9RK0","msg":"Le queda (88) segundos para que la sesion se expire"}
{"level":40,"time":1780782911363,"pid":10188,"hostname":"DESKTOP-G8F9RK0","msg":"Le queda (117) segundos para que la sesion se expire"}
{"level":40,"time":1780782911595,"pid":10188,"hostname":"DESKTOP-G8F9RK0","msg":"Le queda (117) segundos para que la sesion se expire"}
{"level":40,"time":1780782944633,"pid":10188,"hostname":"DESKTOP-G8F9RK0","msg":"Le queda (84) segundos para que la sesion se expire"}
{"level":40,"time":1780782965452,"pid":10188,"hostname":"DESKTOP-G8F9RK0","msg":"Le queda (63) segundos para que la sesion se expire"}
{"level":40,"time":1780782966027,"pid":10188,"hostname":"DESKTOP-G8F9RK0","msg":"Le queda (62) segundos para que la sesion se expire"}
{"level":40,"time":1780782969189,"pid":10188,"hostname":"DESKTOP-G8F9RK0","msg":"Le queda (59) segundos para que la sesion se expire"}
{"level":40,"time":1780782969198,"pid":10188,"hostname":"DESKTOP-G8F9RK0","msg":"Le queda (59) segundos para que la sesion se expire"}
{"level":40,"time":1780782969520,"pid":10188,"hostname":"DESKTOP-G8F9RK0","msg":"Le queda (59) segundos para que la sesion se expire"}
{"level":40,"time":1780782969572,"pid":10188,"hostname":"DESKTOP-G8F9RK0","msg":"Le queda (59) segundos para que la sesion se expire"}
{"level":40,"time":1780782969766,"pid":10188,"hostname":"DESKTOP-G8F9RK0","msg":"Le queda (59) segundos para que la sesion se expire"}
{"level":40,"time":1780782969974,"pid":10188,"hostname":"DESKTOP-G8F9RK0","msg":"Le queda (59) segundos para que la sesion se expire"}
{"level":40,"time":1780782970303,"pid":10188,"hostname":"DESKTOP-G8F9RK0","msg":"Le queda (58) segundos para que la sesion se expire"}
{"level":40,"time":1780782970336,"pid":10188,"hostname":"DESKTOP-G8F9RK0","msg":"Le queda (58) segundos para que la sesion se expire"}
{"level":40,"time":1780782971502,"pid":10188,"hostname":"DESKTOP-G8F9RK0","msg":"Le queda (57) segundos para que la sesion se expire"}
{"level":40,"time":1780782971599,"pid":10188,"hostname":"DESKTOP-G8F9RK0","msg":"Le queda (57) segundos para que la sesion se expire"}
{"level":40,"time":1780782971696,"pid":10188,"hostname":"DESKTOP-G8F9RK0","msg":"Le queda (57) segundos para que la sesion se expire"}
{"level":40,"time":1780782971709,"pid":10188,"hostname":"DESKTOP-G8F9RK0","msg":"Le queda (57) segundos para que la sesion se expire"}
{"level":40,"time":1780783017093,"pid":10188,"hostname":"DESKTOP-G8F9RK0","msg":"Le queda (11) segundos para que la sesion se expire"}
{"level":40,"time":1780783017430,"pid":10188,"hostname":"DESKTOP-G8F9RK0","msg":"Le queda (11) segundos para que la sesion se expire"}
{"level":40,"time":1780783018630,"pid":10188,"hostname":"DESKTOP-G8F9RK0","msg":"Le queda (10) segundos para que la sesion se expire"}
{"level":40,"time":1780783018781,"pid":10188,"hostname":"DESKTOP-G8F9RK0","msg":"Le queda (10) segundos para que la sesion se expire"}
{"level":40,"time":1780783027820,"pid":10188,"hostname":"DESKTOP-G8F9RK0","msg":"Le queda (1) segundos para que la sesion se expire"}
{"level":40,"time":1780783027996,"pid":10188,"hostname":"DESKTOP-G8F9RK0","msg":"Le queda (1) segundos para que la sesion se expire"}
{"level":40,"time":1780783038530,"pid":10188,"hostname":"DESKTOP-G8F9RK0","msg":"Le queda (118) segundos para que la sesion se expire"}
{"level":40,"time":1780783038722,"pid":10188,"hostname":"DESKTOP-G8F9RK0","msg":"Le queda (118) segundos para que la sesion se expire"}
{"level":40,"time":1780783041315,"pid":10188,"hostname":"DESKTOP-G8F9RK0","msg":"Le queda (115) segundos para que la sesion se expire"}
{"level":40,"time":1780783041373,"pid":10188,"hostname":"DESKTOP-G8F9RK0","msg":"Le queda (115) segundos para que la sesion se expire"}
{"level":40,"time":1780783041644,"pid":10188,"hostname":"DESKTOP-G8F9RK0","msg":"Le queda (115) segundos para que la sesion se expire"}
{"level":40,"time":1780783041689,"pid":10188,"hostname":"DESKTOP-G8F9RK0","msg":"Le queda (115) segundos para que la sesion se expire"}
{"level":40,"time":1780783041850,"pid":10188,"hostname":"DESKTOP-G8F9RK0","msg":"Le queda (115) segundos para que la sesion se expire"}
{"level":40,"time":1780783041896,"pid":10188,"hostname":"DESKTOP-G8F9RK0","msg":"Le queda (115) segundos para que la sesion se expire"}
{"level":40,"time":1780783042256,"pid":10188,"hostname":"DESKTOP-G8F9RK0","msg":"Le queda (114) segundos para que la sesion se expire"}
{"level":40,"time":1780783042305,"pid":10188,"hostname":"DESKTOP-G8F9RK0","msg":"Le queda (114) segundos para que la sesion se expire"}
{"level":40,"time":1780783042310,"pid":10188,"hostname":"DESKTOP-G8F9RK0","msg":"Le queda (114) segundos para que la sesion se expire"}
{"level":40,"time":1780783042318,"pid":10188,"hostname":"DESKTOP-G8F9RK0","msg":"Le queda (114) segundos para que la sesion se expire"}
{"level":40,"time":1780783042503,"pid":10188,"hostname":"DESKTOP-G8F9RK0","msg":"Le queda (114) segundos para que la sesion se expire"}
{"level":40,"time":1780783042529,"pid":10188,"hostname":"DESKTOP-G8F9RK0","msg":"Le queda (114) segundos para que la sesion se expire"}
{"level":40,"time":1780783043550,"pid":10188,"hostname":"DESKTOP-G8F9RK0","msg":"Le queda (113) segundos para que la sesion se expire"}
{"level":40,"time":1780783043606,"pid":10188,"hostname":"DESKTOP-G8F9RK0","msg":"Le queda (113) segundos para que la sesion se expire"}
{"level":40,"time":1780783044702,"pid":10188,"hostname":"DESKTOP-G8F9RK0","msg":"Le queda (112) segundos para que la sesion se expire"}
{"level":40,"time":1780783044754,"pid":10188,"hostname":"DESKTOP-G8F9RK0","msg":"Le queda (112) segundos para que la sesion se expire"}
{"level":40,"time":1780783046227,"pid":10188,"hostname":"DESKTOP-G8F9RK0","msg":"Le queda (110) segundos para que la sesion se expire"}
{"level":40,"time":1780783046275,"pid":10188,"hostname":"DESKTOP-G8F9RK0","msg":"Le queda (110) segundos para que la sesion se expire"}
{"level":40,"time":1780783047787,"pid":10188,"hostname":"DESKTOP-G8F9RK0","msg":"Le queda (109) segundos para que la sesion se expire"}
{"level":40,"time":1780783047835,"pid":10188,"hostname":"DESKTOP-G8F9RK0","msg":"Le queda (109) segundos para que la sesion se expire"}
{"level":40,"time":1780783048513,"pid":10188,"hostname":"DESKTOP-G8F9RK0","msg":"Le queda (108) segundos para que la sesion se expire"}
{"level":40,"time":1780783048580,"pid":10188,"hostname":"DESKTOP-G8F9RK0","msg":"Le queda (108) segundos para que la sesion se expire"}
{"level":40,"time":1780783048898,"pid":10188,"hostname":"DESKTOP-G8F9RK0","msg":"Le queda (108) segundos para que la sesion se expire"}
{"level":40,"time":1780783049097,"pid":10188,"hostname":"DESKTOP-G8F9RK0","msg":"Le queda (107) segundos para que la sesion se expire"}
{"level":40,"time":1780783050526,"pid":10188,"hostname":"DESKTOP-G8F9RK0","msg":"Le queda (106) segundos para que la sesion se expire"}
{"level":40,"time":1780783050576,"pid":10188,"hostname":"DESKTOP-G8F9RK0","msg":"Le queda (106) segundos para que la sesion se expire"}
{"level":40,"time":1780783050704,"pid":10188,"hostname":"DESKTOP-G8F9RK0","msg":"Le queda (106) segundos para que la sesion se expire"}
{"level":40,"time":1780783050750,"pid":10188,"hostname":"DESKTOP-G8F9RK0","msg":"Le queda (106) segundos para que la sesion se expire"}
{"level":40,"time":1780783051679,"pid":10188,"hostname":"DESKTOP-G8F9RK0","msg":"Le queda (105) segundos para que la sesion se expire"}
{"level":40,"time":1780783051744,"pid":10188,"hostname":"DESKTOP-G8F9RK0","msg":"Le queda (105) segundos para que la sesion se expire"}
{"level":40,"time":1780783051835,"pid":10188,"hostname":"DESKTOP-G8F9RK0","msg":"Le queda (105) segundos para que la sesion se expire"}
{"level":40,"time":1780783051980,"pid":10188,"hostname":"DESKTOP-G8F9RK0","msg":"Le queda (105) segundos para que la sesion se expire"}
{"level":40,"time":1780783057733,"pid":10188,"hostname":"DESKTOP-G8F9RK0","msg":"Le queda (99) segundos para que la sesion se expire"}
{"level":40,"time":1780783057796,"pid":10188,"hostname":"DESKTOP-G8F9RK0","msg":"Le queda (99) segundos para que la sesion se expire"}
{"level":40,"time":1780783058138,"pid":10188,"hostname":"DESKTOP-G8F9RK0","msg":"Le queda (98) segundos para que la sesion se expire"}
{"level":40,"time":1780783058194,"pid":10188,"hostname":"DESKTOP-G8F9RK0","msg":"Le queda (98) segundos para que la sesion se expire"}
{"level":40,"time":1780783059057,"pid":10188,"hostname":"DESKTOP-G8F9RK0","msg":"Le queda (97) segundos para que la sesion se expire"}
{"level":40,"time":1780783059192,"pid":10188,"hostname":"DESKTOP-G8F9RK0","msg":"Le queda (97) segundos para que la sesion se expire"}
{"level":40,"time":1780783059197,"pid":10188,"hostname":"DESKTOP-G8F9RK0","msg":"Le queda (97) segundos para que la sesion se expire"}
{"level":40,"time":1780783059252,"pid":10188,"hostname":"DESKTOP-G8F9RK0","msg":"Le queda (97) segundos para que la sesion se expire"}
{"level":40,"time":1780783059300,"pid":10188,"hostname":"DESKTOP-G8F9RK0","msg":"Le queda (97) segundos para que la sesion se expire"}
{"level":40,"time":1780783060584,"pid":10188,"hostname":"DESKTOP-G8F9RK0","msg":"Le queda (96) segundos para que la sesion se expire"}
{"level":40,"time":1780783060634,"pid":10188,"hostname":"DESKTOP-G8F9RK0","msg":"Le queda (96) segundos para que la sesion se expire"}
{"level":40,"time":1780783060643,"pid":10188,"hostname":"DESKTOP-G8F9RK0","msg":"Le queda (96) segundos para que la sesion se expire"}
{"level":40,"time":1780783060733,"pid":10188,"hostname":"DESKTOP-G8F9RK0","msg":"Le queda (96) segundos para que la sesion se expire"}
{"level":40,"time":1780783060785,"pid":10188,"hostname":"DESKTOP-G8F9RK0","msg":"Le queda (96) segundos para que la sesion se expire"}
{"level":40,"time":1780783060893,"pid":10188,"hostname":"DESKTOP-G8F9RK0","msg":"Le queda (96) segundos para que la sesion se expire"}
{"level":40,"time":1780783061052,"pid":10188,"hostname":"DESKTOP-G8F9RK0","msg":"Le queda (95) segundos para que la sesion se expire"}
{"level":40,"time":1780783061452,"pid":10188,"hostname":"DESKTOP-G8F9RK0","msg":"Le queda (95) segundos para que la sesion se expire"}
{"level":40,"time":1780783061512,"pid":10188,"hostname":"DESKTOP-G8F9RK0","msg":"Le queda (95) segundos para que la sesion se expire"}
{"level":40,"time":1780783062283,"pid":10188,"hostname":"DESKTOP-G8F9RK0","msg":"Le queda (94) segundos para que la sesion se expire"}
{"level":40,"time":1780783062340,"pid":10188,"hostname":"DESKTOP-G8F9RK0","msg":"Le queda (94) segundos para que la sesion se expire"}
{"level":40,"time":1780783133479,"pid":10188,"hostname":"DESKTOP-G8F9RK0","msg":"Le queda (117) segundos para que la sesion se expire"}
{"level":40,"time":1780783133710,"pid":10188,"hostname":"DESKTOP-G8F9RK0","msg":"Le queda (117) segundos para que la sesion se expire"}
{"level":40,"time":1780783169251,"pid":10188,"hostname":"DESKTOP-G8F9RK0","msg":"Le queda (81) segundos para que la sesion se expire"}
{"level":40,"time":1780783170938,"pid":10188,"hostname":"DESKTOP-G8F9RK0","msg":"Le queda (80) segundos para que la sesion se expire"}
{"level":40,"time":1780783171144,"pid":10188,"hostname":"DESKTOP-G8F9RK0","msg":"Le queda (79) segundos para que la sesion se expire"}
{"level":40,"time":1780783174281,"pid":10188,"hostname":"DESKTOP-G8F9RK0","msg":"Le queda (76) segundos para que la sesion se expire"}
{"level":40,"time":1780783174335,"pid":10188,"hostname":"DESKTOP-G8F9RK0","msg":"Le queda (76) segundos para que la sesion se expire"}
{"level":40,"time":1780783174661,"pid":10188,"hostname":"DESKTOP-G8F9RK0","msg":"Le queda (76) segundos para que la sesion se expire"}
{"level":40,"time":1780783174712,"pid":10188,"hostname":"DESKTOP-G8F9RK0","msg":"Le queda (76) segundos para que la sesion se expire"}
{"level":40,"time":1780783174885,"pid":10188,"hostname":"DESKTOP-G8F9RK0","msg":"Le queda (76) segundos para que la sesion se expire"}
{"level":40,"time":1780783174931,"pid":10188,"hostname":"DESKTOP-G8F9RK0","msg":"Le queda (76) segundos para que la sesion se expire"}
{"level":40,"time":1780783175292,"pid":10188,"hostname":"DESKTOP-G8F9RK0","msg":"Le queda (75) segundos para que la sesion se expire"}
{"level":40,"time":1780783175338,"pid":10188,"hostname":"DESKTOP-G8F9RK0","msg":"Le queda (75) segundos para que la sesion se expire"}
{"level":40,"time":1780836965974,"pid":12620,"hostname":"DESKTOP-G8F9RK0","msg":"Le queda (118) segundos para que la sesion se expire"}
{"level":40,"time":1780836966369,"pid":12620,"hostname":"DESKTOP-G8F9RK0","msg":"Le queda (117) segundos para que la sesion se expire"}
{"level":40,"time":1780837321393,"pid":2244,"hostname":"DESKTOP-G8F9RK0","msg":"Le queda (117) segundos para que la sesion se expire"}
{"level":40,"time":1780837322118,"pid":2244,"hostname":"DESKTOP-G8F9RK0","msg":"Le queda (116) segundos para que la sesion se expire"}
{"level":40,"time":1780837324950,"pid":2244,"hostname":"DESKTOP-G8F9RK0","msg":"Le queda (114) segundos para que la sesion se expire"}
{"level":40,"time":1780837326245,"pid":2244,"hostname":"DESKTOP-G8F9RK0","msg":"Le queda (112) segundos para que la sesion se expire"}
{"level":40,"time":1780837326877,"pid":2244,"hostname":"DESKTOP-G8F9RK0","msg":"Le queda (112) segundos para que la sesion se expire"}
{"level":40,"time":1780837326967,"pid":2244,"hostname":"DESKTOP-G8F9RK0","msg":"Le queda (112) segundos para que la sesion se expire"}
{"level":40,"time":1780837327576,"pid":2244,"hostname":"DESKTOP-G8F9RK0","msg":"Le queda (111) segundos para que la sesion se expire"}
{"level":40,"time":1780837327608,"pid":2244,"hostname":"DESKTOP-G8F9RK0","msg":"Le queda (111) segundos para que la sesion se expire"}
{"level":40,"time":1780837327618,"pid":2244,"hostname":"DESKTOP-G8F9RK0","msg":"Le queda (111) segundos para que la sesion se expire"}
{"level":40,"time":1780837329343,"pid":2244,"hostname":"DESKTOP-G8F9RK0","msg":"Le queda (109) segundos para que la sesion se expire"}
{"level":40,"time":1780837363701,"pid":2244,"hostname":"DESKTOP-G8F9RK0","msg":"Le queda (75) segundos para que la sesion se expire"}
{"level":40,"time":1780837390331,"pid":2244,"hostname":"DESKTOP-G8F9RK0","msg":"Le queda (48) segundos para que la sesion se expire"}
{"level":40,"time":1780837391740,"pid":2244,"hostname":"DESKTOP-G8F9RK0","msg":"Le queda (47) segundos para que la sesion se expire"}
{"level":40,"time":1780837395138,"pid":2244,"hostname":"DESKTOP-G8F9RK0","msg":"Le queda (43) segundos para que la sesion se expire"}
{"level":40,"time":1780837395199,"pid":2244,"hostname":"DESKTOP-G8F9RK0","msg":"Le queda (43) segundos para que la sesion se expire"}
{"level":40,"time":1780837395516,"pid":2244,"hostname":"DESKTOP-G8F9RK0","msg":"Le queda (43) segundos para que la sesion se expire"}
{"level":40,"time":1780837395567,"pid":2244,"hostname":"DESKTOP-G8F9RK0","msg":"Le queda (43) segundos para que la sesion se expire"}
{"level":40,"time":1780837395731,"pid":2244,"hostname":"DESKTOP-G8F9RK0","msg":"Le queda (43) segundos para que la sesion se expire"}
{"level":40,"time":1780837395735,"pid":2244,"hostname":"DESKTOP-G8F9RK0","msg":"Le queda (43) segundos para que la sesion se expire"}
{"level":40,"time":1780837395967,"pid":2244,"hostname":"DESKTOP-G8F9RK0","msg":"Le queda (43) segundos para que la sesion se expire"}
{"level":40,"time":1780837395972,"pid":2244,"hostname":"DESKTOP-G8F9RK0","msg":"Le queda (43) segundos para que la sesion se expire"}
{"level":40,"time":1780837398306,"pid":2244,"hostname":"DESKTOP-G8F9RK0","msg":"Le queda (40) segundos para que la sesion se expire"}
{"level":40,"time":1780837398741,"pid":2244,"hostname":"DESKTOP-G8F9RK0","msg":"Le queda (40) segundos para que la sesion se expire"}
{"level":40,"time":1780837399592,"pid":2244,"hostname":"DESKTOP-G8F9RK0","msg":"Le queda (39) segundos para que la sesion se expire"}
{"level":40,"time":1780837399656,"pid":2244,"hostname":"DESKTOP-G8F9RK0","msg":"Le queda (39) segundos para que la sesion se expire"}
{"level":40,"time":1780837399765,"pid":2244,"hostname":"DESKTOP-G8F9RK0","msg":"Le queda (39) segundos para que la sesion se expire"}
{"level":40,"time":1780837399888,"pid":2244,"hostname":"DESKTOP-G8F9RK0","msg":"Le queda (39) segundos para que la sesion se expire"}
{"level":40,"time":1780837400005,"pid":2244,"hostname":"DESKTOP-G8F9RK0","msg":"Le queda (38) segundos para que la sesion se expire"}
{"level":40,"time":1780837400199,"pid":2244,"hostname":"DESKTOP-G8F9RK0","msg":"Le queda (38) segundos para que la sesion se expire"}
{"level":40,"time":1780837400604,"pid":2244,"hostname":"DESKTOP-G8F9RK0","msg":"Le queda (38) segundos para que la sesion se expire"}
{"level":40,"time":1780837400676,"pid":2244,"hostname":"DESKTOP-G8F9RK0","msg":"Le queda (38) segundos para que la sesion se expire"}
{"level":40,"time":1780837401513,"pid":2244,"hostname":"DESKTOP-G8F9RK0","msg":"Le queda (37) segundos para que la sesion se expire"}
{"level":40,"time":1780837401518,"pid":2244,"hostname":"DESKTOP-G8F9RK0","msg":"Le queda (37) segundos para que la sesion se expire"}
{"level":40,"time":1780837402349,"pid":2244,"hostname":"DESKTOP-G8F9RK0","msg":"Le queda (36) segundos para que la sesion se expire"}
{"level":40,"time":1780837402416,"pid":2244,"hostname":"DESKTOP-G8F9RK0","msg":"Le queda (36) segundos para que la sesion se expire"}
{"level":40,"time":1780837402500,"pid":2244,"hostname":"DESKTOP-G8F9RK0","msg":"Le queda (36) segundos para que la sesion se expire"}
{"level":40,"time":1780837402877,"pid":2244,"hostname":"DESKTOP-G8F9RK0","msg":"Le queda (36) segundos para que la sesion se expire"}
{"level":40,"time":1780837421079,"pid":2244,"hostname":"DESKTOP-G8F9RK0","msg":"Le queda (17) segundos para que la sesion se expire"}
{"level":40,"time":1780837421481,"pid":2244,"hostname":"DESKTOP-G8F9RK0","msg":"Le queda (17) segundos para que la sesion se expire"}
{"level":40,"time":1780837423300,"pid":2244,"hostname":"DESKTOP-G8F9RK0","msg":"Le queda (15) segundos para que la sesion se expire"}
{"level":40,"time":1780837423534,"pid":2244,"hostname":"DESKTOP-G8F9RK0","msg":"Le queda (15) segundos para que la sesion se expire"}
{"level":40,"time":1780837430304,"pid":2244,"hostname":"DESKTOP-G8F9RK0","msg":"Le queda (8) segundos para que la sesion se expire"}
{"level":40,"time":1780837430510,"pid":2244,"hostname":"DESKTOP-G8F9RK0","msg":"Le queda (8) segundos para que la sesion se expire"}
{"level":40,"time":1780837445871,"pid":2244,"hostname":"DESKTOP-G8F9RK0","msg":"Le queda (118) segundos para que la sesion se expire"}
{"level":40,"time":1780837446101,"pid":2244,"hostname":"DESKTOP-G8F9RK0","msg":"Le queda (117) segundos para que la sesion se expire"}
{"level":40,"time":1780837448602,"pid":2244,"hostname":"DESKTOP-G8F9RK0","msg":"Le queda (115) segundos para que la sesion se expire"}
{"level":40,"time":1780837448657,"pid":2244,"hostname":"DESKTOP-G8F9RK0","msg":"Le queda (115) segundos para que la sesion se expire"}
{"level":40,"time":1780837449002,"pid":2244,"hostname":"DESKTOP-G8F9RK0","msg":"Le queda (114) segundos para que la sesion se expire"}
{"level":40,"time":1780837449050,"pid":2244,"hostname":"DESKTOP-G8F9RK0","msg":"Le queda (114) segundos para que la sesion se expire"}
{"level":40,"time":1780837449273,"pid":2244,"hostname":"DESKTOP-G8F9RK0","msg":"Le queda (114) segundos para que la sesion se expire"}
{"level":40,"time":1780837449331,"pid":2244,"hostname":"DESKTOP-G8F9RK0","msg":"Le queda (114) segundos para que la sesion se expire"}
{"level":40,"time":1780837449542,"pid":2244,"hostname":"DESKTOP-G8F9RK0","msg":"Le queda (114) segundos para que la sesion se expire"}
{"level":40,"time":1780837449590,"pid":2244,"hostname":"DESKTOP-G8F9RK0","msg":"Le queda (114) segundos para que la sesion se expire"}
{"level":40,"time":1780837449999,"pid":2244,"hostname":"DESKTOP-G8F9RK0","msg":"Le queda (114) segundos para que la sesion se expire"}
{"level":40,"time":1780837450063,"pid":2244,"hostname":"DESKTOP-G8F9RK0","msg":"Le queda (113) segundos para que la sesion se expire"}
{"level":40,"time":1780837539537,"pid":2244,"hostname":"DESKTOP-G8F9RK0","msg":"Le queda (118) segundos para que la sesion se expire"}
{"level":40,"time":1780837539771,"pid":2244,"hostname":"DESKTOP-G8F9RK0","msg":"Le queda (118) segundos para que la sesion se expire"}
{"level":40,"time":1780837542397,"pid":2244,"hostname":"DESKTOP-G8F9RK0","msg":"Le queda (115) segundos para que la sesion se expire"}
{"level":40,"time":1780837542448,"pid":2244,"hostname":"DESKTOP-G8F9RK0","msg":"Le queda (115) segundos para que la sesion se expire"}
{"level":40,"time":1780837542766,"pid":2244,"hostname":"DESKTOP-G8F9RK0","msg":"Le queda (115) segundos para que la sesion se expire"}
{"level":40,"time":1780837542821,"pid":2244,"hostname":"DESKTOP-G8F9RK0","msg":"Le queda (115) segundos para que la sesion se expire"}
{"level":40,"time":1780837543051,"pid":2244,"hostname":"DESKTOP-G8F9RK0","msg":"Le queda (114) segundos para que la sesion se expire"}
{"level":40,"time":1780837543056,"pid":2244,"hostname":"DESKTOP-G8F9RK0","msg":"Le queda (114) segundos para que la sesion se expire"}
{"level":40,"time":1780837543345,"pid":2244,"hostname":"DESKTOP-G8F9RK0","msg":"Le queda (114) segundos para que la sesion se expire"}
{"level":40,"time":1780837543412,"pid":2244,"hostname":"DESKTOP-G8F9RK0","msg":"Le queda (114) segundos para que la sesion se expire"}
{"level":40,"time":1780837598201,"pid":2244,"hostname":"DESKTOP-G8F9RK0","msg":"Le queda (59) segundos para que la sesion se expire"}
{"level":40,"time":1780837598400,"pid":2244,"hostname":"DESKTOP-G8F9RK0","msg":"Le queda (59) segundos para que la sesion se expire"}
{"level":40,"time":1780837610299,"pid":2244,"hostname":"DESKTOP-G8F9RK0","msg":"Le queda (47) segundos para que la sesion se expire"}
{"level":40,"time":1780837611569,"pid":2244,"hostname":"DESKTOP-G8F9RK0","msg":"Le queda (46) segundos para que la sesion se expire"}
{"level":40,"time":1780837611982,"pid":2244,"hostname":"DESKTOP-G8F9RK0","msg":"Le queda (46) segundos para que la sesion se expire"}
{"level":40,"time":1780837615577,"pid":2244,"hostname":"DESKTOP-G8F9RK0","msg":"Le queda (42) segundos para que la sesion se expire"}
{"level":40,"time":1780837615630,"pid":2244,"hostname":"DESKTOP-G8F9RK0","msg":"Le queda (42) segundos para que la sesion se expire"}
{"level":40,"time":1780837616014,"pid":2244,"hostname":"DESKTOP-G8F9RK0","msg":"Le queda (41) segundos para que la sesion se expire"}
{"level":40,"time":1780837616065,"pid":2244,"hostname":"DESKTOP-G8F9RK0","msg":"Le queda (41) segundos para que la sesion se expire"}
{"level":40,"time":1780837616254,"pid":2244,"hostname":"DESKTOP-G8F9RK0","msg":"Le queda (41) segundos para que la sesion se expire"}
{"level":40,"time":1780837616322,"pid":2244,"hostname":"DESKTOP-G8F9RK0","msg":"Le queda (41) segundos para que la sesion se expire"}
{"level":40,"time":1780837616735,"pid":2244,"hostname":"DESKTOP-G8F9RK0","msg":"Le queda (41) segundos para que la sesion se expire"}
{"level":40,"time":1780837616779,"pid":2244,"hostname":"DESKTOP-G8F9RK0","msg":"Le queda (41) segundos para que la sesion se expire"}
{"level":40,"time":1780837616831,"pid":2244,"hostname":"DESKTOP-G8F9RK0","msg":"Le queda (41) segundos para que la sesion se expire"}
{"level":40,"time":1780837616928,"pid":2244,"hostname":"DESKTOP-G8F9RK0","msg":"Le queda (41) segundos para que la sesion se expire"}
{"level":40,"time":1780837618999,"pid":2244,"hostname":"DESKTOP-G8F9RK0","msg":"Le queda (39) segundos para que la sesion se expire"}
{"level":40,"time":1780837619206,"pid":2244,"hostname":"DESKTOP-G8F9RK0","msg":"Le queda (38) segundos para que la sesion se expire"}
{"level":40,"time":1780837719577,"pid":2244,"hostname":"DESKTOP-G8F9RK0","msg":"Le queda (118) segundos para que la sesion se expire"}
{"level":40,"time":1780837719917,"pid":2244,"hostname":"DESKTOP-G8F9RK0","msg":"Le queda (118) segundos para que la sesion se expire"}
{"level":40,"time":1780837724577,"pid":2244,"hostname":"DESKTOP-G8F9RK0","msg":"Le queda (113) segundos para que la sesion se expire"}
{"level":40,"time":1780837724813,"pid":2244,"hostname":"DESKTOP-G8F9RK0","msg":"Le queda (113) segundos para que la sesion se expire"}
{"level":40,"time":1780837724999,"pid":2244,"hostname":"DESKTOP-G8F9RK0","msg":"Le queda (113) segundos para que la sesion se expire"}
{"level":40,"time":1780837725056,"pid":2244,"hostname":"DESKTOP-G8F9RK0","msg":"Le queda (112) segundos para que la sesion se expire"}
{"level":40,"time":1780837725278,"pid":2244,"hostname":"DESKTOP-G8F9RK0","msg":"Le queda (112) segundos para que la sesion se expire"}
{"level":40,"time":1780837725334,"pid":2244,"hostname":"DESKTOP-G8F9RK0","msg":"Le queda (112) segundos para que la sesion se expire"}
{"level":40,"time":1780837725532,"pid":2244,"hostname":"DESKTOP-G8F9RK0","msg":"Le queda (112) segundos para que la sesion se expire"}
{"level":40,"time":1780837725599,"pid":2244,"hostname":"DESKTOP-G8F9RK0","msg":"Le queda (112) segundos para que la sesion se expire"}
{"level":40,"time":1780837725764,"pid":2244,"hostname":"DESKTOP-G8F9RK0","msg":"Le queda (112) segundos para que la sesion se expire"}
{"level":40,"time":1780837725829,"pid":2244,"hostname":"DESKTOP-G8F9RK0","msg":"Le queda (112) segundos para que la sesion se expire"}
{"level":40,"time":1780837728098,"pid":2244,"hostname":"DESKTOP-G8F9RK0","msg":"Le queda (109) segundos para que la sesion se expire"}
{"level":40,"time":1780837728297,"pid":2244,"hostname":"DESKTOP-G8F9RK0","msg":"Le queda (109) segundos para que la sesion se expire"}
{"level":40,"time":1780837856859,"pid":7652,"hostname":"DESKTOP-G8F9RK0","msg":"Le queda (118) segundos para que la sesion se expire"}
{"level":40,"time":1780837857245,"pid":7652,"hostname":"DESKTOP-G8F9RK0","msg":"Le queda (117) segundos para que la sesion se expire"}
{"level":40,"time":1780837860597,"pid":7652,"hostname":"DESKTOP-G8F9RK0","msg":"Le queda (114) segundos para que la sesion se expire"}
{"level":40,"time":1780837860709,"pid":7652,"hostname":"DESKTOP-G8F9RK0","msg":"Le queda (114) segundos para que la sesion se expire"}
{"level":40,"time":1780837860971,"pid":7652,"hostname":"DESKTOP-G8F9RK0","msg":"Le queda (114) segundos para que la sesion se expire"}
{"level":40,"time":1780837861027,"pid":7652,"hostname":"DESKTOP-G8F9RK0","msg":"Le queda (113) segundos para que la sesion se expire"}
{"level":40,"time":1780837861249,"pid":7652,"hostname":"DESKTOP-G8F9RK0","msg":"Le queda (113) segundos para que la sesion se expire"}
{"level":40,"time":1780837861326,"pid":7652,"hostname":"DESKTOP-G8F9RK0","msg":"Le queda (113) segundos para que la sesion se expire"}
{"level":40,"time":1780837861736,"pid":7652,"hostname":"DESKTOP-G8F9RK0","msg":"Le queda (113) segundos para que la sesion se expire"}
{"level":40,"time":1780837861777,"pid":7652,"hostname":"DESKTOP-G8F9RK0","msg":"Le queda (113) segundos para que la sesion se expire"}
{"level":40,"time":1780837861788,"pid":7652,"hostname":"DESKTOP-G8F9RK0","msg":"Le queda (113) segundos para que la sesion se expire"}
{"level":40,"time":1780837861993,"pid":7652,"hostname":"DESKTOP-G8F9RK0","msg":"Le queda (113) segundos para que la sesion se expire"}
{"level":40,"time":1780837863557,"pid":7652,"hostname":"DESKTOP-G8F9RK0","msg":"Le queda (111) segundos para que la sesion se expire"}
{"level":40,"time":1780837864031,"pid":7652,"hostname":"DESKTOP-G8F9RK0","msg":"Le queda (110) segundos para que la sesion se expire"}
{"level":40,"time":1780837927793,"pid":8444,"hostname":"DESKTOP-G8F9RK0","msg":"Le queda (47) segundos para que la sesion se expire"}
{"level":40,"time":1780837929340,"pid":8444,"hostname":"DESKTOP-G8F9RK0","msg":"Le queda (45) segundos para que la sesion se expire"}
{"level":40,"time":1780837929572,"pid":8444,"hostname":"DESKTOP-G8F9RK0","msg":"Le queda (45) segundos para que la sesion se expire"}
{"level":40,"time":1780837932724,"pid":8444,"hostname":"DESKTOP-G8F9RK0","msg":"Le queda (42) segundos para que la sesion se expire"}
{"level":40,"time":1780837932784,"pid":8444,"hostname":"DESKTOP-G8F9RK0","msg":"Le queda (42) segundos para que la sesion se expire"}
{"level":40,"time":1780837933096,"pid":8444,"hostname":"DESKTOP-G8F9RK0","msg":"Le queda (41) segundos para que la sesion se expire"}
{"level":40,"time":1780837933166,"pid":8444,"hostname":"DESKTOP-G8F9RK0","msg":"Le queda (41) segundos para que la sesion se expire"}
{"level":40,"time":1780837933469,"pid":8444,"hostname":"DESKTOP-G8F9RK0","msg":"Le queda (41) segundos para que la sesion se expire"}
{"level":40,"time":1780837933528,"pid":8444,"hostname":"DESKTOP-G8F9RK0","msg":"Le queda (41) segundos para que la sesion se expire"}
{"level":40,"time":1780837933871,"pid":8444,"hostname":"DESKTOP-G8F9RK0","msg":"Le queda (41) segundos para que la sesion se expire"}
{"level":40,"time":1780837933919,"pid":8444,"hostname":"DESKTOP-G8F9RK0","msg":"Le queda (41) segundos para que la sesion se expire"}
{"level":40,"time":1780837933938,"pid":8444,"hostname":"DESKTOP-G8F9RK0","msg":"Le queda (41) segundos para que la sesion se expire"}
{"level":40,"time":1780837934120,"pid":8444,"hostname":"DESKTOP-G8F9RK0","msg":"Le queda (40) segundos para que la sesion se expire"}
{"level":40,"time":1780837937038,"pid":8444,"hostname":"DESKTOP-G8F9RK0","msg":"Le queda (37) segundos para que la sesion se expire"}
{"level":40,"time":1780837937521,"pid":8444,"hostname":"DESKTOP-G8F9RK0","msg":"Le queda (37) segundos para que la sesion se expire"}
{"level":40,"time":1780838073779,"pid":7296,"hostname":"DESKTOP-G8F9RK0","msg":"Le queda (118) segundos para que la sesion se expire"}
{"level":40,"time":1780838073999,"pid":7296,"hostname":"DESKTOP-G8F9RK0","msg":"Le queda (118) segundos para que la sesion se expire"}
{"level":40,"time":1780838078455,"pid":7296,"hostname":"DESKTOP-G8F9RK0","msg":"Le queda (113) segundos para que la sesion se expire"}
{"level":40,"time":1780838078667,"pid":7296,"hostname":"DESKTOP-G8F9RK0","msg":"Le queda (113) segundos para que la sesion se expire"}
{"level":40,"time":1780838084508,"pid":7296,"hostname":"DESKTOP-G8F9RK0","msg":"Le queda (107) segundos para que la sesion se expire"}
{"level":40,"time":1780838085601,"pid":7296,"hostname":"DESKTOP-G8F9RK0","msg":"Le queda (106) segundos para que la sesion se expire"}
{"level":40,"time":1780838086086,"pid":7296,"hostname":"DESKTOP-G8F9RK0","msg":"Le queda (105) segundos para que la sesion se expire"}
{"level":40,"time":1780838088188,"pid":7296,"hostname":"DESKTOP-G8F9RK0","msg":"Le queda (103) segundos para que la sesion se expire"}
{"level":40,"time":1780838088249,"pid":7296,"hostname":"DESKTOP-G8F9RK0","msg":"Le queda (103) segundos para que la sesion se expire"}
{"level":40,"time":1780838125167,"pid":7296,"hostname":"DESKTOP-G8F9RK0","msg":"Le queda (66) segundos para que la sesion se expire"}
{"level":40,"time":1780838125564,"pid":7296,"hostname":"DESKTOP-G8F9RK0","msg":"Le queda (66) segundos para que la sesion se expire"}
{"level":40,"time":1780838128351,"pid":7296,"hostname":"DESKTOP-G8F9RK0","msg":"Le queda (63) segundos para que la sesion se expire"}
{"level":40,"time":1780838128411,"pid":7296,"hostname":"DESKTOP-G8F9RK0","msg":"Le queda (63) segundos para que la sesion se expire"}
{"level":40,"time":1780838128686,"pid":7296,"hostname":"DESKTOP-G8F9RK0","msg":"Le queda (63) segundos para que la sesion se expire"}
{"level":40,"time":1780838128764,"pid":7296,"hostname":"DESKTOP-G8F9RK0","msg":"Le queda (63) segundos para que la sesion se expire"}
{"level":40,"time":1780838128915,"pid":7296,"hostname":"DESKTOP-G8F9RK0","msg":"Le queda (63) segundos para que la sesion se expire"}
{"level":40,"time":1780838128970,"pid":7296,"hostname":"DESKTOP-G8F9RK0","msg":"Le queda (63) segundos para que la sesion se expire"}
{"level":40,"time":1780838129418,"pid":7296,"hostname":"DESKTOP-G8F9RK0","msg":"Le queda (62) segundos para que la sesion se expire"}
{"level":40,"time":1780838129453,"pid":7296,"hostname":"DESKTOP-G8F9RK0","msg":"Le queda (62) segundos para que la sesion se expire"}
{"level":40,"time":1780838129480,"pid":7296,"hostname":"DESKTOP-G8F9RK0","msg":"Le queda (62) segundos para que la sesion se expire"}
{"level":40,"time":1780838129637,"pid":7296,"hostname":"DESKTOP-G8F9RK0","msg":"Le queda (62) segundos para que la sesion se expire"}
{"level":40,"time":1780838181988,"pid":12664,"hostname":"DESKTOP-G8F9RK0","msg":"Le queda (10) segundos para que la sesion se expire"}
{"level":40,"time":1780838182430,"pid":12664,"hostname":"DESKTOP-G8F9RK0","msg":"Le queda (9) segundos para que la sesion se expire"}
{"level":40,"time":1780838183343,"pid":12664,"hostname":"DESKTOP-G8F9RK0","msg":"Le queda (8) segundos para que la sesion se expire"}
{"level":40,"time":1780838183641,"pid":12664,"hostname":"DESKTOP-G8F9RK0","msg":"Le queda (8) segundos para que la sesion se expire"}
{"level":40,"time":1780838186121,"pid":12664,"hostname":"DESKTOP-G8F9RK0","msg":"Le queda (5) segundos para que la sesion se expire"}
{"level":40,"time":1780838186201,"pid":12664,"hostname":"DESKTOP-G8F9RK0","msg":"Le queda (5) segundos para que la sesion se expire"}
{"level":40,"time":1780838186448,"pid":12664,"hostname":"DESKTOP-G8F9RK0","msg":"Le queda (5) segundos para que la sesion se expire"}
{"level":40,"time":1780838186505,"pid":12664,"hostname":"DESKTOP-G8F9RK0","msg":"Le queda (5) segundos para que la sesion se expire"}
{"level":40,"time":1780838186674,"pid":12664,"hostname":"DESKTOP-G8F9RK0","msg":"Le queda (5) segundos para que la sesion se expire"}
{"level":40,"time":1780838186892,"pid":12664,"hostname":"DESKTOP-G8F9RK0","msg":"Le queda (5) segundos para que la sesion se expire"}
{"level":40,"time":1780838187081,"pid":12664,"hostname":"DESKTOP-G8F9RK0","msg":"Le queda (4) segundos para que la sesion se expire"}
{"level":40,"time":1780838187141,"pid":12664,"hostname":"DESKTOP-G8F9RK0","msg":"Le queda (4) segundos para que la sesion se expire"}
{"level":40,"time":1780838189543,"pid":12664,"hostname":"DESKTOP-G8F9RK0","msg":"Le queda (2) segundos para que la sesion se expire"}
{"level":40,"time":1780838189750,"pid":12664,"hostname":"DESKTOP-G8F9RK0","msg":"Le queda (2) segundos para que la sesion se expire"}
{"level":40,"time":1780838193575,"pid":12664,"hostname":"DESKTOP-G8F9RK0","name":"TokenExpiredError","message":"jwt expired","expiredAt":"2026-06-07T13:16:32.000Z","stack":"TokenExpiredError: jwt expired\n    at C:\\proyecto_escuelas\\backend\\node_modules\\jsonwebtoken\\verify.js:190:21\n    at getSecret (C:\\proyecto_escuelas\\backend\\node_modules\\jsonwebtoken\\verify.js:97:14)\n    at module.exports [as verify] (C:\\proyecto_escuelas\\backend\\node_modules\\jsonwebtoken\\verify.js:101:10)\n    at validateUser (file:///C:/proyecto_escuelas/backend/src/negocio/utils/jwt.js:8:33)\n    at autenticacion (file:///C:/proyecto_escuelas/backend/src/negocio/middlewares/autenticacion.js:19:25)\n    at Layer.handle [as handle_request] (C:\\proyecto_escuelas\\backend\\node_modules\\express\\lib\\router\\layer.js:95:5)\n    at next (C:\\proyecto_escuelas\\backend\\node_modules\\express\\lib\\router\\route.js:144:13)\n    at Route.dispatch (C:\\proyecto_escuelas\\backend\\node_modules\\express\\lib\\router\\route.js:114:3)\n    at Layer.handle [as handle_request] (C:\\proyecto_escuelas\\backend\\node_modules\\express\\lib\\router\\layer.js:95:5)\n    at C:\\proyecto_escuelas\\backend\\node_modules\\express\\lib\\router\\index.js:284:15","type":"Error","msg":"jwt expired"}
{"level":40,"time":1780838198876,"pid":12664,"hostname":"DESKTOP-G8F9RK0","msg":"Le queda (118) segundos para que la sesion se expire"}
{"level":40,"time":1780838199232,"pid":12664,"hostname":"DESKTOP-G8F9RK0","msg":"Le queda (117) segundos para que la sesion se expire"}
{"level":40,"time":1780838201892,"pid":12664,"hostname":"DESKTOP-G8F9RK0","msg":"Le queda (115) segundos para que la sesion se expire"}
{"level":40,"time":1780838201958,"pid":12664,"hostname":"DESKTOP-G8F9RK0","msg":"Le queda (115) segundos para que la sesion se expire"}
{"level":40,"time":1780838202282,"pid":12664,"hostname":"DESKTOP-G8F9RK0","msg":"Le queda (114) segundos para que la sesion se expire"}
{"level":40,"time":1780838202341,"pid":12664,"hostname":"DESKTOP-G8F9RK0","msg":"Le queda (114) segundos para que la sesion se expire"}
{"level":40,"time":1780838202499,"pid":12664,"hostname":"DESKTOP-G8F9RK0","msg":"Le queda (114) segundos para que la sesion se expire"}
{"level":40,"time":1780838202563,"pid":12664,"hostname":"DESKTOP-G8F9RK0","msg":"Le queda (114) segundos para que la sesion se expire"}
{"level":40,"time":1780838202987,"pid":12664,"hostname":"DESKTOP-G8F9RK0","msg":"Le queda (114) segundos para que la sesion se expire"}
{"level":40,"time":1780838203040,"pid":12664,"hostname":"DESKTOP-G8F9RK0","msg":"Le queda (113) segundos para que la sesion se expire"}
{"level":40,"time":1780838203043,"pid":12664,"hostname":"DESKTOP-G8F9RK0","msg":"Le queda (113) segundos para que la sesion se expire"}
{"level":40,"time":1780838203264,"pid":12664,"hostname":"DESKTOP-G8F9RK0","msg":"Le queda (113) segundos para que la sesion se expire"}
{"level":40,"time":1780838204928,"pid":12664,"hostname":"DESKTOP-G8F9RK0","msg":"Le queda (112) segundos para que la sesion se expire"}
{"level":40,"time":1780838205117,"pid":12664,"hostname":"DESKTOP-G8F9RK0","msg":"Le queda (111) segundos para que la sesion se expire"}
{"level":40,"time":1780838211483,"pid":12664,"hostname":"DESKTOP-G8F9RK0","msg":"Le queda (105) segundos para que la sesion se expire"}
{"level":40,"time":1780838212664,"pid":12664,"hostname":"DESKTOP-G8F9RK0","msg":"Le queda (104) segundos para que la sesion se expire"}
{"level":40,"time":1780838213164,"pid":12664,"hostname":"DESKTOP-G8F9RK0","msg":"Le queda (103) segundos para que la sesion se expire"}
{"level":40,"time":1780838216030,"pid":12664,"hostname":"DESKTOP-G8F9RK0","msg":"Le queda (100) segundos para que la sesion se expire"}
{"level":40,"time":1780838216091,"pid":12664,"hostname":"DESKTOP-G8F9RK0","msg":"Le queda (100) segundos para que la sesion se expire"}
{"level":40,"time":1780838216480,"pid":12664,"hostname":"DESKTOP-G8F9RK0","msg":"Le queda (100) segundos para que la sesion se expire"}
{"level":40,"time":1780838216539,"pid":12664,"hostname":"DESKTOP-G8F9RK0","msg":"Le queda (100) segundos para que la sesion se expire"}
{"level":40,"time":1780838216733,"pid":12664,"hostname":"DESKTOP-G8F9RK0","msg":"Le queda (100) segundos para que la sesion se expire"}
{"level":40,"time":1780838216803,"pid":12664,"hostname":"DESKTOP-G8F9RK0","msg":"Le queda (100) segundos para que la sesion se expire"}
{"level":40,"time":1780838216996,"pid":12664,"hostname":"DESKTOP-G8F9RK0","msg":"Le queda (100) segundos para que la sesion se expire"}
{"level":40,"time":1780838217055,"pid":12664,"hostname":"DESKTOP-G8F9RK0","msg":"Le queda (99) segundos para que la sesion se expire"}
{"level":40,"time":1780838217220,"pid":12664,"hostname":"DESKTOP-G8F9RK0","msg":"Le queda (99) segundos para que la sesion se expire"}
{"level":40,"time":1780838217274,"pid":12664,"hostname":"DESKTOP-G8F9RK0","msg":"Le queda (99) segundos para que la sesion se expire"}
{"level":40,"time":1780838217995,"pid":12664,"hostname":"DESKTOP-G8F9RK0","msg":"Le queda (99) segundos para que la sesion se expire"}
{"level":40,"time":1780838218050,"pid":12664,"hostname":"DESKTOP-G8F9RK0","msg":"Le queda (98) segundos para que la sesion se expire"}
{"level":40,"time":1780838219173,"pid":12664,"hostname":"DESKTOP-G8F9RK0","msg":"Le queda (97) segundos para que la sesion se expire"}
{"level":40,"time":1780838219362,"pid":12664,"hostname":"DESKTOP-G8F9RK0","msg":"Le queda (97) segundos para que la sesion se expire"}
{"level":40,"time":1780844051970,"pid":1664,"hostname":"DESKTOP-G8F9RK0","msg":"Le queda (83) segundos para que la sesion se expire"}
{"level":40,"time":1780844052302,"pid":1664,"hostname":"DESKTOP-G8F9RK0","msg":"Le queda (82) segundos para que la sesion se expire"}
{"level":40,"time":1780844054916,"pid":1664,"hostname":"DESKTOP-G8F9RK0","msg":"Le queda (80) segundos para que la sesion se expire"}
{"level":40,"time":1780844055097,"pid":1664,"hostname":"DESKTOP-G8F9RK0","msg":"Le queda (79) segundos para que la sesion se expire"}
{"level":40,"time":1780844059564,"pid":1664,"hostname":"DESKTOP-G8F9RK0","msg":"Le queda (75) segundos para que la sesion se expire"}
{"level":40,"time":1780844060621,"pid":1664,"hostname":"DESKTOP-G8F9RK0","msg":"Le queda (74) segundos para que la sesion se expire"}
{"level":40,"time":1780844060818,"pid":1664,"hostname":"DESKTOP-G8F9RK0","msg":"Le queda (74) segundos para que la sesion se expire"}
{"level":40,"time":1780844062814,"pid":1664,"hostname":"DESKTOP-G8F9RK0","msg":"Le queda (72) segundos para que la sesion se expire"}
{"level":40,"time":1780844062869,"pid":1664,"hostname":"DESKTOP-G8F9RK0","msg":"Le queda (72) segundos para que la sesion se expire"}
{"level":40,"time":1780844070874,"pid":1664,"hostname":"DESKTOP-G8F9RK0","msg":"Le queda (64) segundos para que la sesion se expire"}
{"level":40,"time":1780844072672,"pid":1664,"hostname":"DESKTOP-G8F9RK0","msg":"Le queda (62) segundos para que la sesion se expire"}
{"level":40,"time":1780844073566,"pid":1664,"hostname":"DESKTOP-G8F9RK0","msg":"Le queda (61) segundos para que la sesion se expire"}
{"level":40,"time":1780844075893,"pid":1664,"hostname":"DESKTOP-G8F9RK0","msg":"Le queda (59) segundos para que la sesion se expire"}
{"level":40,"time":1780844076080,"pid":1664,"hostname":"DESKTOP-G8F9RK0","msg":"Le queda (58) segundos para que la sesion se expire"}
{"level":40,"time":1780844640931,"pid":1664,"hostname":"DESKTOP-G8F9RK0","msg":"Le queda (117) segundos para que la sesion se expire"}
{"level":40,"time":1780844641132,"pid":1664,"hostname":"DESKTOP-G8F9RK0","msg":"Le queda (116) segundos para que la sesion se expire"}
{"level":40,"time":1780844643677,"pid":1664,"hostname":"DESKTOP-G8F9RK0","msg":"Le queda (114) segundos para que la sesion se expire"}
{"level":40,"time":1780844643861,"pid":1664,"hostname":"DESKTOP-G8F9RK0","msg":"Le queda (114) segundos para que la sesion se expire"}
{"level":40,"time":1780844650184,"pid":1664,"hostname":"DESKTOP-G8F9RK0","msg":"Le queda (107) segundos para que la sesion se expire"}
{"level":40,"time":1780844651192,"pid":1664,"hostname":"DESKTOP-G8F9RK0","msg":"Le queda (106) segundos para que la sesion se expire"}
{"level":40,"time":1780844651436,"pid":1664,"hostname":"DESKTOP-G8F9RK0","msg":"Le queda (106) segundos para que la sesion se expire"}
{"level":40,"time":1780844653753,"pid":1664,"hostname":"DESKTOP-G8F9RK0","msg":"Le queda (104) segundos para que la sesion se expire"}
{"level":40,"time":1780844653806,"pid":1664,"hostname":"DESKTOP-G8F9RK0","msg":"Le queda (104) segundos para que la sesion se expire"}
{"level":40,"time":1780844847698,"pid":1664,"hostname":"DESKTOP-G8F9RK0","msg":"Le queda (117) segundos para que la sesion se expire"}
{"level":40,"time":1780844847890,"pid":1664,"hostname":"DESKTOP-G8F9RK0","msg":"Le queda (117) segundos para que la sesion se expire"}
{"level":40,"time":1780844850052,"pid":1664,"hostname":"DESKTOP-G8F9RK0","msg":"Le queda (114) segundos para que la sesion se expire"}
{"level":40,"time":1780844850231,"pid":1664,"hostname":"DESKTOP-G8F9RK0","msg":"Le queda (114) segundos para que la sesion se expire"}
{"level":40,"time":1780844854625,"pid":1664,"hostname":"DESKTOP-G8F9RK0","msg":"Le queda (110) segundos para que la sesion se expire"}
{"level":40,"time":1780845150527,"pid":6816,"hostname":"DESKTOP-G8F9RK0","msg":"Le queda (117) segundos para que la sesion se expire"}
{"level":40,"time":1780845150732,"pid":6816,"hostname":"DESKTOP-G8F9RK0","msg":"Le queda (117) segundos para que la sesion se expire"}
{"level":40,"time":1780845306001,"pid":6816,"hostname":"DESKTOP-G8F9RK0","msg":"Le queda (118) segundos para que la sesion se expire"}
{"level":40,"time":1780845306203,"pid":6816,"hostname":"DESKTOP-G8F9RK0","msg":"Le queda (117) segundos para que la sesion se expire"}
{"level":40,"time":1780845308719,"pid":6816,"hostname":"DESKTOP-G8F9RK0","msg":"Le queda (115) segundos para que la sesion se expire"}
{"level":40,"time":1780845308917,"pid":6816,"hostname":"DESKTOP-G8F9RK0","msg":"Le queda (115) segundos para que la sesion se expire"}
{"level":40,"time":1780845319968,"pid":6816,"hostname":"DESKTOP-G8F9RK0","msg":"Le queda (104) segundos para que la sesion se expire"}
{"level":40,"time":1780845560696,"pid":6816,"hostname":"DESKTOP-G8F9RK0","msg":"Le queda (118) segundos para que la sesion se expire"}
{"level":40,"time":1780845560896,"pid":6816,"hostname":"DESKTOP-G8F9RK0","msg":"Le queda (118) segundos para que la sesion se expire"}
{"level":40,"time":1780846066139,"pid":6816,"hostname":"DESKTOP-G8F9RK0","msg":"Le queda (117) segundos para que la sesion se expire"}
{"level":40,"time":1780846066341,"pid":6816,"hostname":"DESKTOP-G8F9RK0","msg":"Le queda (117) segundos para que la sesion se expire"}
{"level":40,"time":1780846068463,"pid":6816,"hostname":"DESKTOP-G8F9RK0","msg":"Le queda (115) segundos para que la sesion se expire"}
{"level":40,"time":1780846068644,"pid":6816,"hostname":"DESKTOP-G8F9RK0","msg":"Le queda (115) segundos para que la sesion se expire"}
{"level":40,"time":1780846073199,"pid":6816,"hostname":"DESKTOP-G8F9RK0","msg":"Le queda (110) segundos para que la sesion se expire"}
{"level":40,"time":1780846075035,"pid":6816,"hostname":"DESKTOP-G8F9RK0","msg":"Le queda (108) segundos para que la sesion se expire"}
{"level":40,"time":1780846075250,"pid":6816,"hostname":"DESKTOP-G8F9RK0","msg":"Le queda (108) segundos para que la sesion se expire"}
{"level":40,"time":1780846077478,"pid":6816,"hostname":"DESKTOP-G8F9RK0","msg":"Le queda (106) segundos para que la sesion se expire"}
{"level":40,"time":1780846077528,"pid":6816,"hostname":"DESKTOP-G8F9RK0","msg":"Le queda (106) segundos para que la sesion se expire"}
{"level":40,"time":1780846083920,"pid":6816,"hostname":"DESKTOP-G8F9RK0","msg":"Le queda (100) segundos para que la sesion se expire"}
{"level":40,"time":1780846084131,"pid":6816,"hostname":"DESKTOP-G8F9RK0","msg":"Le queda (99) segundos para que la sesion se expire"}
{"level":40,"time":1780846104440,"pid":6816,"hostname":"DESKTOP-G8F9RK0","msg":"Le queda (79) segundos para que la sesion se expire"}
{"level":40,"time":1780846104860,"pid":6816,"hostname":"DESKTOP-G8F9RK0","msg":"Le queda (79) segundos para que la sesion se expire"}
{"level":40,"time":1780846107706,"pid":6816,"hostname":"DESKTOP-G8F9RK0","msg":"Le queda (76) segundos para que la sesion se expire"}
{"level":40,"time":1780846107762,"pid":6816,"hostname":"DESKTOP-G8F9RK0","msg":"Le queda (76) segundos para que la sesion se expire"}
{"level":40,"time":1780846108041,"pid":6816,"hostname":"DESKTOP-G8F9RK0","msg":"Le queda (75) segundos para que la sesion se expire"}
{"level":40,"time":1780846108088,"pid":6816,"hostname":"DESKTOP-G8F9RK0","msg":"Le queda (75) segundos para que la sesion se expire"}
{"level":40,"time":1780846108277,"pid":6816,"hostname":"DESKTOP-G8F9RK0","msg":"Le queda (75) segundos para que la sesion se expire"}
{"level":40,"time":1780846108325,"pid":6816,"hostname":"DESKTOP-G8F9RK0","msg":"Le queda (75) segundos para que la sesion se expire"}
{"level":40,"time":1780846108713,"pid":6816,"hostname":"DESKTOP-G8F9RK0","msg":"Le queda (75) segundos para que la sesion se expire"}
{"level":40,"time":1780846108752,"pid":6816,"hostname":"DESKTOP-G8F9RK0","msg":"Le queda (75) segundos para que la sesion se expire"}
{"level":40,"time":1780846108763,"pid":6816,"hostname":"DESKTOP-G8F9RK0","msg":"Le queda (75) segundos para que la sesion se expire"}
{"level":40,"time":1780846108768,"pid":6816,"hostname":"DESKTOP-G8F9RK0","msg":"Le queda (75) segundos para que la sesion se expire"}
{"level":40,"time":1780846108931,"pid":6816,"hostname":"DESKTOP-G8F9RK0","msg":"Le queda (75) segundos para que la sesion se expire"}
{"level":40,"time":1780846108952,"pid":6816,"hostname":"DESKTOP-G8F9RK0","msg":"Le queda (75) segundos para que la sesion se expire"}
{"level":40,"time":1780846110551,"pid":6816,"hostname":"DESKTOP-G8F9RK0","msg":"Le queda (73) segundos para que la sesion se expire"}
{"level":40,"time":1780846110599,"pid":6816,"hostname":"DESKTOP-G8F9RK0","msg":"Le queda (73) segundos para que la sesion se expire"}
{"level":40,"time":1780846117249,"pid":6816,"hostname":"DESKTOP-G8F9RK0","msg":"Le queda (66) segundos para que la sesion se expire"}
{"level":40,"time":1780846119750,"pid":6816,"hostname":"DESKTOP-G8F9RK0","msg":"Le queda (64) segundos para que la sesion se expire"}
{"level":40,"time":1780846120003,"pid":6816,"hostname":"DESKTOP-G8F9RK0","msg":"Le queda (64) segundos para que la sesion se expire"}
{"level":40,"time":1780846122117,"pid":6816,"hostname":"DESKTOP-G8F9RK0","msg":"Le queda (61) segundos para que la sesion se expire"}
{"level":40,"time":1780846122177,"pid":6816,"hostname":"DESKTOP-G8F9RK0","msg":"Le queda (61) segundos para que la sesion se expire"}
{"level":40,"time":1780846122394,"pid":6816,"hostname":"DESKTOP-G8F9RK0","msg":"Le queda (61) segundos para que la sesion se expire"}
{"level":40,"time":1780846122444,"pid":6816,"hostname":"DESKTOP-G8F9RK0","msg":"Le queda (61) segundos para que la sesion se expire"}
{"level":40,"time":1780846122812,"pid":6816,"hostname":"DESKTOP-G8F9RK0","msg":"Le queda (61) segundos para que la sesion se expire"}
{"level":40,"time":1780846122861,"pid":6816,"hostname":"DESKTOP-G8F9RK0","msg":"Le queda (61) segundos para que la sesion se expire"}
{"level":40,"time":1780846123027,"pid":6816,"hostname":"DESKTOP-G8F9RK0","msg":"Le queda (60) segundos para que la sesion se expire"}
{"level":40,"time":1780846123090,"pid":6816,"hostname":"DESKTOP-G8F9RK0","msg":"Le queda (60) segundos para que la sesion se expire"}
{"level":40,"time":1780846123535,"pid":6816,"hostname":"DESKTOP-G8F9RK0","msg":"Le queda (60) segundos para que la sesion se expire"}
{"level":40,"time":1780846123589,"pid":6816,"hostname":"DESKTOP-G8F9RK0","msg":"Le queda (60) segundos para que la sesion se expire"}
{"level":40,"time":1780846123594,"pid":6816,"hostname":"DESKTOP-G8F9RK0","msg":"Le queda (60) segundos para que la sesion se expire"}
{"level":40,"time":1780846123640,"pid":6816,"hostname":"DESKTOP-G8F9RK0","msg":"Le queda (60) segundos para que la sesion se expire"}
{"level":40,"time":1780846124855,"pid":6816,"hostname":"DESKTOP-G8F9RK0","msg":"Le queda (59) segundos para que la sesion se expire"}
{"level":40,"time":1780846125043,"pid":6816,"hostname":"DESKTOP-G8F9RK0","msg":"Le queda (58) segundos para que la sesion se expire"}
{"level":40,"time":1780854369916,"pid":2160,"hostname":"DESKTOP-G8F9RK0","msg":"Le queda (115) segundos para que la sesion se expire"}
{"level":40,"time":1780854370184,"pid":2160,"hostname":"DESKTOP-G8F9RK0","msg":"Le queda (114) segundos para que la sesion se expire"}
{"level":40,"time":1780854383382,"pid":2160,"hostname":"DESKTOP-G8F9RK0","msg":"Le queda (101) segundos para que la sesion se expire"}
{"level":40,"time":1780854383593,"pid":2160,"hostname":"DESKTOP-G8F9RK0","msg":"Le queda (101) segundos para que la sesion se expire"}
{"level":40,"time":1780854447493,"pid":2160,"hostname":"DESKTOP-G8F9RK0","msg":"Le queda (37) segundos para que la sesion se expire"}
{"level":40,"time":1780854447703,"pid":2160,"hostname":"DESKTOP-G8F9RK0","msg":"Le queda (37) segundos para que la sesion se expire"}
{"level":40,"time":1780854449069,"pid":2160,"hostname":"DESKTOP-G8F9RK0","msg":"Le queda (35) segundos para que la sesion se expire"}
{"level":40,"time":1780854449293,"pid":2160,"hostname":"DESKTOP-G8F9RK0","msg":"Le queda (35) segundos para que la sesion se expire"}
{"level":40,"time":1780854521072,"pid":2160,"hostname":"DESKTOP-G8F9RK0","msg":"Le queda (117) segundos para que la sesion se expire"}
{"level":40,"time":1780854521299,"pid":2160,"hostname":"DESKTOP-G8F9RK0","msg":"Le queda (117) segundos para que la sesion se expire"}
{"level":40,"time":1780854618448,"pid":2160,"hostname":"DESKTOP-G8F9RK0","msg":"Le queda (117) segundos para que la sesion se expire"}
{"level":40,"time":1780854618647,"pid":2160,"hostname":"DESKTOP-G8F9RK0","msg":"Le queda (117) segundos para que la sesion se expire"}
{"level":40,"time":1780854620779,"pid":2160,"hostname":"DESKTOP-G8F9RK0","msg":"Le queda (115) segundos para que la sesion se expire"}
{"level":40,"time":1780854621058,"pid":2160,"hostname":"DESKTOP-G8F9RK0","msg":"Le queda (114) segundos para que la sesion se expire"}
{"level":40,"time":1780855530159,"pid":2160,"hostname":"DESKTOP-G8F9RK0","msg":"Le queda (112) segundos para que la sesion se expire"}
{"level":40,"time":1780855530358,"pid":2160,"hostname":"DESKTOP-G8F9RK0","msg":"Le queda (112) segundos para que la sesion se expire"}
{"level":40,"time":1780855535361,"pid":2160,"hostname":"DESKTOP-G8F9RK0","msg":"Le queda (107) segundos para que la sesion se expire"}
{"level":40,"time":1780855535544,"pid":2160,"hostname":"DESKTOP-G8F9RK0","msg":"Le queda (107) segundos para que la sesion se expire"}
{"level":40,"time":1780858158135,"pid":2160,"hostname":"DESKTOP-G8F9RK0","msg":"Le queda (116) segundos para que la sesion se expire"}
{"level":40,"time":1780858158370,"pid":2160,"hostname":"DESKTOP-G8F9RK0","msg":"Le queda (116) segundos para que la sesion se expire"}
{"level":40,"time":1780858165378,"pid":2160,"hostname":"DESKTOP-G8F9RK0","msg":"Le queda (109) segundos para que la sesion se expire"}
{"level":40,"time":1780858165738,"pid":2160,"hostname":"DESKTOP-G8F9RK0","msg":"Le queda (109) segundos para que la sesion se expire"}
{"level":40,"time":1780858177609,"pid":2160,"hostname":"DESKTOP-G8F9RK0","msg":"Le queda (97) segundos para que la sesion se expire"}
{"level":40,"time":1780858178081,"pid":2160,"hostname":"DESKTOP-G8F9RK0","msg":"Le queda (96) segundos para que la sesion se expire"}
{"level":50,"time":1780859408240,"pid":10384,"hostname":"DESKTOP-G8F9RK0","msg":"documentosService.listarDocumentosPerona is not a function"}
{"level":50,"time":1780859408240,"pid":10384,"hostname":"DESKTOP-G8F9RK0","msg":"documentosService.listarDocumentosPerona is not a function"}
{"level":50,"time":1780859808534,"pid":7792,"hostname":"DESKTOP-G8F9RK0","msg":"listarDocumentosPersona is not defined"}
{"level":50,"time":1780859808535,"pid":7792,"hostname":"DESKTOP-G8F9RK0","msg":"listarDocumentosPersona is not defined"}
{"level":50,"time":1780859968873,"pid":5232,"hostname":"DESKTOP-G8F9RK0","msg":"listarDocumentosPersona is not defined"}
{"level":50,"time":1780859968873,"pid":5232,"hostname":"DESKTOP-G8F9RK0","msg":"listarDocumentosPersona is not defined"}
{"level":40,"time":1780871535192,"pid":4248,"hostname":"DESKTOP-G8F9RK0","msg":"Le queda (117) segundos para que la sesion se expire"}
{"level":40,"time":1780871535431,"pid":4248,"hostname":"DESKTOP-G8F9RK0","msg":"Le queda (117) segundos para que la sesion se expire"}
{"level":40,"time":1780871537572,"pid":4248,"hostname":"DESKTOP-G8F9RK0","msg":"Le queda (115) segundos para que la sesion se expire"}
{"level":40,"time":1780871537759,"pid":4248,"hostname":"DESKTOP-G8F9RK0","msg":"Le queda (115) segundos para que la sesion se expire"}
{"level":50,"time":1780871539170,"pid":4248,"hostname":"DESKTOP-G8F9RK0","msg":"id is not defined"}
{"level":50,"time":1780871539185,"pid":4248,"hostname":"DESKTOP-G8F9RK0","msg":"id is not defined"}
{"level":40,"time":1780871608519,"pid":4248,"hostname":"DESKTOP-G8F9RK0","msg":"Le queda (44) segundos para que la sesion se expire"}
{"level":40,"time":1780871608867,"pid":4248,"hostname":"DESKTOP-G8F9RK0","msg":"Le queda (44) segundos para que la sesion se expire"}
{"level":40,"time":1780871609721,"pid":4248,"hostname":"DESKTOP-G8F9RK0","msg":"Le queda (43) segundos para que la sesion se expire"}
{"level":40,"time":1780871611575,"pid":4248,"hostname":"DESKTOP-G8F9RK0","msg":"Le queda (41) segundos para que la sesion se expire"}
{"level":50,"time":1780871614124,"pid":4248,"hostname":"DESKTOP-G8F9RK0","msg":"id is not defined"}
{"level":50,"time":1780871614129,"pid":4248,"hostname":"DESKTOP-G8F9RK0","msg":"id is not defined"}
{"level":40,"time":1780871675252,"pid":4248,"hostname":"DESKTOP-G8F9RK0","msg":"Le queda (117) segundos para que la sesion se expire"}
{"level":40,"time":1780871675462,"pid":4248,"hostname":"DESKTOP-G8F9RK0","msg":"Le queda (117) segundos para que la sesion se expire"}
{"level":50,"time":1780871678179,"pid":4248,"hostname":"DESKTOP-G8F9RK0","msg":"id is not defined"}
{"level":50,"time":1780871678181,"pid":4248,"hostname":"DESKTOP-G8F9RK0","msg":"id is not defined"}
{"level":40,"time":1780871872876,"pid":4248,"hostname":"DESKTOP-G8F9RK0","msg":"Le queda (118) segundos para que la sesion se expire"}
{"level":40,"time":1780871873079,"pid":4248,"hostname":"DESKTOP-G8F9RK0","msg":"Le queda (117) segundos para que la sesion se expire"}
{"level":50,"time":1780871875516,"pid":4248,"hostname":"DESKTOP-G8F9RK0","msg":"id is not defined"}
{"level":50,"time":1780871875526,"pid":4248,"hostname":"DESKTOP-G8F9RK0","msg":"id is not defined"}
{"level":40,"time":1780871886241,"pid":4248,"hostname":"DESKTOP-G8F9RK0","msg":"Le queda (104) segundos para que la sesion se expire"}
{"level":40,"time":1780871886583,"pid":4248,"hostname":"DESKTOP-G8F9RK0","msg":"Le queda (104) segundos para que la sesion se expire"}
{"level":40,"time":1780871888785,"pid":4248,"hostname":"DESKTOP-G8F9RK0","msg":"Le queda (102) segundos para que la sesion se expire"}
{"level":40,"time":1780871888976,"pid":4248,"hostname":"DESKTOP-G8F9RK0","msg":"Le queda (102) segundos para que la sesion se expire"}
{"level":50,"time":1780871890025,"pid":4248,"hostname":"DESKTOP-G8F9RK0","msg":"id is not defined"}
{"level":50,"time":1780871890033,"pid":4248,"hostname":"DESKTOP-G8F9RK0","msg":"id is not defined"}
{"level":40,"time":1780872513397,"pid":4248,"hostname":"DESKTOP-G8F9RK0","msg":"Le queda (117) segundos para que la sesion se expire"}
{"level":40,"time":1780872513622,"pid":4248,"hostname":"DESKTOP-G8F9RK0","msg":"Le queda (117) segundos para que la sesion se expire"}
{"level":40,"time":1780872516944,"pid":4248,"hostname":"DESKTOP-G8F9RK0","msg":"Le queda (114) segundos para que la sesion se expire"}
{"level":40,"time":1780872517145,"pid":4248,"hostname":"DESKTOP-G8F9RK0","msg":"Le queda (113) segundos para que la sesion se expire"}
{"level":50,"time":1780872518577,"pid":4248,"hostname":"DESKTOP-G8F9RK0","msg":"id is not defined"}
{"level":50,"time":1780872518581,"pid":4248,"hostname":"DESKTOP-G8F9RK0","msg":"id is not defined"}
{"level":40,"time":1780872689366,"pid":4248,"hostname":"DESKTOP-G8F9RK0","msg":"Le queda (118) segundos para que la sesion se expire"}
{"level":40,"time":1780872689570,"pid":4248,"hostname":"DESKTOP-G8F9RK0","msg":"Le queda (118) segundos para que la sesion se expire"}
{"level":40,"time":1780872691880,"pid":4248,"hostname":"DESKTOP-G8F9RK0","msg":"Le queda (116) segundos para que la sesion se expire"}
{"level":40,"time":1780872692056,"pid":4248,"hostname":"DESKTOP-G8F9RK0","msg":"Le queda (115) segundos para que la sesion se expire"}
{"level":50,"time":1780872693513,"pid":4248,"hostname":"DESKTOP-G8F9RK0","msg":"id is not defined"}
{"level":50,"time":1780872693516,"pid":4248,"hostname":"DESKTOP-G8F9RK0","msg":"id is not defined"}
{"level":40,"time":1780872788234,"pid":4248,"hostname":"DESKTOP-G8F9RK0","msg":"Le queda (118) segundos para que la sesion se expire"}
{"level":40,"time":1780872788438,"pid":4248,"hostname":"DESKTOP-G8F9RK0","msg":"Le queda (118) segundos para que la sesion se expire"}
{"level":40,"time":1780872790699,"pid":4248,"hostname":"DESKTOP-G8F9RK0","msg":"Le queda (116) segundos para que la sesion se expire"}
{"level":40,"time":1780872790873,"pid":4248,"hostname":"DESKTOP-G8F9RK0","msg":"Le queda (116) segundos para que la sesion se expire"}
{"level":50,"time":1780872791655,"pid":4248,"hostname":"DESKTOP-G8F9RK0","msg":"id is not defined"}
{"level":50,"time":1780872791658,"pid":4248,"hostname":"DESKTOP-G8F9RK0","msg":"id is not defined"}
{"level":50,"time":1780872910497,"pid":4248,"hostname":"DESKTOP-G8F9RK0","msg":"id is not defined"}
{"level":40,"time":1780872960157,"pid":4248,"hostname":"DESKTOP-G8F9RK0","msg":"Le queda (118) segundos para que la sesion se expire"}
{"level":40,"time":1780872960362,"pid":4248,"hostname":"DESKTOP-G8F9RK0","msg":"Le queda (118) segundos para que la sesion se expire"}
{"level":40,"time":1780872962386,"pid":4248,"hostname":"DESKTOP-G8F9RK0","msg":"Le queda (116) segundos para que la sesion se expire"}
{"level":40,"time":1780872962573,"pid":4248,"hostname":"DESKTOP-G8F9RK0","msg":"Le queda (116) segundos para que la sesion se expire"}
{"level":50,"time":1780872963349,"pid":4248,"hostname":"DESKTOP-G8F9RK0","msg":"id is not defined"}
{"level":50,"time":1780872963351,"pid":4248,"hostname":"DESKTOP-G8F9RK0","msg":"id is not defined"}
{"level":50,"time":1780872977650,"pid":4248,"hostname":"DESKTOP-G8F9RK0","msg":"id is not defined"}
{"level":40,"time":1780873044838,"pid":11340,"hostname":"DESKTOP-G8F9RK0","msg":"Le queda (118) segundos para que la sesion se expire"}
{"level":40,"time":1780873045051,"pid":11340,"hostname":"DESKTOP-G8F9RK0","msg":"Le queda (117) segundos para que la sesion se expire"}
{"level":40,"time":1780873046993,"pid":11340,"hostname":"DESKTOP-G8F9RK0","msg":"Le queda (116) segundos para que la sesion se expire"}
{"level":40,"time":1780873047182,"pid":11340,"hostname":"DESKTOP-G8F9RK0","msg":"Le queda (115) segundos para que la sesion se expire"}
{"level":40,"time":1780873396385,"pid":712,"hostname":"DESKTOP-G8F9RK0","msg":"Le queda (117) segundos para que la sesion se expire"}
{"level":40,"time":1780873396591,"pid":712,"hostname":"DESKTOP-G8F9RK0","msg":"Le queda (117) segundos para que la sesion se expire"}
{"level":40,"time":1780873398807,"pid":712,"hostname":"DESKTOP-G8F9RK0","msg":"Le queda (115) segundos para que la sesion se expire"}
{"level":40,"time":1780873398986,"pid":712,"hostname":"DESKTOP-G8F9RK0","msg":"Le queda (115) segundos para que la sesion se expire"}
{"level":40,"time":1780873629636,"pid":712,"hostname":"DESKTOP-G8F9RK0","msg":"Le queda (118) segundos para que la sesion se expire"}
{"level":40,"time":1780873629848,"pid":712,"hostname":"DESKTOP-G8F9RK0","msg":"Le queda (118) segundos para que la sesion se expire"}
{"level":40,"time":1780873902234,"pid":712,"hostname":"DESKTOP-G8F9RK0","msg":"Le queda (117) segundos para que la sesion se expire"}
{"level":40,"time":1780873902435,"pid":712,"hostname":"DESKTOP-G8F9RK0","msg":"Le queda (117) segundos para que la sesion se expire"}
{"level":40,"time":1780873907519,"pid":712,"hostname":"DESKTOP-G8F9RK0","msg":"Le queda (112) segundos para que la sesion se expire"}
{"level":40,"time":1780873907709,"pid":712,"hostname":"DESKTOP-G8F9RK0","msg":"Le queda (112) segundos para que la sesion se expire"}
{"level":40,"time":1780874001232,"pid":712,"hostname":"DESKTOP-G8F9RK0","msg":"Le queda (117) segundos para que la sesion se expire"}
{"level":40,"time":1780874001464,"pid":712,"hostname":"DESKTOP-G8F9RK0","msg":"Le queda (117) segundos para que la sesion se expire"}
{"level":40,"time":1780874559393,"pid":712,"hostname":"DESKTOP-G8F9RK0","msg":"Le queda (117) segundos para que la sesion se expire"}
{"level":40,"time":1780874559605,"pid":712,"hostname":"DESKTOP-G8F9RK0","msg":"Le queda (117) segundos para que la sesion se expire"}
{"level":40,"time":1780874561912,"pid":712,"hostname":"DESKTOP-G8F9RK0","msg":"Le queda (115) segundos para que la sesion se expire"}
{"level":40,"time":1780874562095,"pid":712,"hostname":"DESKTOP-G8F9RK0","msg":"Le queda (114) segundos para que la sesion se expire"}
{"level":40,"time":1780874700953,"pid":712,"hostname":"DESKTOP-G8F9RK0","msg":"Le queda (118) segundos para que la sesion se expire"}
{"level":40,"time":1780874701562,"pid":712,"hostname":"DESKTOP-G8F9RK0","msg":"Le queda (117) segundos para que la sesion se expire"}
{"level":40,"time":1780874703656,"pid":712,"hostname":"DESKTOP-G8F9RK0","msg":"Le queda (115) segundos para que la sesion se expire"}
{"level":40,"time":1780874703831,"pid":712,"hostname":"DESKTOP-G8F9RK0","msg":"Le queda (115) segundos para que la sesion se expire"}
<<<<<<< HEAD
{"level":40,"time":1781133383303,"pid":5988,"hostname":"DESKTOP-G8F9RK0","msg":"Le queda (116) segundos para que la sesion se expire"}
{"level":40,"time":1781133383566,"pid":5988,"hostname":"DESKTOP-G8F9RK0","msg":"Le queda (116) segundos para que la sesion se expire"}
{"level":40,"time":1781133386914,"pid":5988,"hostname":"DESKTOP-G8F9RK0","msg":"Le queda (113) segundos para que la sesion se expire"}
{"level":40,"time":1781133387107,"pid":5988,"hostname":"DESKTOP-G8F9RK0","msg":"Le queda (112) segundos para que la sesion se expire"}
{"level":50,"time":1781133954822,"pid":5988,"hostname":"DESKTOP-G8F9RK0","msg":"Usuario inexistente"}
{"level":40,"time":1781133961279,"pid":5988,"hostname":"DESKTOP-G8F9RK0","msg":"Le queda (117) segundos para que la sesion se expire"}
{"level":40,"time":1781133961733,"pid":5988,"hostname":"DESKTOP-G8F9RK0","msg":"Le queda (117) segundos para que la sesion se expire"}
{"level":40,"time":1781134012532,"pid":5988,"hostname":"DESKTOP-G8F9RK0","msg":"Le queda (66) segundos para que la sesion se expire"}
{"level":40,"time":1781134012746,"pid":5988,"hostname":"DESKTOP-G8F9RK0","msg":"Le queda (66) segundos para que la sesion se expire"}
{"level":40,"time":1781134014991,"pid":5988,"hostname":"DESKTOP-G8F9RK0","msg":"Le queda (64) segundos para que la sesion se expire"}
{"level":40,"time":1781134015192,"pid":5988,"hostname":"DESKTOP-G8F9RK0","msg":"Le queda (63) segundos para que la sesion se expire"}
{"level":40,"time":1781356085075,"pid":10968,"hostname":"DESKTOP-G8F9RK0","msg":"Le queda (117) segundos para que la sesion se expire"}
{"level":40,"time":1781356085297,"pid":10968,"hostname":"DESKTOP-G8F9RK0","msg":"Le queda (117) segundos para que la sesion se expire"}
{"level":40,"time":1781356163687,"pid":10968,"hostname":"DESKTOP-G8F9RK0","msg":"Le queda (39) segundos para que la sesion se expire"}
{"level":40,"time":1781356163897,"pid":10968,"hostname":"DESKTOP-G8F9RK0","msg":"Le queda (39) segundos para que la sesion se expire"}
{"level":40,"time":1781356339176,"pid":10968,"hostname":"DESKTOP-G8F9RK0","msg":"Le queda (117) segundos para que la sesion se expire"}
{"level":40,"time":1781356339376,"pid":10968,"hostname":"DESKTOP-G8F9RK0","msg":"Le queda (117) segundos para que la sesion se expire"}
{"level":40,"time":1781356429343,"pid":10968,"hostname":"DESKTOP-G8F9RK0","msg":"Le queda (117) segundos para que la sesion se expire"}
{"level":40,"time":1781356429547,"pid":10968,"hostname":"DESKTOP-G8F9RK0","msg":"Le queda (117) segundos para que la sesion se expire"}
{"level":40,"time":1781356949419,"pid":6388,"hostname":"DESKTOP-G8F9RK0","msg":"Le queda (117) segundos para que la sesion se expire"}
{"level":40,"time":1781356949693,"pid":6388,"hostname":"DESKTOP-G8F9RK0","msg":"Le queda (117) segundos para que la sesion se expire"}
{"level":40,"time":1781357141555,"pid":6388,"hostname":"DESKTOP-G8F9RK0","msg":"Le queda (117) segundos para que la sesion se expire"}
{"level":40,"time":1781357141752,"pid":6388,"hostname":"DESKTOP-G8F9RK0","msg":"Le queda (117) segundos para que la sesion se expire"}
{"level":40,"time":1781357271228,"pid":6388,"hostname":"DESKTOP-G8F9RK0","msg":"Le queda (117) segundos para que la sesion se expire"}
{"level":40,"time":1781357271441,"pid":6388,"hostname":"DESKTOP-G8F9RK0","msg":"Le queda (117) segundos para que la sesion se expire"}
{"level":40,"time":1781357333180,"pid":6388,"hostname":"DESKTOP-G8F9RK0","msg":"Le queda (55) segundos para que la sesion se expire"}
{"level":40,"time":1781357333379,"pid":6388,"hostname":"DESKTOP-G8F9RK0","msg":"Le queda (55) segundos para que la sesion se expire"}
{"level":40,"time":1781357684123,"pid":6388,"hostname":"DESKTOP-G8F9RK0","msg":"Le queda (117) segundos para que la sesion se expire"}
{"level":40,"time":1781357684320,"pid":6388,"hostname":"DESKTOP-G8F9RK0","msg":"Le queda (117) segundos para que la sesion se expire"}
{"level":40,"time":1781358182003,"pid":6388,"hostname":"DESKTOP-G8F9RK0","msg":"Le queda (116) segundos para que la sesion se expire"}
{"level":40,"time":1781358182253,"pid":6388,"hostname":"DESKTOP-G8F9RK0","msg":"Le queda (116) segundos para que la sesion se expire"}
{"level":40,"time":1781358271302,"pid":6388,"hostname":"DESKTOP-G8F9RK0","msg":"Le queda (27) segundos para que la sesion se expire"}
{"level":40,"time":1781358271509,"pid":6388,"hostname":"DESKTOP-G8F9RK0","msg":"Le queda (27) segundos para que la sesion se expire"}
{"level":40,"time":1781358273844,"pid":6388,"hostname":"DESKTOP-G8F9RK0","msg":"Le queda (25) segundos para que la sesion se expire"}
{"level":40,"time":1781358274058,"pid":6388,"hostname":"DESKTOP-G8F9RK0","msg":"Le queda (24) segundos para que la sesion se expire"}
{"level":40,"time":1781358274297,"pid":6388,"hostname":"DESKTOP-G8F9RK0","msg":"Le queda (24) segundos para que la sesion se expire"}
{"level":40,"time":1781358312422,"pid":6388,"hostname":"DESKTOP-G8F9RK0","msg":"Le queda (117) segundos para que la sesion se expire"}
{"level":40,"time":1781358312616,"pid":6388,"hostname":"DESKTOP-G8F9RK0","msg":"Le queda (117) segundos para que la sesion se expire"}
{"level":40,"time":1781358323615,"pid":6388,"hostname":"DESKTOP-G8F9RK0","msg":"Le queda (106) segundos para que la sesion se expire"}
{"level":40,"time":1781358323813,"pid":6388,"hostname":"DESKTOP-G8F9RK0","msg":"Le queda (106) segundos para que la sesion se expire"}
{"level":40,"time":1781358326193,"pid":6388,"hostname":"DESKTOP-G8F9RK0","msg":"Le queda (103) segundos para que la sesion se expire"}
{"level":40,"time":1781358326388,"pid":6388,"hostname":"DESKTOP-G8F9RK0","msg":"Le queda (103) segundos para que la sesion se expire"}
{"level":40,"time":1781358328051,"pid":6388,"hostname":"DESKTOP-G8F9RK0","msg":"Le queda (101) segundos para que la sesion se expire"}
{"level":40,"time":1781358328220,"pid":6388,"hostname":"DESKTOP-G8F9RK0","msg":"Le queda (101) segundos para que la sesion se expire"}
{"level":40,"time":1781358330204,"pid":6388,"hostname":"DESKTOP-G8F9RK0","msg":"Le queda (99) segundos para que la sesion se expire"}
{"level":40,"time":1781358364862,"pid":6388,"hostname":"DESKTOP-G8F9RK0","msg":"Le queda (65) segundos para que la sesion se expire"}
{"level":40,"time":1781358366259,"pid":6388,"hostname":"DESKTOP-G8F9RK0","msg":"Le queda (63) segundos para que la sesion se expire"}
{"level":40,"time":1781358390783,"pid":6388,"hostname":"DESKTOP-G8F9RK0","msg":"Le queda (39) segundos para que la sesion se expire"}
{"level":40,"time":1781358391051,"pid":6388,"hostname":"DESKTOP-G8F9RK0","msg":"Le queda (38) segundos para que la sesion se expire"}
{"level":40,"time":1781358391294,"pid":6388,"hostname":"DESKTOP-G8F9RK0","msg":"Le queda (38) segundos para que la sesion se expire"}
{"level":40,"time":1781358692051,"pid":6388,"hostname":"DESKTOP-G8F9RK0","msg":"Le queda (117) segundos para que la sesion se expire"}
{"level":40,"time":1781358692260,"pid":6388,"hostname":"DESKTOP-G8F9RK0","msg":"Le queda (117) segundos para que la sesion se expire"}
{"level":40,"time":1781358695428,"pid":6388,"hostname":"DESKTOP-G8F9RK0","msg":"Le queda (114) segundos para que la sesion se expire"}
{"level":40,"time":1781358695605,"pid":6388,"hostname":"DESKTOP-G8F9RK0","msg":"Le queda (114) segundos para que la sesion se expire"}
{"level":40,"time":1781358697974,"pid":6388,"hostname":"DESKTOP-G8F9RK0","msg":"Le queda (112) segundos para que la sesion se expire"}
{"level":40,"time":1781358698143,"pid":6388,"hostname":"DESKTOP-G8F9RK0","msg":"Le queda (111) segundos para que la sesion se expire"}
{"level":40,"time":1781358698337,"pid":6388,"hostname":"DESKTOP-G8F9RK0","msg":"Le queda (111) segundos para que la sesion se expire"}
{"level":40,"time":1781358804713,"pid":6388,"hostname":"DESKTOP-G8F9RK0","msg":"Le queda (118) segundos para que la sesion se expire"}
{"level":40,"time":1781358821184,"pid":6388,"hostname":"DESKTOP-G8F9RK0","msg":"Le queda (101) segundos para que la sesion se expire"}
{"level":40,"time":1781358821555,"pid":6388,"hostname":"DESKTOP-G8F9RK0","msg":"Le queda (101) segundos para que la sesion se expire"}
{"level":40,"time":1781358822703,"pid":6388,"hostname":"DESKTOP-G8F9RK0","msg":"Le queda (100) segundos para que la sesion se expire"}
{"level":40,"time":1781358822905,"pid":6388,"hostname":"DESKTOP-G8F9RK0","msg":"Le queda (100) segundos para que la sesion se expire"}
{"level":40,"time":1781358830566,"pid":6388,"hostname":"DESKTOP-G8F9RK0","msg":"Le queda (92) segundos para que la sesion se expire"}
{"level":40,"time":1781358831003,"pid":6388,"hostname":"DESKTOP-G8F9RK0","msg":"Le queda (92) segundos para que la sesion se expire"}
{"level":40,"time":1781358835292,"pid":6388,"hostname":"DESKTOP-G8F9RK0","msg":"Le queda (87) segundos para que la sesion se expire"}
{"level":40,"time":1781358835513,"pid":6388,"hostname":"DESKTOP-G8F9RK0","msg":"Le queda (87) segundos para que la sesion se expire"}
{"level":40,"time":1781358835762,"pid":6388,"hostname":"DESKTOP-G8F9RK0","msg":"Le queda (87) segundos para que la sesion se expire"}
{"level":40,"time":1781358900611,"pid":6388,"hostname":"DESKTOP-G8F9RK0","msg":"Le queda (22) segundos para que la sesion se expire"}
{"level":40,"time":1781358900819,"pid":6388,"hostname":"DESKTOP-G8F9RK0","msg":"Le queda (22) segundos para que la sesion se expire"}
{"level":40,"time":1781359556446,"pid":6388,"hostname":"DESKTOP-G8F9RK0","msg":"Le queda (117) segundos para que la sesion se expire"}
{"level":40,"time":1781359556672,"pid":6388,"hostname":"DESKTOP-G8F9RK0","msg":"Le queda (117) segundos para que la sesion se expire"}
{"level":40,"time":1781359559788,"pid":6388,"hostname":"DESKTOP-G8F9RK0","msg":"Le queda (114) segundos para que la sesion se expire"}
{"level":40,"time":1781359559970,"pid":6388,"hostname":"DESKTOP-G8F9RK0","msg":"Le queda (114) segundos para que la sesion se expire"}
{"level":40,"time":1781359563014,"pid":6388,"hostname":"DESKTOP-G8F9RK0","msg":"Le queda (110) segundos para que la sesion se expire"}
{"level":40,"time":1781359563171,"pid":6388,"hostname":"DESKTOP-G8F9RK0","msg":"Le queda (110) segundos para que la sesion se expire"}
{"level":40,"time":1781359563361,"pid":6388,"hostname":"DESKTOP-G8F9RK0","msg":"Le queda (110) segundos para que la sesion se expire"}
{"level":40,"time":1781359572449,"pid":6388,"hostname":"DESKTOP-G8F9RK0","msg":"Le queda (101) segundos para que la sesion se expire"}
{"level":40,"time":1781359572631,"pid":6388,"hostname":"DESKTOP-G8F9RK0","msg":"Le queda (101) segundos para que la sesion se expire"}
{"level":40,"time":1781359596128,"pid":6388,"hostname":"DESKTOP-G8F9RK0","msg":"Le queda (77) segundos para que la sesion se expire"}
{"level":40,"time":1781359596598,"pid":6388,"hostname":"DESKTOP-G8F9RK0","msg":"Le queda (77) segundos para que la sesion se expire"}
{"level":40,"time":1781365422902,"pid":4436,"hostname":"DESKTOP-G8F9RK0","msg":"Le queda (118) segundos para que la sesion se expire"}
{"level":40,"time":1781365423106,"pid":4436,"hostname":"DESKTOP-G8F9RK0","msg":"Le queda (117) segundos para que la sesion se expire"}
{"level":40,"time":1781365425370,"pid":4436,"hostname":"DESKTOP-G8F9RK0","msg":"Le queda (115) segundos para que la sesion se expire"}
{"level":40,"time":1781365425554,"pid":4436,"hostname":"DESKTOP-G8F9RK0","msg":"Le queda (115) segundos para que la sesion se expire"}
{"level":40,"time":1781365431484,"pid":4436,"hostname":"DESKTOP-G8F9RK0","msg":"Le queda (109) segundos para que la sesion se expire"}
{"level":40,"time":1781365431675,"pid":4436,"hostname":"DESKTOP-G8F9RK0","msg":"Le queda (109) segundos para que la sesion se expire"}
{"level":40,"time":1781365436587,"pid":4436,"hostname":"DESKTOP-G8F9RK0","msg":"Le queda (104) segundos para que la sesion se expire"}
{"level":40,"time":1781365436775,"pid":4436,"hostname":"DESKTOP-G8F9RK0","msg":"Le queda (104) segundos para que la sesion se expire"}
{"level":40,"time":1781366972808,"pid":4436,"hostname":"DESKTOP-G8F9RK0","msg":"Le queda (118) segundos para que la sesion se expire"}
{"level":40,"time":1781366973026,"pid":4436,"hostname":"DESKTOP-G8F9RK0","msg":"Le queda (117) segundos para que la sesion se expire"}
{"level":40,"time":1781366974851,"pid":4436,"hostname":"DESKTOP-G8F9RK0","msg":"Le queda (116) segundos para que la sesion se expire"}
{"level":40,"time":1781366975137,"pid":4436,"hostname":"DESKTOP-G8F9RK0","msg":"Le queda (115) segundos para que la sesion se expire"}
{"level":40,"time":1781373423477,"pid":4992,"hostname":"DESKTOP-G8F9RK0","msg":"Le queda (118) segundos para que la sesion se expire"}
{"level":40,"time":1781373423691,"pid":4992,"hostname":"DESKTOP-G8F9RK0","msg":"Le queda (118) segundos para que la sesion se expire"}
{"level":40,"time":1781373425828,"pid":4992,"hostname":"DESKTOP-G8F9RK0","msg":"Le queda (116) segundos para que la sesion se expire"}
{"level":40,"time":1781373426020,"pid":4992,"hostname":"DESKTOP-G8F9RK0","msg":"Le queda (115) segundos para que la sesion se expire"}
{"level":40,"time":1781375500544,"pid":4992,"hostname":"DESKTOP-G8F9RK0","msg":"Le queda (118) segundos para que la sesion se expire"}
{"level":40,"time":1781375500814,"pid":4992,"hostname":"DESKTOP-G8F9RK0","msg":"Le queda (118) segundos para que la sesion se expire"}
{"level":40,"time":1781375503403,"pid":4992,"hostname":"DESKTOP-G8F9RK0","msg":"Le queda (115) segundos para que la sesion se expire"}
{"level":40,"time":1781375503599,"pid":4992,"hostname":"DESKTOP-G8F9RK0","msg":"Le queda (115) segundos para que la sesion se expire"}
{"level":40,"time":1781451861156,"pid":9528,"hostname":"DESKTOP-G8F9RK0","msg":"Le queda (117) segundos para que la sesion se expire"}
{"level":40,"time":1781451861369,"pid":9528,"hostname":"DESKTOP-G8F9RK0","msg":"Le queda (117) segundos para que la sesion se expire"}
{"level":40,"time":1781451863636,"pid":9528,"hostname":"DESKTOP-G8F9RK0","msg":"Le queda (115) segundos para que la sesion se expire"}
{"level":40,"time":1781451863840,"pid":9528,"hostname":"DESKTOP-G8F9RK0","msg":"Le queda (115) segundos para que la sesion se expire"}
{"level":40,"time":1781452076669,"pid":9528,"hostname":"DESKTOP-G8F9RK0","msg":"Le queda (118) segundos para que la sesion se expire"}
{"level":40,"time":1781452076881,"pid":9528,"hostname":"DESKTOP-G8F9RK0","msg":"Le queda (118) segundos para que la sesion se expire"}
{"level":40,"time":1781452078898,"pid":9528,"hostname":"DESKTOP-G8F9RK0","msg":"Le queda (116) segundos para que la sesion se expire"}
{"level":40,"time":1781452080476,"pid":9528,"hostname":"DESKTOP-G8F9RK0","msg":"Le queda (114) segundos para que la sesion se expire"}
{"level":40,"time":1781452284309,"pid":9528,"hostname":"DESKTOP-G8F9RK0","msg":"Le queda (118) segundos para que la sesion se expire"}
{"level":40,"time":1781452285458,"pid":9528,"hostname":"DESKTOP-G8F9RK0","msg":"Le queda (117) segundos para que la sesion se expire"}
{"level":40,"time":1781452288383,"pid":9528,"hostname":"DESKTOP-G8F9RK0","msg":"Le queda (114) segundos para que la sesion se expire"}
{"level":40,"time":1781452288563,"pid":9528,"hostname":"DESKTOP-G8F9RK0","msg":"Le queda (114) segundos para que la sesion se expire"}
{"level":40,"time":1781452293513,"pid":9528,"hostname":"DESKTOP-G8F9RK0","msg":"Le queda (109) segundos para que la sesion se expire"}
{"level":40,"time":1781452293723,"pid":9528,"hostname":"DESKTOP-G8F9RK0","msg":"Le queda (109) segundos para que la sesion se expire"}
{"level":40,"time":1781452295944,"pid":9528,"hostname":"DESKTOP-G8F9RK0","msg":"Le queda (107) segundos para que la sesion se expire"}
{"level":40,"time":1781452295993,"pid":9528,"hostname":"DESKTOP-G8F9RK0","msg":"Le queda (107) segundos para que la sesion se expire"}
{"level":40,"time":1781452420576,"pid":9528,"hostname":"DESKTOP-G8F9RK0","msg":"Le queda (118) segundos para que la sesion se expire"}
{"level":40,"time":1781452420767,"pid":9528,"hostname":"DESKTOP-G8F9RK0","msg":"Le queda (118) segundos para que la sesion se expire"}
{"level":40,"time":1781452422570,"pid":9528,"hostname":"DESKTOP-G8F9RK0","msg":"Le queda (116) segundos para que la sesion se expire"}
{"level":40,"time":1781452422747,"pid":9528,"hostname":"DESKTOP-G8F9RK0","msg":"Le queda (116) segundos para que la sesion se expire"}
{"level":40,"time":1781452427180,"pid":9528,"hostname":"DESKTOP-G8F9RK0","msg":"Le queda (111) segundos para que la sesion se expire"}
{"level":40,"time":1781452427455,"pid":9528,"hostname":"DESKTOP-G8F9RK0","msg":"Le queda (111) segundos para que la sesion se expire"}
{"level":40,"time":1781452429993,"pid":9528,"hostname":"DESKTOP-G8F9RK0","msg":"Le queda (109) segundos para que la sesion se expire"}
{"level":40,"time":1781452430043,"pid":9528,"hostname":"DESKTOP-G8F9RK0","msg":"Le queda (108) segundos para que la sesion se expire"}
{"level":40,"time":1781452556070,"pid":9528,"hostname":"DESKTOP-G8F9RK0","msg":"Le queda (117) segundos para que la sesion se expire"}
{"level":40,"time":1781452556275,"pid":9528,"hostname":"DESKTOP-G8F9RK0","msg":"Le queda (117) segundos para que la sesion se expire"}
{"level":40,"time":1781452558336,"pid":9528,"hostname":"DESKTOP-G8F9RK0","msg":"Le queda (115) segundos para que la sesion se expire"}
{"level":40,"time":1781452558512,"pid":9528,"hostname":"DESKTOP-G8F9RK0","msg":"Le queda (115) segundos para que la sesion se expire"}
{"level":40,"time":1781452733406,"pid":9528,"hostname":"DESKTOP-G8F9RK0","msg":"Le queda (118) segundos para que la sesion se expire"}
{"level":40,"time":1781452733606,"pid":9528,"hostname":"DESKTOP-G8F9RK0","msg":"Le queda (118) segundos para que la sesion se expire"}
{"level":40,"time":1781452735607,"pid":9528,"hostname":"DESKTOP-G8F9RK0","msg":"Le queda (116) segundos para que la sesion se expire"}
{"level":40,"time":1781452737457,"pid":9528,"hostname":"DESKTOP-G8F9RK0","msg":"Le queda (114) segundos para que la sesion se expire"}
{"level":40,"time":1781452780221,"pid":9528,"hostname":"DESKTOP-G8F9RK0","msg":"Le queda (71) segundos para que la sesion se expire"}
{"level":40,"time":1781452782357,"pid":9528,"hostname":"DESKTOP-G8F9RK0","msg":"Le queda (69) segundos para que la sesion se expire"}
{"level":40,"time":1781452784689,"pid":9528,"hostname":"DESKTOP-G8F9RK0","msg":"Le queda (67) segundos para que la sesion se expire"}
{"level":40,"time":1781452784894,"pid":9528,"hostname":"DESKTOP-G8F9RK0","msg":"Le queda (67) segundos para que la sesion se expire"}
{"level":40,"time":1781452881798,"pid":7812,"hostname":"DESKTOP-G8F9RK0","msg":"Le queda (118) segundos para que la sesion se expire"}
{"level":40,"time":1781452882237,"pid":7812,"hostname":"DESKTOP-G8F9RK0","msg":"Le queda (117) segundos para que la sesion se expire"}
{"level":40,"time":1781452888543,"pid":7812,"hostname":"DESKTOP-G8F9RK0","msg":"Le queda (111) segundos para que la sesion se expire"}
{"level":40,"time":1781452888774,"pid":7812,"hostname":"DESKTOP-G8F9RK0","msg":"Le queda (111) segundos para que la sesion se expire"}
{"level":40,"time":1781453059510,"pid":7812,"hostname":"DESKTOP-G8F9RK0","msg":"Le queda (118) segundos para que la sesion se expire"}
{"level":40,"time":1781453059706,"pid":7812,"hostname":"DESKTOP-G8F9RK0","msg":"Le queda (118) segundos para que la sesion se expire"}
{"level":40,"time":1781453061388,"pid":7812,"hostname":"DESKTOP-G8F9RK0","msg":"Le queda (116) segundos para que la sesion se expire"}
{"level":40,"time":1781453061560,"pid":7812,"hostname":"DESKTOP-G8F9RK0","msg":"Le queda (116) segundos para que la sesion se expire"}
{"level":40,"time":1781453101150,"pid":7812,"hostname":"DESKTOP-G8F9RK0","msg":"Le queda (76) segundos para que la sesion se expire"}
{"level":40,"time":1781453101371,"pid":7812,"hostname":"DESKTOP-G8F9RK0","msg":"Le queda (76) segundos para que la sesion se expire"}
{"level":40,"time":1781453104329,"pid":7812,"hostname":"DESKTOP-G8F9RK0","msg":"Le queda (73) segundos para que la sesion se expire"}
{"level":40,"time":1781453104515,"pid":7812,"hostname":"DESKTOP-G8F9RK0","msg":"Le queda (73) segundos para que la sesion se expire"}
{"level":40,"time":1781453106684,"pid":7812,"hostname":"DESKTOP-G8F9RK0","msg":"Le queda (71) segundos para que la sesion se expire"}
{"level":40,"time":1781453106731,"pid":7812,"hostname":"DESKTOP-G8F9RK0","msg":"Le queda (71) segundos para que la sesion se expire"}
{"level":40,"time":1781453255914,"pid":7812,"hostname":"DESKTOP-G8F9RK0","msg":"Le queda (118) segundos para que la sesion se expire"}
{"level":40,"time":1781453256112,"pid":7812,"hostname":"DESKTOP-G8F9RK0","msg":"Le queda (117) segundos para que la sesion se expire"}
{"level":40,"time":1781453257956,"pid":7812,"hostname":"DESKTOP-G8F9RK0","msg":"Le queda (116) segundos para que la sesion se expire"}
{"level":40,"time":1781453258137,"pid":7812,"hostname":"DESKTOP-G8F9RK0","msg":"Le queda (115) segundos para que la sesion se expire"}
{"level":50,"time":1781453428364,"pid":7812,"hostname":"DESKTOP-G8F9RK0","msg":"Usuario inexistente"}
{"level":40,"time":1781453434060,"pid":7812,"hostname":"DESKTOP-G8F9RK0","msg":"Le queda (117) segundos para que la sesion se expire"}
{"level":40,"time":1781453434277,"pid":7812,"hostname":"DESKTOP-G8F9RK0","msg":"Le queda (117) segundos para que la sesion se expire"}
{"level":40,"time":1781453435918,"pid":7812,"hostname":"DESKTOP-G8F9RK0","msg":"Le queda (116) segundos para que la sesion se expire"}
{"level":40,"time":1781453436096,"pid":7812,"hostname":"DESKTOP-G8F9RK0","msg":"Le queda (115) segundos para que la sesion se expire"}
{"level":40,"time":1781453574188,"pid":7812,"hostname":"DESKTOP-G8F9RK0","msg":"Le queda (118) segundos para que la sesion se expire"}
{"level":40,"time":1781453574193,"pid":7812,"hostname":"DESKTOP-G8F9RK0","msg":"Le queda (118) segundos para que la sesion se expire"}
{"level":40,"time":1781453576490,"pid":7812,"hostname":"DESKTOP-G8F9RK0","msg":"Le queda (116) segundos para que la sesion se expire"}
{"level":40,"time":1781453576667,"pid":7812,"hostname":"DESKTOP-G8F9RK0","msg":"Le queda (116) segundos para que la sesion se expire"}
{"level":40,"time":1781453828786,"pid":7812,"hostname":"DESKTOP-G8F9RK0","msg":"Le queda (118) segundos para que la sesion se expire"}
{"level":40,"time":1781453829004,"pid":7812,"hostname":"DESKTOP-G8F9RK0","msg":"Le queda (117) segundos para que la sesion se expire"}
{"level":40,"time":1781453830843,"pid":7812,"hostname":"DESKTOP-G8F9RK0","msg":"Le queda (116) segundos para que la sesion se expire"}
{"level":40,"time":1781453831020,"pid":7812,"hostname":"DESKTOP-G8F9RK0","msg":"Le queda (115) segundos para que la sesion se expire"}
{"level":40,"time":1781453977022,"pid":7812,"hostname":"DESKTOP-G8F9RK0","msg":"Le queda (117) segundos para que la sesion se expire"}
{"level":40,"time":1781453977221,"pid":7812,"hostname":"DESKTOP-G8F9RK0","msg":"Le queda (117) segundos para que la sesion se expire"}
{"level":40,"time":1781453979023,"pid":7812,"hostname":"DESKTOP-G8F9RK0","msg":"Le queda (115) segundos para que la sesion se expire"}
{"level":40,"time":1781453979197,"pid":7812,"hostname":"DESKTOP-G8F9RK0","msg":"Le queda (115) segundos para que la sesion se expire"}
{"level":40,"time":1781454242808,"pid":7812,"hostname":"DESKTOP-G8F9RK0","msg":"Le queda (117) segundos para que la sesion se expire"}
{"level":40,"time":1781454243020,"pid":7812,"hostname":"DESKTOP-G8F9RK0","msg":"Le queda (116) segundos para que la sesion se expire"}
{"level":40,"time":1781454307183,"pid":7812,"hostname":"DESKTOP-G8F9RK0","msg":"Le queda (52) segundos para que la sesion se expire"}
{"level":40,"time":1781454307389,"pid":7812,"hostname":"DESKTOP-G8F9RK0","msg":"Le queda (52) segundos para que la sesion se expire"}
{"level":40,"time":1781454382281,"pid":7812,"hostname":"DESKTOP-G8F9RK0","msg":"Le queda (117) segundos para que la sesion se expire"}
{"level":40,"time":1781454382531,"pid":7812,"hostname":"DESKTOP-G8F9RK0","msg":"Le queda (117) segundos para que la sesion se expire"}
{"level":40,"time":1781454384534,"pid":7812,"hostname":"DESKTOP-G8F9RK0","msg":"Le queda (115) segundos para que la sesion se expire"}
{"level":40,"time":1781454384706,"pid":7812,"hostname":"DESKTOP-G8F9RK0","msg":"Le queda (115) segundos para que la sesion se expire"}
{"level":40,"time":1781454387827,"pid":7812,"hostname":"DESKTOP-G8F9RK0","msg":"Le queda (112) segundos para que la sesion se expire"}
{"level":40,"time":1781454388081,"pid":7812,"hostname":"DESKTOP-G8F9RK0","msg":"Le queda (111) segundos para que la sesion se expire"}
{"level":40,"time":1781454521113,"pid":7812,"hostname":"DESKTOP-G8F9RK0","msg":"Le queda (117) segundos para que la sesion se expire"}
{"level":40,"time":1781454521328,"pid":7812,"hostname":"DESKTOP-G8F9RK0","msg":"Le queda (117) segundos para que la sesion se expire"}
{"level":40,"time":1781454613733,"pid":7812,"hostname":"DESKTOP-G8F9RK0","msg":"Le queda (118) segundos para que la sesion se expire"}
{"level":40,"time":1781454613925,"pid":7812,"hostname":"DESKTOP-G8F9RK0","msg":"Le queda (118) segundos para que la sesion se expire"}
{"level":40,"time":1781454827916,"pid":7812,"hostname":"DESKTOP-G8F9RK0","msg":"Le queda (118) segundos para que la sesion se expire"}
{"level":40,"time":1781454828115,"pid":7812,"hostname":"DESKTOP-G8F9RK0","msg":"Le queda (117) segundos para que la sesion se expire"}
{"level":40,"time":1781454989062,"pid":7812,"hostname":"DESKTOP-G8F9RK0","msg":"Le queda (118) segundos para que la sesion se expire"}
{"level":40,"time":1781454989253,"pid":7812,"hostname":"DESKTOP-G8F9RK0","msg":"Le queda (118) segundos para que la sesion se expire"}
{"level":40,"time":1781475565555,"pid":11044,"hostname":"DESKTOP-G8F9RK0","msg":"Le queda (117) segundos para que la sesion se expire"}
{"level":40,"time":1781475565795,"pid":11044,"hostname":"DESKTOP-G8F9RK0","msg":"Le queda (117) segundos para que la sesion se expire"}
{"level":40,"time":1781475568669,"pid":11044,"hostname":"DESKTOP-G8F9RK0","msg":"Le queda (114) segundos para que la sesion se expire"}
{"level":40,"time":1781475568861,"pid":11044,"hostname":"DESKTOP-G8F9RK0","msg":"Le queda (114) segundos para que la sesion se expire"}
{"level":40,"time":1781475859927,"pid":11044,"hostname":"DESKTOP-G8F9RK0","msg":"Le queda (118) segundos para que la sesion se expire"}
{"level":40,"time":1781475860141,"pid":11044,"hostname":"DESKTOP-G8F9RK0","msg":"Le queda (117) segundos para que la sesion se expire"}
{"level":40,"time":1781475862069,"pid":11044,"hostname":"DESKTOP-G8F9RK0","msg":"Le queda (115) segundos para que la sesion se expire"}
{"level":40,"time":1781475862245,"pid":11044,"hostname":"DESKTOP-G8F9RK0","msg":"Le queda (115) segundos para que la sesion se expire"}
{"level":40,"time":1781476301476,"pid":11044,"hostname":"DESKTOP-G8F9RK0","msg":"Le queda (117) segundos para que la sesion se expire"}
{"level":40,"time":1781476301689,"pid":11044,"hostname":"DESKTOP-G8F9RK0","msg":"Le queda (117) segundos para que la sesion se expire"}
{"level":40,"time":1781476303740,"pid":11044,"hostname":"DESKTOP-G8F9RK0","msg":"Le queda (115) segundos para que la sesion se expire"}
{"level":40,"time":1781476303912,"pid":11044,"hostname":"DESKTOP-G8F9RK0","msg":"Le queda (115) segundos para que la sesion se expire"}
{"level":40,"time":1781532108998,"pid":12136,"hostname":"DESKTOP-G8F9RK0","msg":"Le queda (117) segundos para que la sesion se expire"}
{"level":40,"time":1781532109280,"pid":12136,"hostname":"DESKTOP-G8F9RK0","msg":"Le queda (116) segundos para que la sesion se expire"}
{"level":40,"time":1781532115560,"pid":12136,"hostname":"DESKTOP-G8F9RK0","msg":"Le queda (110) segundos para que la sesion se expire"}
{"level":40,"time":1781532115771,"pid":12136,"hostname":"DESKTOP-G8F9RK0","msg":"Le queda (110) segundos para que la sesion se expire"}
{"level":50,"time":1781532116979,"pid":12136,"hostname":"DESKTOP-G8F9RK0","msg":"documentosService.listarDocumentosPersona is not a function"}
{"level":50,"time":1781532116980,"pid":12136,"hostname":"DESKTOP-G8F9RK0","msg":"documentosService.listarDocumentosPersona is not a function"}
{"level":50,"time":1781532116990,"pid":12136,"hostname":"DESKTOP-G8F9RK0","msg":"documentosService.listarDocumentosPersona is not a function"}
{"level":50,"time":1781532116994,"pid":12136,"hostname":"DESKTOP-G8F9RK0","msg":"documentosService.listarDocumentosPersona is not a function"}
{"level":40,"time":1781532123273,"pid":12136,"hostname":"DESKTOP-G8F9RK0","msg":"Le queda (102) segundos para que la sesion se expire"}
{"level":40,"time":1781532123650,"pid":12136,"hostname":"DESKTOP-G8F9RK0","msg":"Le queda (102) segundos para que la sesion se expire"}
{"level":40,"time":1781532126219,"pid":12136,"hostname":"DESKTOP-G8F9RK0","msg":"Le queda (99) segundos para que la sesion se expire"}
{"level":40,"time":1781532126423,"pid":12136,"hostname":"DESKTOP-G8F9RK0","msg":"Le queda (99) segundos para que la sesion se expire"}
{"level":50,"time":1781532127487,"pid":12136,"hostname":"DESKTOP-G8F9RK0","msg":"documentosService.listarDocumentosPersona is not a function"}
{"level":50,"time":1781532127488,"pid":12136,"hostname":"DESKTOP-G8F9RK0","msg":"documentosService.listarDocumentosPersona is not a function"}
{"level":50,"time":1781532127494,"pid":12136,"hostname":"DESKTOP-G8F9RK0","msg":"documentosService.listarDocumentosPersona is not a function"}
{"level":50,"time":1781532127496,"pid":12136,"hostname":"DESKTOP-G8F9RK0","msg":"documentosService.listarDocumentosPersona is not a function"}
{"level":50,"time":1781532226728,"pid":3404,"hostname":"DESKTOP-G8F9RK0","errno":-4073,"code":"EHOSTUNREACH","syscall":"connect","address":"76.13.167.174","port":5433,"stack":"Error: connect EHOSTUNREACH 76.13.167.174:5433\n    at C:\\proyecto_escuelas\\backend\\node_modules\\pg-pool\\index.js:45:11\n    at process.processTicksAndRejections (node:internal/process/task_queues:95:5)\n    at async LoginService.buscar_usuario (file:///C:/proyecto_escuelas/backend/src/negocio/services/login.service.js:13:17)\n    at async controladorLoginp (file:///C:/proyecto_escuelas/backend/src/ruteo/controllers/controllerLogin.js:28:13)","type":"Error","msg":"connect EHOSTUNREACH 76.13.167.174:5433"}
{"level":50,"time":1781532238493,"pid":3404,"hostname":"DESKTOP-G8F9RK0","errno":-4039,"code":"ETIMEDOUT","syscall":"connect","address":"76.13.167.174","port":5433,"stack":"Error: connect ETIMEDOUT 76.13.167.174:5433\n    at C:\\proyecto_escuelas\\backend\\node_modules\\pg-pool\\index.js:45:11\n    at process.processTicksAndRejections (node:internal/process/task_queues:95:5)\n    at async LoginService.buscar_usuario (file:///C:/proyecto_escuelas/backend/src/negocio/services/login.service.js:13:17)\n    at async controladorLoginp (file:///C:/proyecto_escuelas/backend/src/ruteo/controllers/controllerLogin.js:28:13)","type":"Error","msg":"connect ETIMEDOUT 76.13.167.174:5433"}
{"level":50,"time":1781532250644,"pid":1408,"hostname":"DESKTOP-G8F9RK0","errno":-4073,"code":"EHOSTUNREACH","syscall":"connect","address":"76.13.167.174","port":5433,"stack":"Error: connect EHOSTUNREACH 76.13.167.174:5433\n    at C:\\proyecto_escuelas\\backend\\node_modules\\pg-pool\\index.js:45:11\n    at process.processTicksAndRejections (node:internal/process/task_queues:95:5)\n    at async LoginService.buscar_usuario (file:///C:/proyecto_escuelas/backend/src/negocio/services/login.service.js:13:17)\n    at async controladorLoginp (file:///C:/proyecto_escuelas/backend/src/ruteo/controllers/controllerLogin.js:28:13)","type":"Error","msg":"connect EHOSTUNREACH 76.13.167.174:5433"}
{"level":50,"time":1781532257188,"pid":1408,"hostname":"DESKTOP-G8F9RK0","errno":-4073,"code":"EHOSTUNREACH","syscall":"connect","address":"76.13.167.174","port":5433,"stack":"Error: connect EHOSTUNREACH 76.13.167.174:5433\n    at C:\\proyecto_escuelas\\backend\\node_modules\\pg-pool\\index.js:45:11\n    at process.processTicksAndRejections (node:internal/process/task_queues:95:5)\n    at async LoginService.buscar_usuario (file:///C:/proyecto_escuelas/backend/src/negocio/services/login.service.js:13:17)\n    at async controladorLoginp (file:///C:/proyecto_escuelas/backend/src/ruteo/controllers/controllerLogin.js:28:13)","type":"Error","msg":"connect EHOSTUNREACH 76.13.167.174:5433"}
{"level":50,"time":1781532258611,"pid":1408,"hostname":"DESKTOP-G8F9RK0","errno":-4073,"code":"EHOSTUNREACH","syscall":"connect","address":"76.13.167.174","port":5433,"stack":"Error: connect EHOSTUNREACH 76.13.167.174:5433\n    at C:\\proyecto_escuelas\\backend\\node_modules\\pg-pool\\index.js:45:11\n    at process.processTicksAndRejections (node:internal/process/task_queues:95:5)\n    at async LoginService.buscar_usuario (file:///C:/proyecto_escuelas/backend/src/negocio/services/login.service.js:13:17)\n    at async controladorLoginp (file:///C:/proyecto_escuelas/backend/src/ruteo/controllers/controllerLogin.js:28:13)","type":"Error","msg":"connect EHOSTUNREACH 76.13.167.174:5433"}
{"level":40,"time":1781532340272,"pid":7692,"hostname":"DESKTOP-G8F9RK0","msg":"Le queda (117) segundos para que la sesion se expire"}
{"level":40,"time":1781532340528,"pid":7692,"hostname":"DESKTOP-G8F9RK0","msg":"Le queda (117) segundos para que la sesion se expire"}
{"level":40,"time":1781532344696,"pid":7692,"hostname":"DESKTOP-G8F9RK0","msg":"Le queda (113) segundos para que la sesion se expire"}
{"level":40,"time":1781532344879,"pid":7692,"hostname":"DESKTOP-G8F9RK0","msg":"Le queda (113) segundos para que la sesion se expire"}
{"level":40,"time":1781532355680,"pid":7692,"hostname":"DESKTOP-G8F9RK0","msg":"Le queda (102) segundos para que la sesion se expire"}
{"level":40,"time":1781532671075,"pid":11684,"hostname":"DESKTOP-G8F9RK0","msg":"Le queda (117) segundos para que la sesion se expire"}
{"level":40,"time":1781532672844,"pid":11684,"hostname":"DESKTOP-G8F9RK0","msg":"Le queda (116) segundos para que la sesion se expire"}
{"level":40,"time":1781532675432,"pid":11684,"hostname":"DESKTOP-G8F9RK0","msg":"Le queda (113) segundos para que la sesion se expire"}
{"level":40,"time":1781532675615,"pid":11684,"hostname":"DESKTOP-G8F9RK0","msg":"Le queda (113) segundos para que la sesion se expire"}
{"level":40,"time":1781532697893,"pid":11684,"hostname":"DESKTOP-G8F9RK0","msg":"Le queda (91) segundos para que la sesion se expire"}
{"level":40,"time":1781533230589,"pid":6808,"hostname":"DESKTOP-G8F9RK0","msg":"Le queda (118) segundos para que la sesion se expire"}
{"level":40,"time":1781533230790,"pid":6808,"hostname":"DESKTOP-G8F9RK0","msg":"Le queda (118) segundos para que la sesion se expire"}
{"level":40,"time":1781533232595,"pid":6808,"hostname":"DESKTOP-G8F9RK0","msg":"Le queda (116) segundos para que la sesion se expire"}
{"level":40,"time":1781533232780,"pid":6808,"hostname":"DESKTOP-G8F9RK0","msg":"Le queda (116) segundos para que la sesion se expire"}
{"level":40,"time":1781533241185,"pid":6808,"hostname":"DESKTOP-G8F9RK0","msg":"Le queda (107) segundos para que la sesion se expire"}
{"level":40,"time":1781533310953,"pid":2496,"hostname":"DESKTOP-G8F9RK0","msg":"Le queda (38) segundos para que la sesion se expire"}
{"level":40,"time":1781533311146,"pid":2496,"hostname":"DESKTOP-G8F9RK0","msg":"Le queda (37) segundos para que la sesion se expire"}
{"level":40,"time":1781533322133,"pid":2496,"hostname":"DESKTOP-G8F9RK0","msg":"Le queda (26) segundos para que la sesion se expire"}
{"level":40,"time":1781533322501,"pid":2496,"hostname":"DESKTOP-G8F9RK0","msg":"Le queda (26) segundos para que la sesion se expire"}
{"level":40,"time":1781533324715,"pid":2496,"hostname":"DESKTOP-G8F9RK0","msg":"Le queda (24) segundos para que la sesion se expire"}
{"level":40,"time":1781533324894,"pid":2496,"hostname":"DESKTOP-G8F9RK0","msg":"Le queda (24) segundos para que la sesion se expire"}
{"level":50,"time":1781533332417,"pid":2496,"hostname":"DESKTOP-G8F9RK0","msg":"Cannot read properties of undefined (reading 'usuario')"}
{"level":50,"time":1781533332418,"pid":2496,"hostname":"DESKTOP-G8F9RK0","msg":"Cannot read properties of undefined (reading 'usuario')"}
{"level":40,"time":1781533390931,"pid":2496,"hostname":"DESKTOP-G8F9RK0","msg":"Le queda (118) segundos para que la sesion se expire"}
{"level":40,"time":1781533391139,"pid":2496,"hostname":"DESKTOP-G8F9RK0","msg":"Le queda (117) segundos para que la sesion se expire"}
{"level":40,"time":1781533428246,"pid":2496,"hostname":"DESKTOP-G8F9RK0","msg":"Le queda (80) segundos para que la sesion se expire"}
{"level":40,"time":1781533429683,"pid":2496,"hostname":"DESKTOP-G8F9RK0","msg":"Le queda (79) segundos para que la sesion se expire"}
{"level":40,"time":1781533429882,"pid":2496,"hostname":"DESKTOP-G8F9RK0","msg":"Le queda (79) segundos para que la sesion se expire"}
{"level":40,"time":1781533433054,"pid":2496,"hostname":"DESKTOP-G8F9RK0","msg":"Le queda (75) segundos para que la sesion se expire"}
{"level":40,"time":1781533433111,"pid":2496,"hostname":"DESKTOP-G8F9RK0","msg":"Le queda (75) segundos para que la sesion se expire"}
{"level":40,"time":1781533433431,"pid":2496,"hostname":"DESKTOP-G8F9RK0","msg":"Le queda (75) segundos para que la sesion se expire"}
{"level":40,"time":1781533433481,"pid":2496,"hostname":"DESKTOP-G8F9RK0","msg":"Le queda (75) segundos para que la sesion se expire"}
{"level":40,"time":1781533433732,"pid":2496,"hostname":"DESKTOP-G8F9RK0","msg":"Le queda (75) segundos para que la sesion se expire"}
{"level":40,"time":1781533433784,"pid":2496,"hostname":"DESKTOP-G8F9RK0","msg":"Le queda (75) segundos para que la sesion se expire"}
{"level":40,"time":1781533433976,"pid":2496,"hostname":"DESKTOP-G8F9RK0","msg":"Le queda (75) segundos para que la sesion se expire"}
{"level":40,"time":1781533434024,"pid":2496,"hostname":"DESKTOP-G8F9RK0","msg":"Le queda (74) segundos para que la sesion se expire"}
{"level":40,"time":1781533443608,"pid":2496,"hostname":"DESKTOP-G8F9RK0","msg":"Le queda (65) segundos para que la sesion se expire"}
{"level":40,"time":1781533443790,"pid":2496,"hostname":"DESKTOP-G8F9RK0","msg":"Le queda (65) segundos para que la sesion se expire"}
{"level":40,"time":1781533448596,"pid":2496,"hostname":"DESKTOP-G8F9RK0","msg":"Le queda (60) segundos para que la sesion se expire"}
{"level":40,"time":1781533448828,"pid":2496,"hostname":"DESKTOP-G8F9RK0","msg":"Le queda (60) segundos para que la sesion se expire"}
{"level":40,"time":1781533451763,"pid":2496,"hostname":"DESKTOP-G8F9RK0","msg":"Le queda (57) segundos para que la sesion se expire"}
{"level":40,"time":1781533451952,"pid":2496,"hostname":"DESKTOP-G8F9RK0","msg":"Le queda (57) segundos para que la sesion se expire"}
{"level":40,"time":1781533454958,"pid":2496,"hostname":"DESKTOP-G8F9RK0","msg":"Le queda (54) segundos para que la sesion se expire"}
{"level":40,"time":1781533455010,"pid":2496,"hostname":"DESKTOP-G8F9RK0","msg":"Le queda (53) segundos para que la sesion se expire"}
{"level":40,"time":1781533455322,"pid":2496,"hostname":"DESKTOP-G8F9RK0","msg":"Le queda (53) segundos para que la sesion se expire"}
{"level":40,"time":1781533455367,"pid":2496,"hostname":"DESKTOP-G8F9RK0","msg":"Le queda (53) segundos para que la sesion se expire"}
{"level":40,"time":1781533455527,"pid":2496,"hostname":"DESKTOP-G8F9RK0","msg":"Le queda (53) segundos para que la sesion se expire"}
{"level":40,"time":1781533455578,"pid":2496,"hostname":"DESKTOP-G8F9RK0","msg":"Le queda (53) segundos para que la sesion se expire"}
{"level":40,"time":1781533455724,"pid":2496,"hostname":"DESKTOP-G8F9RK0","msg":"Le queda (53) segundos para que la sesion se expire"}
{"level":40,"time":1781533455748,"pid":2496,"hostname":"DESKTOP-G8F9RK0","msg":"Le queda (53) segundos para que la sesion se expire"}
{"level":40,"time":1781533455773,"pid":2496,"hostname":"DESKTOP-G8F9RK0","msg":"Le queda (53) segundos para que la sesion se expire"}
{"level":40,"time":1781533455826,"pid":2496,"hostname":"DESKTOP-G8F9RK0","msg":"Le queda (53) segundos para que la sesion se expire"}
{"level":40,"time":1781533455875,"pid":2496,"hostname":"DESKTOP-G8F9RK0","msg":"Le queda (53) segundos para que la sesion se expire"}
{"level":40,"time":1781533455929,"pid":2496,"hostname":"DESKTOP-G8F9RK0","msg":"Le queda (53) segundos para que la sesion se expire"}
{"level":40,"time":1781533457619,"pid":2496,"hostname":"DESKTOP-G8F9RK0","msg":"Le queda (51) segundos para que la sesion se expire"}
{"level":40,"time":1781533457800,"pid":2496,"hostname":"DESKTOP-G8F9RK0","msg":"Le queda (51) segundos para que la sesion se expire"}
{"level":40,"time":1781533667976,"pid":2496,"hostname":"DESKTOP-G8F9RK0","msg":"Le queda (118) segundos para que la sesion se expire"}
{"level":40,"time":1781533668178,"pid":2496,"hostname":"DESKTOP-G8F9RK0","msg":"Le queda (117) segundos para que la sesion se expire"}
{"level":40,"time":1781533755554,"pid":6220,"hostname":"DESKTOP-G8F9RK0","msg":"Le queda (118) segundos para que la sesion se expire"}
{"level":40,"time":1781533756585,"pid":6220,"hostname":"DESKTOP-G8F9RK0","msg":"Le queda (117) segundos para que la sesion se expire"}
{"level":40,"time":1781533758630,"pid":6220,"hostname":"DESKTOP-G8F9RK0","msg":"Le queda (115) segundos para que la sesion se expire"}
{"level":40,"time":1781533758811,"pid":6220,"hostname":"DESKTOP-G8F9RK0","msg":"Le queda (115) segundos para que la sesion se expire"}
{"level":50,"time":1781533767403,"pid":6220,"hostname":"DESKTOP-G8F9RK0","msg":"documentosService.registrarDocumentoPersona is not a function"}
{"level":50,"time":1781533767404,"pid":6220,"hostname":"DESKTOP-G8F9RK0","msg":"documentosService.registrarDocumentoPersona is not a function"}
{"level":50,"time":1781533812251,"pid":6220,"hostname":"DESKTOP-G8F9RK0","msg":"documentosService.registrarDocumentoPersona is not a function"}
{"level":50,"time":1781533812253,"pid":6220,"hostname":"DESKTOP-G8F9RK0","msg":"documentosService.registrarDocumentoPersona is not a function"}
{"level":40,"time":1781533815922,"pid":6220,"hostname":"DESKTOP-G8F9RK0","msg":"Le queda (58) segundos para que la sesion se expire"}
{"level":40,"time":1781533817851,"pid":6220,"hostname":"DESKTOP-G8F9RK0","msg":"Le queda (56) segundos para que la sesion se expire"}
{"level":40,"time":1781533827028,"pid":11332,"hostname":"DESKTOP-G8F9RK0","msg":"Le queda (46) segundos para que la sesion se expire"}
{"level":40,"time":1781533827372,"pid":11332,"hostname":"DESKTOP-G8F9RK0","msg":"Le queda (46) segundos para que la sesion se expire"}
{"level":40,"time":1781533829343,"pid":11332,"hostname":"DESKTOP-G8F9RK0","msg":"Le queda (44) segundos para que la sesion se expire"}
{"level":40,"time":1781533829531,"pid":11332,"hostname":"DESKTOP-G8F9RK0","msg":"Le queda (44) segundos para que la sesion se expire"}
{"level":40,"time":1781533856704,"pid":11332,"hostname":"DESKTOP-G8F9RK0","msg":"Le queda (17) segundos para que la sesion se expire"}
{"level":40,"time":1781533856708,"pid":11332,"hostname":"DESKTOP-G8F9RK0","msg":"Le queda (17) segundos para que la sesion se expire"}
{"level":40,"time":1781533859519,"pid":11332,"hostname":"DESKTOP-G8F9RK0","msg":"Le queda (14) segundos para que la sesion se expire"}
{"level":40,"time":1781533859700,"pid":11332,"hostname":"DESKTOP-G8F9RK0","msg":"Le queda (14) segundos para que la sesion se expire"}
{"level":40,"time":1781534041003,"pid":11788,"hostname":"DESKTOP-G8F9RK0","msg":"Le queda (117) segundos para que la sesion se expire"}
{"level":40,"time":1781534041211,"pid":11788,"hostname":"DESKTOP-G8F9RK0","msg":"Le queda (117) segundos para que la sesion se expire"}
{"level":40,"time":1781534043099,"pid":11788,"hostname":"DESKTOP-G8F9RK0","msg":"Le queda (115) segundos para que la sesion se expire"}
{"level":40,"time":1781534043279,"pid":11788,"hostname":"DESKTOP-G8F9RK0","msg":"Le queda (115) segundos para que la sesion se expire"}
{"level":50,"time":1781534053246,"pid":11788,"hostname":"DESKTOP-G8F9RK0","msg":"Cannot read properties of undefined (reading 'usuario')"}
{"level":50,"time":1781534053247,"pid":11788,"hostname":"DESKTOP-G8F9RK0","msg":"Cannot read properties of undefined (reading 'usuario')"}
{"level":40,"time":1781534192601,"pid":12188,"hostname":"DESKTOP-G8F9RK0","msg":"Le queda (118) segundos para que la sesion se expire"}
{"level":40,"time":1781534192799,"pid":12188,"hostname":"DESKTOP-G8F9RK0","msg":"Le queda (118) segundos para que la sesion se expire"}
{"level":40,"time":1781534194621,"pid":12188,"hostname":"DESKTOP-G8F9RK0","msg":"Le queda (116) segundos para que la sesion se expire"}
{"level":40,"time":1781534196151,"pid":12188,"hostname":"DESKTOP-G8F9RK0","msg":"Le queda (114) segundos para que la sesion se expire"}
{"level":40,"time":1781534207224,"pid":12188,"hostname":"DESKTOP-G8F9RK0","msg":"Le queda (103) segundos para que la sesion se expire"}
{"level":40,"time":1781534207564,"pid":12188,"hostname":"DESKTOP-G8F9RK0","msg":"Le queda (103) segundos para que la sesion se expire"}
{"level":40,"time":1781534210545,"pid":12188,"hostname":"DESKTOP-G8F9RK0","msg":"Le queda (100) segundos para que la sesion se expire"}
{"level":40,"time":1781534211203,"pid":12188,"hostname":"DESKTOP-G8F9RK0","msg":"Le queda (99) segundos para que la sesion se expire"}
{"level":40,"time":1781534234790,"pid":12188,"hostname":"DESKTOP-G8F9RK0","msg":"Le queda (76) segundos para que la sesion se expire"}
{"level":40,"time":1781534234972,"pid":12188,"hostname":"DESKTOP-G8F9RK0","msg":"Le queda (76) segundos para que la sesion se expire"}
{"level":40,"time":1781534236140,"pid":12188,"hostname":"DESKTOP-G8F9RK0","msg":"Le queda (74) segundos para que la sesion se expire"}
{"level":40,"time":1781534236332,"pid":12188,"hostname":"DESKTOP-G8F9RK0","msg":"Le queda (74) segundos para que la sesion se expire"}
{"level":40,"time":1781534238279,"pid":12188,"hostname":"DESKTOP-G8F9RK0","msg":"Le queda (72) segundos para que la sesion se expire"}
{"level":40,"time":1781534238328,"pid":12188,"hostname":"DESKTOP-G8F9RK0","msg":"Le queda (72) segundos para que la sesion se expire"}
{"level":40,"time":1781534251810,"pid":8636,"hostname":"DESKTOP-G8F9RK0","msg":"Le queda (59) segundos para que la sesion se expire"}
{"level":40,"time":1781534252008,"pid":8636,"hostname":"DESKTOP-G8F9RK0","msg":"Le queda (58) segundos para que la sesion se expire"}
{"level":40,"time":1781534253368,"pid":8636,"hostname":"DESKTOP-G8F9RK0","msg":"Le queda (57) segundos para que la sesion se expire"}
{"level":40,"time":1781534253572,"pid":8636,"hostname":"DESKTOP-G8F9RK0","msg":"Le queda (57) segundos para que la sesion se expire"}
{"level":40,"time":1781534255524,"pid":8636,"hostname":"DESKTOP-G8F9RK0","msg":"Le queda (55) segundos para que la sesion se expire"}
{"level":40,"time":1781534256303,"pid":8636,"hostname":"DESKTOP-G8F9RK0","msg":"Le queda (54) segundos para que la sesion se expire"}
{"level":40,"time":1781534265706,"pid":8636,"hostname":"DESKTOP-G8F9RK0","msg":"Le queda (45) segundos para que la sesion se expire"}
{"level":40,"time":1781534318615,"pid":8636,"hostname":"DESKTOP-G8F9RK0","msg":"Le queda (118) segundos para que la sesion se expire"}
{"level":40,"time":1781534318826,"pid":8636,"hostname":"DESKTOP-G8F9RK0","msg":"Le queda (118) segundos para que la sesion se expire"}
{"level":40,"time":1781534320886,"pid":8636,"hostname":"DESKTOP-G8F9RK0","msg":"Le queda (116) segundos para que la sesion se expire"}
{"level":40,"time":1781534321064,"pid":8636,"hostname":"DESKTOP-G8F9RK0","msg":"Le queda (115) segundos para que la sesion se expire"}
{"level":40,"time":1781547821520,"pid":2468,"hostname":"DESKTOP-G8F9RK0","msg":"Le queda (117) segundos para que la sesion se expire"}
{"level":40,"time":1781547821727,"pid":2468,"hostname":"DESKTOP-G8F9RK0","msg":"Le queda (117) segundos para que la sesion se expire"}
{"level":40,"time":1781547824886,"pid":2468,"hostname":"DESKTOP-G8F9RK0","msg":"Le queda (114) segundos para que la sesion se expire"}
{"level":40,"time":1781547825079,"pid":2468,"hostname":"DESKTOP-G8F9RK0","msg":"Le queda (113) segundos para que la sesion se expire"}
{"level":40,"time":1781547910500,"pid":724,"hostname":"DESKTOP-G8F9RK0","msg":"Le queda (117) segundos para que la sesion se expire"}
{"level":40,"time":1781547910687,"pid":724,"hostname":"DESKTOP-G8F9RK0","msg":"Le queda (117) segundos para que la sesion se expire"}
{"level":40,"time":1781547912532,"pid":724,"hostname":"DESKTOP-G8F9RK0","msg":"Le queda (115) segundos para que la sesion se expire"}
{"level":40,"time":1781547912717,"pid":724,"hostname":"DESKTOP-G8F9RK0","msg":"Le queda (115) segundos para que la sesion se expire"}
{"level":40,"time":1781547918922,"pid":724,"hostname":"DESKTOP-G8F9RK0","msg":"Le queda (109) segundos para que la sesion se expire"}
{"level":50,"time":1781547918924,"pid":724,"hostname":"DESKTOP-G8F9RK0","msg":"actualizarDocumentoPersona is not defined"}
{"level":50,"time":1781547918925,"pid":724,"hostname":"DESKTOP-G8F9RK0","msg":"actualizarDocumentoPersona is not defined"}
{"level":40,"time":1781548069243,"pid":9020,"hostname":"DESKTOP-G8F9RK0","msg":"Le queda (115) segundos para que la sesion se expire"}
{"level":40,"time":1781548069451,"pid":9020,"hostname":"DESKTOP-G8F9RK0","msg":"Le queda (115) segundos para que la sesion se expire"}
{"level":40,"time":1781548071882,"pid":9020,"hostname":"DESKTOP-G8F9RK0","msg":"Le queda (113) segundos para que la sesion se expire"}
{"level":40,"time":1781548072068,"pid":9020,"hostname":"DESKTOP-G8F9RK0","msg":"Le queda (112) segundos para que la sesion se expire"}
{"level":40,"time":1781548078793,"pid":9020,"hostname":"DESKTOP-G8F9RK0","msg":"Le queda (106) segundos para que la sesion se expire"}
{"level":50,"time":1781548078795,"pid":9020,"hostname":"DESKTOP-G8F9RK0","msg":"actualizarDocumentoPersona is not defined"}
{"level":50,"time":1781548078796,"pid":9020,"hostname":"DESKTOP-G8F9RK0","msg":"actualizarDocumentoPersona is not defined"}
{"level":40,"time":1781548327850,"pid":9020,"hostname":"DESKTOP-G8F9RK0","msg":"Le queda (118) segundos para que la sesion se expire"}
{"level":40,"time":1781548328053,"pid":9020,"hostname":"DESKTOP-G8F9RK0","msg":"Le queda (117) segundos para que la sesion se expire"}
{"level":40,"time":1781548330377,"pid":9020,"hostname":"DESKTOP-G8F9RK0","msg":"Le queda (115) segundos para que la sesion se expire"}
{"level":40,"time":1781548330559,"pid":9020,"hostname":"DESKTOP-G8F9RK0","msg":"Le queda (115) segundos para que la sesion se expire"}
{"level":40,"time":1781548335215,"pid":9020,"hostname":"DESKTOP-G8F9RK0","msg":"Le queda (110) segundos para que la sesion se expire"}
{"level":50,"time":1781548335217,"pid":9020,"hostname":"DESKTOP-G8F9RK0","msg":"actualizarDocumentoPersona is not defined"}
{"level":50,"time":1781548335217,"pid":9020,"hostname":"DESKTOP-G8F9RK0","msg":"actualizarDocumentoPersona is not defined"}
{"level":40,"time":1781548347688,"pid":11060,"hostname":"DESKTOP-G8F9RK0","msg":"Le queda (98) segundos para que la sesion se expire"}
{"level":40,"time":1781548361594,"pid":11060,"hostname":"DESKTOP-G8F9RK0","msg":"Le queda (84) segundos para que la sesion se expire"}
{"level":40,"time":1781548434405,"pid":11060,"hostname":"DESKTOP-G8F9RK0","msg":"Le queda (118) segundos para que la sesion se expire"}
{"level":40,"time":1781548434603,"pid":11060,"hostname":"DESKTOP-G8F9RK0","msg":"Le queda (118) segundos para que la sesion se expire"}
{"level":40,"time":1781548436993,"pid":11060,"hostname":"DESKTOP-G8F9RK0","msg":"Le queda (116) segundos para que la sesion se expire"}
{"level":40,"time":1781548437169,"pid":11060,"hostname":"DESKTOP-G8F9RK0","msg":"Le queda (115) segundos para que la sesion se expire"}
{"level":40,"time":1781548444842,"pid":11060,"hostname":"DESKTOP-G8F9RK0","msg":"Le queda (108) segundos para que la sesion se expire"}
{"level":40,"time":1781548514735,"pid":3016,"hostname":"DESKTOP-G8F9RK0","msg":"Le queda (38) segundos para que la sesion se expire"}
{"level":40,"time":1781549022210,"pid":2712,"hostname":"DESKTOP-G8F9RK0","msg":"Le queda (118) segundos para que la sesion se expire"}
{"level":40,"time":1781549022431,"pid":2712,"hostname":"DESKTOP-G8F9RK0","msg":"Le queda (118) segundos para que la sesion se expire"}
{"level":40,"time":1781549024176,"pid":2712,"hostname":"DESKTOP-G8F9RK0","msg":"Le queda (116) segundos para que la sesion se expire"}
{"level":40,"time":1781549026017,"pid":2712,"hostname":"DESKTOP-G8F9RK0","msg":"Le queda (114) segundos para que la sesion se expire"}
{"level":40,"time":1781549032353,"pid":2712,"hostname":"DESKTOP-G8F9RK0","msg":"Le queda (108) segundos para que la sesion se expire"}
{"level":40,"time":1781549088462,"pid":10964,"hostname":"DESKTOP-G8F9RK0","msg":"Le queda (52) segundos para que la sesion se expire"}
{"level":40,"time":1781549347203,"pid":5676,"hostname":"DESKTOP-G8F9RK0","msg":"Le queda (117) segundos para que la sesion se expire"}
{"level":40,"time":1781549347429,"pid":5676,"hostname":"DESKTOP-G8F9RK0","msg":"Le queda (117) segundos para que la sesion se expire"}
{"level":40,"time":1781549349469,"pid":5676,"hostname":"DESKTOP-G8F9RK0","msg":"Le queda (115) segundos para que la sesion se expire"}
{"level":40,"time":1781549349655,"pid":5676,"hostname":"DESKTOP-G8F9RK0","msg":"Le queda (115) segundos para que la sesion se expire"}
{"level":40,"time":1781549354377,"pid":5676,"hostname":"DESKTOP-G8F9RK0","msg":"Le queda (110) segundos para que la sesion se expire"}
{"level":40,"time":1781549689647,"pid":3180,"hostname":"DESKTOP-G8F9RK0","msg":"Le queda (118) segundos para que la sesion se expire"}
{"level":40,"time":1781549690793,"pid":3180,"hostname":"DESKTOP-G8F9RK0","msg":"Le queda (117) segundos para que la sesion se expire"}
{"level":40,"time":1781549692840,"pid":3180,"hostname":"DESKTOP-G8F9RK0","msg":"Le queda (115) segundos para que la sesion se expire"}
{"level":40,"time":1781549693023,"pid":3180,"hostname":"DESKTOP-G8F9RK0","msg":"Le queda (114) segundos para que la sesion se expire"}
{"level":40,"time":1781549702321,"pid":3180,"hostname":"DESKTOP-G8F9RK0","msg":"Le queda (105) segundos para que la sesion se expire"}
{"level":40,"time":1781549751072,"pid":496,"hostname":"DESKTOP-G8F9RK0","msg":"Le queda (56) segundos para que la sesion se expire"}
{"level":40,"time":1781549751272,"pid":496,"hostname":"DESKTOP-G8F9RK0","msg":"Le queda (56) segundos para que la sesion se expire"}
{"level":40,"time":1781549752451,"pid":496,"hostname":"DESKTOP-G8F9RK0","msg":"Le queda (55) segundos para que la sesion se expire"}
{"level":40,"time":1781549752650,"pid":496,"hostname":"DESKTOP-G8F9RK0","msg":"Le queda (55) segundos para que la sesion se expire"}
{"level":40,"time":1781549754357,"pid":496,"hostname":"DESKTOP-G8F9RK0","msg":"Le queda (53) segundos para que la sesion se expire"}
{"level":40,"time":1781549754408,"pid":496,"hostname":"DESKTOP-G8F9RK0","msg":"Le queda (53) segundos para que la sesion se expire"}
{"level":40,"time":1781549760566,"pid":496,"hostname":"DESKTOP-G8F9RK0","msg":"Le queda (47) segundos para que la sesion se expire"}
{"level":40,"time":1781549801935,"pid":11220,"hostname":"DESKTOP-G8F9RK0","msg":"Le queda (6) segundos para que la sesion se expire"}
{"level":40,"time":1781550025479,"pid":3352,"hostname":"DESKTOP-G8F9RK0","msg":"Le queda (115) segundos para que la sesion se expire"}
{"level":40,"time":1781550025699,"pid":3352,"hostname":"DESKTOP-G8F9RK0","msg":"Le queda (115) segundos para que la sesion se expire"}
{"level":40,"time":1781550028636,"pid":3352,"hostname":"DESKTOP-G8F9RK0","msg":"Le queda (112) segundos para que la sesion se expire"}
{"level":40,"time":1781550028823,"pid":3352,"hostname":"DESKTOP-G8F9RK0","msg":"Le queda (112) segundos para que la sesion se expire"}
{"level":40,"time":1781550038494,"pid":3352,"hostname":"DESKTOP-G8F9RK0","msg":"Le queda (102) segundos para que la sesion se expire"}
{"level":40,"time":1781550045050,"pid":3352,"hostname":"DESKTOP-G8F9RK0","msg":"Le queda (95) segundos para que la sesion se expire"}
{"level":40,"time":1781550247039,"pid":7872,"hostname":"DESKTOP-G8F9RK0","msg":"Le queda (116) segundos para que la sesion se expire"}
{"level":40,"time":1781550247297,"pid":7872,"hostname":"DESKTOP-G8F9RK0","msg":"Le queda (116) segundos para que la sesion se expire"}
{"level":40,"time":1781550250400,"pid":7872,"hostname":"DESKTOP-G8F9RK0","msg":"Le queda (113) segundos para que la sesion se expire"}
{"level":40,"time":1781550250583,"pid":7872,"hostname":"DESKTOP-G8F9RK0","msg":"Le queda (113) segundos para que la sesion se expire"}
{"level":40,"time":1781550257704,"pid":7872,"hostname":"DESKTOP-G8F9RK0","msg":"Le queda (106) segundos para que la sesion se expire"}
{"level":40,"time":1781550308023,"pid":7872,"hostname":"DESKTOP-G8F9RK0","msg":"Le queda (55) segundos para que la sesion se expire"}
{"level":40,"time":1781550613895,"pid":2548,"hostname":"DESKTOP-G8F9RK0","msg":"Le queda (118) segundos para que la sesion se expire"}
{"level":40,"time":1781550614171,"pid":2548,"hostname":"DESKTOP-G8F9RK0","msg":"Le queda (117) segundos para que la sesion se expire"}
{"level":40,"time":1781550616496,"pid":2548,"hostname":"DESKTOP-G8F9RK0","msg":"Le queda (115) segundos para que la sesion se expire"}
{"level":40,"time":1781550616695,"pid":2548,"hostname":"DESKTOP-G8F9RK0","msg":"Le queda (115) segundos para que la sesion se expire"}
{"level":40,"time":1781550623301,"pid":2548,"hostname":"DESKTOP-G8F9RK0","msg":"Le queda (108) segundos para que la sesion se expire"}
{"level":40,"time":1781550851696,"pid":3140,"hostname":"DESKTOP-G8F9RK0","msg":"Le queda (118) segundos para que la sesion se expire"}
{"level":40,"time":1781550851898,"pid":3140,"hostname":"DESKTOP-G8F9RK0","msg":"Le queda (118) segundos para que la sesion se expire"}
{"level":40,"time":1781550853570,"pid":3140,"hostname":"DESKTOP-G8F9RK0","msg":"Le queda (116) segundos para que la sesion se expire"}
{"level":40,"time":1781550854800,"pid":3140,"hostname":"DESKTOP-G8F9RK0","msg":"Le queda (115) segundos para que la sesion se expire"}
{"level":40,"time":1781550895757,"pid":3140,"hostname":"DESKTOP-G8F9RK0","msg":"Le queda (74) segundos para que la sesion se expire"}
{"level":40,"time":1781550895936,"pid":3140,"hostname":"DESKTOP-G8F9RK0","msg":"Le queda (74) segundos para que la sesion se expire"}
{"level":40,"time":1781550897092,"pid":3140,"hostname":"DESKTOP-G8F9RK0","msg":"Le queda (72) segundos para que la sesion se expire"}
{"level":40,"time":1781550897311,"pid":3140,"hostname":"DESKTOP-G8F9RK0","msg":"Le queda (72) segundos para que la sesion se expire"}
{"level":40,"time":1781550899689,"pid":3140,"hostname":"DESKTOP-G8F9RK0","msg":"Le queda (70) segundos para que la sesion se expire"}
{"level":40,"time":1781550899744,"pid":3140,"hostname":"DESKTOP-G8F9RK0","msg":"Le queda (70) segundos para que la sesion se expire"}
{"level":40,"time":1781550904808,"pid":3140,"hostname":"DESKTOP-G8F9RK0","msg":"Le queda (65) segundos para que la sesion se expire"}
{"level":40,"time":1781550961157,"pid":3544,"hostname":"DESKTOP-G8F9RK0","msg":"Le queda (8) segundos para que la sesion se expire"}
{"level":40,"time":1781550976007,"pid":3544,"hostname":"DESKTOP-G8F9RK0","msg":"Le queda (117) segundos para que la sesion se expire"}
{"level":40,"time":1781550976206,"pid":3544,"hostname":"DESKTOP-G8F9RK0","msg":"Le queda (117) segundos para que la sesion se expire"}
{"level":40,"time":1781550978233,"pid":3544,"hostname":"DESKTOP-G8F9RK0","msg":"Le queda (115) segundos para que la sesion se expire"}
{"level":40,"time":1781550978776,"pid":3544,"hostname":"DESKTOP-G8F9RK0","msg":"Le queda (115) segundos para que la sesion se expire"}
{"level":40,"time":1781550983968,"pid":3544,"hostname":"DESKTOP-G8F9RK0","msg":"Le queda (110) segundos para que la sesion se expire"}
{"level":40,"time":1781551124408,"pid":3544,"hostname":"DESKTOP-G8F9RK0","msg":"Le queda (118) segundos para que la sesion se expire"}
{"level":40,"time":1781551124414,"pid":3544,"hostname":"DESKTOP-G8F9RK0","msg":"Le queda (118) segundos para que la sesion se expire"}
{"level":40,"time":1781551126440,"pid":3544,"hostname":"DESKTOP-G8F9RK0","msg":"Le queda (116) segundos para que la sesion se expire"}
{"level":40,"time":1781551126623,"pid":3544,"hostname":"DESKTOP-G8F9RK0","msg":"Le queda (116) segundos para que la sesion se expire"}
{"level":40,"time":1781551133050,"pid":3544,"hostname":"DESKTOP-G8F9RK0","msg":"Le queda (109) segundos para que la sesion se expire"}
{"level":40,"time":1781551203021,"pid":5792,"hostname":"DESKTOP-G8F9RK0","msg":"Le queda (39) segundos para que la sesion se expire"}
{"level":40,"time":1781551203208,"pid":5792,"hostname":"DESKTOP-G8F9RK0","msg":"Le queda (39) segundos para que la sesion se expire"}
{"level":40,"time":1781551204619,"pid":5792,"hostname":"DESKTOP-G8F9RK0","msg":"Le queda (38) segundos para que la sesion se expire"}
{"level":40,"time":1781551204807,"pid":5792,"hostname":"DESKTOP-G8F9RK0","msg":"Le queda (38) segundos para que la sesion se expire"}
{"level":40,"time":1781551207092,"pid":5792,"hostname":"DESKTOP-G8F9RK0","msg":"Le queda (35) segundos para que la sesion se expire"}
{"level":40,"time":1781551207145,"pid":5792,"hostname":"DESKTOP-G8F9RK0","msg":"Le queda (35) segundos para que la sesion se expire"}
{"level":40,"time":1781551215093,"pid":5792,"hostname":"DESKTOP-G8F9RK0","msg":"Le queda (27) segundos para que la sesion se expire"}
{"level":40,"time":1781551222629,"pid":5792,"hostname":"DESKTOP-G8F9RK0","msg":"Le queda (20) segundos para que la sesion se expire"}
{"level":40,"time":1781551232024,"pid":5792,"hostname":"DESKTOP-G8F9RK0","msg":"Le queda (10) segundos para que la sesion se expire"}
{"level":40,"time":1781551299744,"pid":6280,"hostname":"DESKTOP-G8F9RK0","msg":"Le queda (118) segundos para que la sesion se expire"}
{"level":40,"time":1781551299942,"pid":6280,"hostname":"DESKTOP-G8F9RK0","msg":"Le queda (118) segundos para que la sesion se expire"}
{"level":40,"time":1781551301583,"pid":6280,"hostname":"DESKTOP-G8F9RK0","msg":"Le queda (116) segundos para que la sesion se expire"}
{"level":40,"time":1781551301765,"pid":6280,"hostname":"DESKTOP-G8F9RK0","msg":"Le queda (116) segundos para que la sesion se expire"}
{"level":40,"time":1781551311339,"pid":6280,"hostname":"DESKTOP-G8F9RK0","msg":"Le queda (106) segundos para que la sesion se expire"}
{"level":40,"time":1781551357078,"pid":6568,"hostname":"DESKTOP-G8F9RK0","msg":"Le queda (60) segundos para que la sesion se expire"}
{"level":40,"time":1781551358310,"pid":6568,"hostname":"DESKTOP-G8F9RK0","msg":"Le queda (59) segundos para que la sesion se expire"}
{"level":40,"time":1781551358993,"pid":6568,"hostname":"DESKTOP-G8F9RK0","msg":"Le queda (59) segundos para que la sesion se expire"}
{"level":40,"time":1781551359096,"pid":6568,"hostname":"DESKTOP-G8F9RK0","msg":"Le queda (58) segundos para que la sesion se expire"}
{"level":40,"time":1781551360816,"pid":6568,"hostname":"DESKTOP-G8F9RK0","msg":"Le queda (57) segundos para que la sesion se expire"}
{"level":40,"time":1781551360865,"pid":6568,"hostname":"DESKTOP-G8F9RK0","msg":"Le queda (57) segundos para que la sesion se expire"}
{"level":40,"time":1781551367290,"pid":6568,"hostname":"DESKTOP-G8F9RK0","msg":"Le queda (50) segundos para que la sesion se expire"}
{"level":40,"time":1781551377082,"pid":6568,"hostname":"DESKTOP-G8F9RK0","msg":"Le queda (40) segundos para que la sesion se expire"}
{"level":40,"time":1781552149808,"pid":6568,"hostname":"DESKTOP-G8F9RK0","msg":"Le queda (118) segundos para que la sesion se expire"}
{"level":40,"time":1781552150086,"pid":6568,"hostname":"DESKTOP-G8F9RK0","msg":"Le queda (117) segundos para que la sesion se expire"}
{"level":40,"time":1781552152579,"pid":6568,"hostname":"DESKTOP-G8F9RK0","msg":"Le queda (115) segundos para que la sesion se expire"}
{"level":40,"time":1781552152771,"pid":6568,"hostname":"DESKTOP-G8F9RK0","msg":"Le queda (115) segundos para que la sesion se expire"}
{"level":40,"time":1781552245898,"pid":292,"hostname":"DESKTOP-G8F9RK0","msg":"Le queda (118) segundos para que la sesion se expire"}
{"level":40,"time":1781552246521,"pid":292,"hostname":"DESKTOP-G8F9RK0","msg":"Le queda (117) segundos para que la sesion se expire"}
{"level":40,"time":1781552248740,"pid":292,"hostname":"DESKTOP-G8F9RK0","msg":"Le queda (115) segundos para que la sesion se expire"}
{"level":40,"time":1781552249225,"pid":292,"hostname":"DESKTOP-G8F9RK0","msg":"Le queda (114) segundos para que la sesion se expire"}
{"level":40,"time":1781552252894,"pid":292,"hostname":"DESKTOP-G8F9RK0","msg":"Le queda (111) segundos para que la sesion se expire"}
{"level":40,"time":1781552293864,"pid":4560,"hostname":"DESKTOP-G8F9RK0","msg":"Le queda (70) segundos para que la sesion se expire"}
{"level":40,"time":1781552363395,"pid":1328,"hostname":"DESKTOP-G8F9RK0","msg":"Le queda (118) segundos para que la sesion se expire"}
{"level":40,"time":1781552363804,"pid":1328,"hostname":"DESKTOP-G8F9RK0","msg":"Le queda (118) segundos para que la sesion se expire"}
{"level":40,"time":1781552365527,"pid":1328,"hostname":"DESKTOP-G8F9RK0","msg":"Le queda (116) segundos para que la sesion se expire"}
{"level":40,"time":1781552365726,"pid":1328,"hostname":"DESKTOP-G8F9RK0","msg":"Le queda (116) segundos para que la sesion se expire"}
{"level":40,"time":1781552369432,"pid":1328,"hostname":"DESKTOP-G8F9RK0","msg":"Le queda (112) segundos para que la sesion se expire"}
{"level":50,"time":1781552369456,"pid":1328,"hostname":"DESKTOP-G8F9RK0","msg":"id is not defined"}
{"level":50,"time":1781552369459,"pid":1328,"hostname":"DESKTOP-G8F9RK0","msg":"id is not defined"}
{"level":40,"time":1781552447213,"pid":10340,"hostname":"DESKTOP-G8F9RK0","msg":"Le queda (118) segundos para que la sesion se expire"}
{"level":40,"time":1781552447475,"pid":10340,"hostname":"DESKTOP-G8F9RK0","msg":"Le queda (118) segundos para que la sesion se expire"}
{"level":40,"time":1781552449928,"pid":10340,"hostname":"DESKTOP-G8F9RK0","msg":"Le queda (116) segundos para que la sesion se expire"}
{"level":40,"time":1781552450309,"pid":10340,"hostname":"DESKTOP-G8F9RK0","msg":"Le queda (115) segundos para que la sesion se expire"}
{"level":40,"time":1781552453316,"pid":10340,"hostname":"DESKTOP-G8F9RK0","msg":"Le queda (112) segundos para que la sesion se expire"}
{"level":50,"time":1781552453323,"pid":10340,"hostname":"DESKTOP-G8F9RK0","msg":"id is not defined"}
{"level":50,"time":1781552453324,"pid":10340,"hostname":"DESKTOP-G8F9RK0","msg":"id is not defined"}
{"level":40,"time":1781552488027,"pid":10588,"hostname":"DESKTOP-G8F9RK0","msg":"Le queda (77) segundos para que la sesion se expire"}
{"level":40,"time":1781552557553,"pid":10588,"hostname":"DESKTOP-G8F9RK0","msg":"Le queda (116) segundos para que la sesion se expire"}
{"level":40,"time":1781552557907,"pid":10588,"hostname":"DESKTOP-G8F9RK0","msg":"Le queda (116) segundos para que la sesion se expire"}
{"level":40,"time":1781552560079,"pid":10588,"hostname":"DESKTOP-G8F9RK0","msg":"Le queda (113) segundos para que la sesion se expire"}
{"level":40,"time":1781552560278,"pid":10588,"hostname":"DESKTOP-G8F9RK0","msg":"Le queda (113) segundos para que la sesion se expire"}
{"level":40,"time":1781552567593,"pid":10588,"hostname":"DESKTOP-G8F9RK0","msg":"Le queda (106) segundos para que la sesion se expire"}
{"level":50,"time":1781552892036,"pid":9576,"hostname":"DESKTOP-G8F9RK0","errno":-4039,"code":"ETIMEDOUT","syscall":"connect","address":"76.13.167.174","port":5433,"stack":"Error: connect ETIMEDOUT 76.13.167.174:5433\n    at C:\\proyecto_escuelas\\backend\\node_modules\\pg-pool\\index.js:45:11\n    at process.processTicksAndRejections (node:internal/process/task_queues:95:5)\n    at async LoginService.buscar_usuario (file:///C:/proyecto_escuelas/backend/src/negocio/services/login.service.js:13:17)\n    at async controladorLoginp (file:///C:/proyecto_escuelas/backend/src/ruteo/controllers/controllerLogin.js:28:13)","type":"Error","msg":"connect ETIMEDOUT 76.13.167.174:5433"}
{"level":50,"time":1781552900315,"pid":9576,"hostname":"DESKTOP-G8F9RK0","errno":-4039,"code":"ETIMEDOUT","syscall":"connect","address":"76.13.167.174","port":5433,"stack":"Error: connect ETIMEDOUT 76.13.167.174:5433\n    at C:\\proyecto_escuelas\\backend\\node_modules\\pg-pool\\index.js:45:11\n    at process.processTicksAndRejections (node:internal/process/task_queues:95:5)\n    at async LoginService.buscar_usuario (file:///C:/proyecto_escuelas/backend/src/negocio/services/login.service.js:13:17)\n    at async controladorLoginp (file:///C:/proyecto_escuelas/backend/src/ruteo/controllers/controllerLogin.js:28:13)","type":"Error","msg":"connect ETIMEDOUT 76.13.167.174:5433"}
{"level":40,"time":1781552902728,"pid":9576,"hostname":"DESKTOP-G8F9RK0","msg":"Le queda (117) segundos para que la sesion se expire"}
{"level":40,"time":1781552902924,"pid":9576,"hostname":"DESKTOP-G8F9RK0","msg":"Le queda (117) segundos para que la sesion se expire"}
{"level":40,"time":1781552905275,"pid":9576,"hostname":"DESKTOP-G8F9RK0","msg":"Le queda (114) segundos para que la sesion se expire"}
{"level":40,"time":1781552905455,"pid":9576,"hostname":"DESKTOP-G8F9RK0","msg":"Le queda (114) segundos para que la sesion se expire"}
{"level":40,"time":1781552909848,"pid":9576,"hostname":"DESKTOP-G8F9RK0","msg":"Le queda (110) segundos para que la sesion se expire"}
=======
>>>>>>> 85c294a18a135244db3229775b9f62250b336432
>>>>>>> ddfa37fa560eed67d571d437f7b8dd43679c42c4
{"level":40,"time":1781961893489,"pid":7988,"hostname":"DESKTOP-G8F9RK0","msg":"Le queda (117) segundos para que la sesion se expire"}
{"level":40,"time":1781961893716,"pid":7988,"hostname":"DESKTOP-G8F9RK0","msg":"Le queda (117) segundos para que la sesion se expire"}
{"level":40,"time":1781961895983,"pid":7988,"hostname":"DESKTOP-G8F9RK0","msg":"Le queda (115) segundos para que la sesion se expire"}
{"level":40,"time":1781961897982,"pid":7988,"hostname":"DESKTOP-G8F9RK0","msg":"Le queda (113) segundos para que la sesion se expire"}
{"level":40,"time":1781962369758,"pid":7988,"hostname":"DESKTOP-G8F9RK0","msg":"Le queda (118) segundos para que la sesion se expire"}
{"level":40,"time":1781962369959,"pid":7988,"hostname":"DESKTOP-G8F9RK0","msg":"Le queda (118) segundos para que la sesion se expire"}
{"level":40,"time":1781962371885,"pid":7988,"hostname":"DESKTOP-G8F9RK0","msg":"Le queda (116) segundos para que la sesion se expire"}
{"level":40,"time":1781962372067,"pid":7988,"hostname":"DESKTOP-G8F9RK0","msg":"Le queda (115) segundos para que la sesion se expire"}
{"level":40,"time":1781962485689,"pid":7988,"hostname":"DESKTOP-G8F9RK0","msg":"Le queda (2) segundos para que la sesion se expire"}
{"level":40,"time":1781962485876,"pid":7988,"hostname":"DESKTOP-G8F9RK0","msg":"Le queda (2) segundos para que la sesion se expire"}
{"level":40,"time":1781962487958,"pid":7988,"hostname":"DESKTOP-G8F9RK0","msg":"Le queda (0) segundos para que la sesion se expire"}
{"level":40,"time":1781962488164,"pid":7988,"hostname":"DESKTOP-G8F9RK0","name":"TokenExpiredError","message":"jwt expired","expiredAt":"2026-06-20T13:34:48.000Z","stack":"TokenExpiredError: jwt expired\n    at C:\\proyecto_escuelas\\backend\\node_modules\\jsonwebtoken\\verify.js:190:21\n    at getSecret (C:\\proyecto_escuelas\\backend\\node_modules\\jsonwebtoken\\verify.js:97:14)\n    at module.exports [as verify] (C:\\proyecto_escuelas\\backend\\node_modules\\jsonwebtoken\\verify.js:101:10)\n    at validateUser (file:///C:/proyecto_escuelas/backend/src/negocio/utils/jwt.js:8:33)\n    at autenticacion (file:///C:/proyecto_escuelas/backend/src/negocio/middlewares/autenticacion.js:19:25)\n    at Layer.handle [as handle_request] (C:\\proyecto_escuelas\\backend\\node_modules\\express\\lib\\router\\layer.js:95:5)\n    at next (C:\\proyecto_escuelas\\backend\\node_modules\\express\\lib\\router\\route.js:144:13)\n    at Route.dispatch (C:\\proyecto_escuelas\\backend\\node_modules\\express\\lib\\router\\route.js:114:3)\n    at Layer.handle [as handle_request] (C:\\proyecto_escuelas\\backend\\node_modules\\express\\lib\\router\\layer.js:95:5)\n    at C:\\proyecto_escuelas\\backend\\node_modules\\express\\lib\\router\\index.js:284:15","type":"Error","msg":"jwt expired"}
{"level":40,"time":1781962490291,"pid":7988,"hostname":"DESKTOP-G8F9RK0","name":"TokenExpiredError","message":"jwt expired","expiredAt":"2026-06-20T13:34:48.000Z","stack":"TokenExpiredError: jwt expired\n    at C:\\proyecto_escuelas\\backend\\node_modules\\jsonwebtoken\\verify.js:190:21\n    at getSecret (C:\\proyecto_escuelas\\backend\\node_modules\\jsonwebtoken\\verify.js:97:14)\n    at module.exports [as verify] (C:\\proyecto_escuelas\\backend\\node_modules\\jsonwebtoken\\verify.js:101:10)\n    at validateUser (file:///C:/proyecto_escuelas/backend/src/negocio/utils/jwt.js:8:33)\n    at autenticacion (file:///C:/proyecto_escuelas/backend/src/negocio/middlewares/autenticacion.js:19:25)\n    at Layer.handle [as handle_request] (C:\\proyecto_escuelas\\backend\\node_modules\\express\\lib\\router\\layer.js:95:5)\n    at next (C:\\proyecto_escuelas\\backend\\node_modules\\express\\lib\\router\\route.js:144:13)\n    at Route.dispatch (C:\\proyecto_escuelas\\backend\\node_modules\\express\\lib\\router\\route.js:114:3)\n    at Layer.handle [as handle_request] (C:\\proyecto_escuelas\\backend\\node_modules\\express\\lib\\router\\layer.js:95:5)\n    at C:\\proyecto_escuelas\\backend\\node_modules\\express\\lib\\router\\index.js:284:15","type":"Error","msg":"jwt expired"}
{"level":40,"time":1781962509977,"pid":7988,"hostname":"DESKTOP-G8F9RK0","msg":"Le queda (104) segundos para que la sesion se expire"}
{"level":40,"time":1781962510319,"pid":7988,"hostname":"DESKTOP-G8F9RK0","msg":"Le queda (103) segundos para que la sesion se expire"}
{"level":40,"time":1781962511406,"pid":7988,"hostname":"DESKTOP-G8F9RK0","msg":"Le queda (102) segundos para que la sesion se expire"}
{"level":40,"time":1781962513353,"pid":7988,"hostname":"DESKTOP-G8F9RK0","msg":"Le queda (100) segundos para que la sesion se expire"}
{"level":40,"time":1781962520774,"pid":7988,"hostname":"DESKTOP-G8F9RK0","msg":"Le queda (93) segundos para que la sesion se expire"}
{"level":40,"time":1781962520963,"pid":7988,"hostname":"DESKTOP-G8F9RK0","msg":"Le queda (93) segundos para que la sesion se expire"}
{"level":40,"time":1781962528397,"pid":7988,"hostname":"DESKTOP-G8F9RK0","msg":"Le queda (85) segundos para que la sesion se expire"}
{"level":40,"time":1781962532823,"pid":7988,"hostname":"DESKTOP-G8F9RK0","msg":"Le queda (81) segundos para que la sesion se expire"}
{"level":40,"time":1781962533022,"pid":7988,"hostname":"DESKTOP-G8F9RK0","msg":"Le queda (80) segundos para que la sesion se expire"}
{"level":40,"time":1781962535458,"pid":7988,"hostname":"DESKTOP-G8F9RK0","msg":"Le queda (78) segundos para que la sesion se expire"}
{"level":40,"time":1781962535647,"pid":7988,"hostname":"DESKTOP-G8F9RK0","msg":"Le queda (78) segundos para que la sesion se expire"}
{"level":40,"time":1781962554389,"pid":7988,"hostname":"DESKTOP-G8F9RK0","msg":"Le queda (59) segundos para que la sesion se expire"}
{"level":40,"time":1781962556014,"pid":7988,"hostname":"DESKTOP-G8F9RK0","msg":"Le queda (57) segundos para que la sesion se expire"}
{"level":40,"time":1781962556205,"pid":7988,"hostname":"DESKTOP-G8F9RK0","msg":"Le queda (57) segundos para que la sesion se expire"}
{"level":40,"time":1781962598284,"pid":7988,"hostname":"DESKTOP-G8F9RK0","msg":"Le queda (15) segundos para que la sesion se expire"}
{"level":40,"time":1781962601037,"pid":7988,"hostname":"DESKTOP-G8F9RK0","msg":"Le queda (12) segundos para que la sesion se expire"}
{"level":40,"time":1781962601234,"pid":7988,"hostname":"DESKTOP-G8F9RK0","msg":"Le queda (12) segundos para que la sesion se expire"}
{"level":40,"time":1781962607459,"pid":7988,"hostname":"DESKTOP-G8F9RK0","msg":"Le queda (6) segundos para que la sesion se expire"}
{"level":40,"time":1781962607528,"pid":7988,"hostname":"DESKTOP-G8F9RK0","msg":"Le queda (6) segundos para que la sesion se expire"}
{"level":40,"time":1781962607784,"pid":7988,"hostname":"DESKTOP-G8F9RK0","msg":"Le queda (6) segundos para que la sesion se expire"}
{"level":40,"time":1781962607833,"pid":7988,"hostname":"DESKTOP-G8F9RK0","msg":"Le queda (6) segundos para que la sesion se expire"}
{"level":40,"time":1781962608005,"pid":7988,"hostname":"DESKTOP-G8F9RK0","msg":"Le queda (5) segundos para que la sesion se expire"}
{"level":40,"time":1781962608053,"pid":7988,"hostname":"DESKTOP-G8F9RK0","msg":"Le queda (5) segundos para que la sesion se expire"}
{"level":40,"time":1781962608263,"pid":7988,"hostname":"DESKTOP-G8F9RK0","msg":"Le queda (5) segundos para que la sesion se expire"}
{"level":40,"time":1781962608311,"pid":7988,"hostname":"DESKTOP-G8F9RK0","msg":"Le queda (5) segundos para que la sesion se expire"}
{"level":40,"time":1781962608557,"pid":7988,"hostname":"DESKTOP-G8F9RK0","msg":"Le queda (5) segundos para que la sesion se expire"}
{"level":40,"time":1781962608603,"pid":7988,"hostname":"DESKTOP-G8F9RK0","msg":"Le queda (5) segundos para que la sesion se expire"}
{"level":40,"time":1781962611270,"pid":7988,"hostname":"DESKTOP-G8F9RK0","msg":"Le queda (2) segundos para que la sesion se expire"}
{"level":40,"time":1781962611467,"pid":7988,"hostname":"DESKTOP-G8F9RK0","msg":"Le queda (2) segundos para que la sesion se expire"}
{"level":40,"time":1781962814469,"pid":7988,"hostname":"DESKTOP-G8F9RK0","msg":"Le queda (118) segundos para que la sesion se expire"}
{"level":40,"time":1781962814680,"pid":7988,"hostname":"DESKTOP-G8F9RK0","msg":"Le queda (118) segundos para que la sesion se expire"}
{"level":40,"time":1781962816963,"pid":7988,"hostname":"DESKTOP-G8F9RK0","msg":"Le queda (116) segundos para que la sesion se expire"}
{"level":40,"time":1781962818735,"pid":7988,"hostname":"DESKTOP-G8F9RK0","msg":"Le queda (114) segundos para que la sesion se expire"}
{"level":40,"time":1781962842269,"pid":7988,"hostname":"DESKTOP-G8F9RK0","msg":"Le queda (90) segundos para que la sesion se expire"}
{"level":40,"time":1781962844559,"pid":7988,"hostname":"DESKTOP-G8F9RK0","msg":"Le queda (88) segundos para que la sesion se expire"}
{"level":40,"time":1781962844773,"pid":7988,"hostname":"DESKTOP-G8F9RK0","msg":"Le queda (88) segundos para que la sesion se expire"}
{"level":40,"time":1781962915781,"pid":7988,"hostname":"DESKTOP-G8F9RK0","msg":"Le queda (17) segundos para que la sesion se expire"}
{"level":40,"time":1781962918610,"pid":7988,"hostname":"DESKTOP-G8F9RK0","msg":"Le queda (14) segundos para que la sesion se expire"}
{"level":40,"time":1781962918810,"pid":7988,"hostname":"DESKTOP-G8F9RK0","msg":"Le queda (14) segundos para que la sesion se expire"}
{"level":40,"time":1781963055855,"pid":7988,"hostname":"DESKTOP-G8F9RK0","msg":"Le queda (107) segundos para que la sesion se expire"}
{"level":40,"time":1781963056215,"pid":7988,"hostname":"DESKTOP-G8F9RK0","msg":"Le queda (106) segundos para que la sesion se expire"}
{"level":40,"time":1781963072017,"pid":7988,"hostname":"DESKTOP-G8F9RK0","msg":"Le queda (90) segundos para que la sesion se expire"}
{"level":40,"time":1781963072221,"pid":7988,"hostname":"DESKTOP-G8F9RK0","msg":"Le queda (90) segundos para que la sesion se expire"}
{"level":40,"time":1781963072364,"pid":7988,"hostname":"DESKTOP-G8F9RK0","msg":"Le queda (90) segundos para que la sesion se expire"}
{"level":40,"time":1781963072410,"pid":7988,"hostname":"DESKTOP-G8F9RK0","msg":"Le queda (90) segundos para que la sesion se expire"}
{"level":40,"time":1781963072557,"pid":7988,"hostname":"DESKTOP-G8F9RK0","msg":"Le queda (90) segundos para que la sesion se expire"}
{"level":40,"time":1781963072615,"pid":7988,"hostname":"DESKTOP-G8F9RK0","msg":"Le queda (90) segundos para que la sesion se expire"}
{"level":40,"time":1781963072794,"pid":7988,"hostname":"DESKTOP-G8F9RK0","msg":"Le queda (90) segundos para que la sesion se expire"}
{"level":40,"time":1781963072841,"pid":7988,"hostname":"DESKTOP-G8F9RK0","msg":"Le queda (90) segundos para que la sesion se expire"}
{"level":40,"time":1781963073109,"pid":7988,"hostname":"DESKTOP-G8F9RK0","msg":"Le queda (89) segundos para que la sesion se expire"}
{"level":40,"time":1781963073208,"pid":7988,"hostname":"DESKTOP-G8F9RK0","msg":"Le queda (89) segundos para que la sesion se expire"}
{"level":40,"time":1781963075691,"pid":7988,"hostname":"DESKTOP-G8F9RK0","msg":"Le queda (87) segundos para que la sesion se expire"}
{"level":40,"time":1781963076922,"pid":7988,"hostname":"DESKTOP-G8F9RK0","msg":"Le queda (86) segundos para que la sesion se expire"}
{"level":40,"time":1781963084211,"pid":7988,"hostname":"DESKTOP-G8F9RK0","msg":"Le queda (78) segundos para que la sesion se expire"}
{"level":40,"time":1781963084422,"pid":7988,"hostname":"DESKTOP-G8F9RK0","msg":"Le queda (78) segundos para que la sesion se expire"}
{"level":40,"time":1781963087655,"pid":7988,"hostname":"DESKTOP-G8F9RK0","msg":"Le queda (75) segundos para que la sesion se expire"}
{"level":40,"time":1781963087707,"pid":7988,"hostname":"DESKTOP-G8F9RK0","msg":"Le queda (75) segundos para que la sesion se expire"}
{"level":40,"time":1781963087966,"pid":7988,"hostname":"DESKTOP-G8F9RK0","msg":"Le queda (75) segundos para que la sesion se expire"}
{"level":40,"time":1781963088014,"pid":7988,"hostname":"DESKTOP-G8F9RK0","msg":"Le queda (74) segundos para que la sesion se expire"}
{"level":40,"time":1781963088167,"pid":7988,"hostname":"DESKTOP-G8F9RK0","msg":"Le queda (74) segundos para que la sesion se expire"}
{"level":40,"time":1781963088220,"pid":7988,"hostname":"DESKTOP-G8F9RK0","msg":"Le queda (74) segundos para que la sesion se expire"}
{"level":40,"time":1781963088580,"pid":7988,"hostname":"DESKTOP-G8F9RK0","msg":"Le queda (74) segundos para que la sesion se expire"}
{"level":40,"time":1781963088617,"pid":7988,"hostname":"DESKTOP-G8F9RK0","msg":"Le queda (74) segundos para que la sesion se expire"}
{"level":40,"time":1781963088626,"pid":7988,"hostname":"DESKTOP-G8F9RK0","msg":"Le queda (74) segundos para que la sesion se expire"}
{"level":40,"time":1781963088791,"pid":7988,"hostname":"DESKTOP-G8F9RK0","msg":"Le queda (74) segundos para que la sesion se expire"}
{"level":40,"time":1781963090270,"pid":7988,"hostname":"DESKTOP-G8F9RK0","msg":"Le queda (72) segundos para que la sesion se expire"}
{"level":40,"time":1781963091854,"pid":7988,"hostname":"DESKTOP-G8F9RK0","msg":"Le queda (71) segundos para que la sesion se expire"}
{"level":40,"time":1781963099791,"pid":7988,"hostname":"DESKTOP-G8F9RK0","msg":"Le queda (63) segundos para que la sesion se expire"}
{"level":40,"time":1781963099987,"pid":7988,"hostname":"DESKTOP-G8F9RK0","msg":"Le queda (63) segundos para que la sesion se expire"}
{"level":40,"time":1781963134719,"pid":7988,"hostname":"DESKTOP-G8F9RK0","msg":"Le queda (28) segundos para que la sesion se expire"}
{"level":40,"time":1781963135913,"pid":7988,"hostname":"DESKTOP-G8F9RK0","msg":"Le queda (27) segundos para que la sesion se expire"}
{"level":40,"time":1781963136483,"pid":7988,"hostname":"DESKTOP-G8F9RK0","msg":"Le queda (26) segundos para que la sesion se expire"}
{"level":40,"time":1781963136635,"pid":7988,"hostname":"DESKTOP-G8F9RK0","msg":"Le queda (26) segundos para que la sesion se expire"}
{"level":40,"time":1781963137525,"pid":7988,"hostname":"DESKTOP-G8F9RK0","msg":"Le queda (25) segundos para que la sesion se expire"}
{"level":40,"time":1781963137577,"pid":7988,"hostname":"DESKTOP-G8F9RK0","msg":"Le queda (25) segundos para que la sesion se expire"}
{"level":40,"time":1781963137869,"pid":7988,"hostname":"DESKTOP-G8F9RK0","msg":"Le queda (25) segundos para que la sesion se expire"}
{"level":40,"time":1781963137902,"pid":7988,"hostname":"DESKTOP-G8F9RK0","msg":"Le queda (25) segundos para que la sesion se expire"}
{"level":40,"time":1781963137917,"pid":7988,"hostname":"DESKTOP-G8F9RK0","msg":"Le queda (25) segundos para que la sesion se expire"}
{"level":40,"time":1781963137947,"pid":7988,"hostname":"DESKTOP-G8F9RK0","msg":"Le queda (25) segundos para que la sesion se expire"}
{"level":40,"time":1781963138083,"pid":7988,"hostname":"DESKTOP-G8F9RK0","msg":"Le queda (24) segundos para que la sesion se expire"}
{"level":40,"time":1781963138143,"pid":7988,"hostname":"DESKTOP-G8F9RK0","msg":"Le queda (24) segundos para que la sesion se expire"}
{"level":40,"time":1781963138154,"pid":7988,"hostname":"DESKTOP-G8F9RK0","msg":"Le queda (24) segundos para que la sesion se expire"}
{"level":40,"time":1781963138203,"pid":7988,"hostname":"DESKTOP-G8F9RK0","msg":"Le queda (24) segundos para que la sesion se expire"}
{"level":40,"time":1781963140046,"pid":7988,"hostname":"DESKTOP-G8F9RK0","msg":"Le queda (22) segundos para que la sesion se expire"}
{"level":40,"time":1781963140225,"pid":7988,"hostname":"DESKTOP-G8F9RK0","msg":"Le queda (22) segundos para que la sesion se expire"}
{"level":40,"time":1781963156869,"pid":7988,"hostname":"DESKTOP-G8F9RK0","msg":"Le queda (6) segundos para que la sesion se expire"}
{"level":40,"time":1781963159906,"pid":7988,"hostname":"DESKTOP-G8F9RK0","msg":"Le queda (3) segundos para que la sesion se expire"}
{"level":40,"time":1781963160100,"pid":7988,"hostname":"DESKTOP-G8F9RK0","msg":"Le queda (2) segundos para que la sesion se expire"}
{"level":40,"time":1781963163197,"pid":7988,"hostname":"DESKTOP-G8F9RK0","name":"TokenExpiredError","message":"jwt expired","expiredAt":"2026-06-20T13:46:03.000Z","stack":"TokenExpiredError: jwt expired\n    at C:\\proyecto_escuelas\\backend\\node_modules\\jsonwebtoken\\verify.js:190:21\n    at getSecret (C:\\proyecto_escuelas\\backend\\node_modules\\jsonwebtoken\\verify.js:97:14)\n    at module.exports [as verify] (C:\\proyecto_escuelas\\backend\\node_modules\\jsonwebtoken\\verify.js:101:10)\n    at validateUser (file:///C:/proyecto_escuelas/backend/src/negocio/utils/jwt.js:8:33)\n    at autenticacion (file:///C:/proyecto_escuelas/backend/src/negocio/middlewares/autenticacion.js:19:25)\n    at Layer.handle [as handle_request] (C:\\proyecto_escuelas\\backend\\node_modules\\express\\lib\\router\\layer.js:95:5)\n    at next (C:\\proyecto_escuelas\\backend\\node_modules\\express\\lib\\router\\route.js:144:13)\n    at Route.dispatch (C:\\proyecto_escuelas\\backend\\node_modules\\express\\lib\\router\\route.js:114:3)\n    at Layer.handle [as handle_request] (C:\\proyecto_escuelas\\backend\\node_modules\\express\\lib\\router\\layer.js:95:5)\n    at C:\\proyecto_escuelas\\backend\\node_modules\\express\\lib\\router\\index.js:284:15","type":"Error","msg":"jwt expired"}
{"level":40,"time":1781963163485,"pid":7988,"hostname":"DESKTOP-G8F9RK0","name":"TokenExpiredError","message":"jwt expired","expiredAt":"2026-06-20T13:46:03.000Z","stack":"TokenExpiredError: jwt expired\n    at C:\\proyecto_escuelas\\backend\\node_modules\\jsonwebtoken\\verify.js:190:21\n    at getSecret (C:\\proyecto_escuelas\\backend\\node_modules\\jsonwebtoken\\verify.js:97:14)\n    at module.exports [as verify] (C:\\proyecto_escuelas\\backend\\node_modules\\jsonwebtoken\\verify.js:101:10)\n    at validateUser (file:///C:/proyecto_escuelas/backend/src/negocio/utils/jwt.js:8:33)\n    at autenticacion (file:///C:/proyecto_escuelas/backend/src/negocio/middlewares/autenticacion.js:19:25)\n    at Layer.handle [as handle_request] (C:\\proyecto_escuelas\\backend\\node_modules\\express\\lib\\router\\layer.js:95:5)\n    at next (C:\\proyecto_escuelas\\backend\\node_modules\\express\\lib\\router\\route.js:144:13)\n    at Route.dispatch (C:\\proyecto_escuelas\\backend\\node_modules\\express\\lib\\router\\route.js:114:3)\n    at Layer.handle [as handle_request] (C:\\proyecto_escuelas\\backend\\node_modules\\express\\lib\\router\\layer.js:95:5)\n    at C:\\proyecto_escuelas\\backend\\node_modules\\express\\lib\\router\\index.js:284:15","type":"Error","msg":"jwt expired"}
{"level":40,"time":1781963163752,"pid":7988,"hostname":"DESKTOP-G8F9RK0","name":"TokenExpiredError","message":"jwt expired","expiredAt":"2026-06-20T13:46:03.000Z","stack":"TokenExpiredError: jwt expired\n    at C:\\proyecto_escuelas\\backend\\node_modules\\jsonwebtoken\\verify.js:190:21\n    at getSecret (C:\\proyecto_escuelas\\backend\\node_modules\\jsonwebtoken\\verify.js:97:14)\n    at module.exports [as verify] (C:\\proyecto_escuelas\\backend\\node_modules\\jsonwebtoken\\verify.js:101:10)\n    at validateUser (file:///C:/proyecto_escuelas/backend/src/negocio/utils/jwt.js:8:33)\n    at autenticacion (file:///C:/proyecto_escuelas/backend/src/negocio/middlewares/autenticacion.js:19:25)\n    at Layer.handle [as handle_request] (C:\\proyecto_escuelas\\backend\\node_modules\\express\\lib\\router\\layer.js:95:5)\n    at next (C:\\proyecto_escuelas\\backend\\node_modules\\express\\lib\\router\\route.js:144:13)\n    at Route.dispatch (C:\\proyecto_escuelas\\backend\\node_modules\\express\\lib\\router\\route.js:114:3)\n    at Layer.handle [as handle_request] (C:\\proyecto_escuelas\\backend\\node_modules\\express\\lib\\router\\layer.js:95:5)\n    at C:\\proyecto_escuelas\\backend\\node_modules\\express\\lib\\router\\index.js:284:15","type":"Error","msg":"jwt expired"}
{"level":40,"time":1781963163997,"pid":7988,"hostname":"DESKTOP-G8F9RK0","name":"TokenExpiredError","message":"jwt expired","expiredAt":"2026-06-20T13:46:03.000Z","stack":"TokenExpiredError: jwt expired\n    at C:\\proyecto_escuelas\\backend\\node_modules\\jsonwebtoken\\verify.js:190:21\n    at getSecret (C:\\proyecto_escuelas\\backend\\node_modules\\jsonwebtoken\\verify.js:97:14)\n    at module.exports [as verify] (C:\\proyecto_escuelas\\backend\\node_modules\\jsonwebtoken\\verify.js:101:10)\n    at validateUser (file:///C:/proyecto_escuelas/backend/src/negocio/utils/jwt.js:8:33)\n    at autenticacion (file:///C:/proyecto_escuelas/backend/src/negocio/middlewares/autenticacion.js:19:25)\n    at Layer.handle [as handle_request] (C:\\proyecto_escuelas\\backend\\node_modules\\express\\lib\\router\\layer.js:95:5)\n    at next (C:\\proyecto_escuelas\\backend\\node_modules\\express\\lib\\router\\route.js:144:13)\n    at Route.dispatch (C:\\proyecto_escuelas\\backend\\node_modules\\express\\lib\\router\\route.js:114:3)\n    at Layer.handle [as handle_request] (C:\\proyecto_escuelas\\backend\\node_modules\\express\\lib\\router\\layer.js:95:5)\n    at C:\\proyecto_escuelas\\backend\\node_modules\\express\\lib\\router\\index.js:284:15","type":"Error","msg":"jwt expired"}
{"level":40,"time":1781963164192,"pid":7988,"hostname":"DESKTOP-G8F9RK0","name":"TokenExpiredError","message":"jwt expired","expiredAt":"2026-06-20T13:46:03.000Z","stack":"TokenExpiredError: jwt expired\n    at C:\\proyecto_escuelas\\backend\\node_modules\\jsonwebtoken\\verify.js:190:21\n    at getSecret (C:\\proyecto_escuelas\\backend\\node_modules\\jsonwebtoken\\verify.js:97:14)\n    at module.exports [as verify] (C:\\proyecto_escuelas\\backend\\node_modules\\jsonwebtoken\\verify.js:101:10)\n    at validateUser (file:///C:/proyecto_escuelas/backend/src/negocio/utils/jwt.js:8:33)\n    at autenticacion (file:///C:/proyecto_escuelas/backend/src/negocio/middlewares/autenticacion.js:19:25)\n    at Layer.handle [as handle_request] (C:\\proyecto_escuelas\\backend\\node_modules\\express\\lib\\router\\layer.js:95:5)\n    at next (C:\\proyecto_escuelas\\backend\\node_modules\\express\\lib\\router\\route.js:144:13)\n    at Route.dispatch (C:\\proyecto_escuelas\\backend\\node_modules\\express\\lib\\router\\route.js:114:3)\n    at Layer.handle [as handle_request] (C:\\proyecto_escuelas\\backend\\node_modules\\express\\lib\\router\\layer.js:95:5)\n    at C:\\proyecto_escuelas\\backend\\node_modules\\express\\lib\\router\\index.js:284:15","type":"Error","msg":"jwt expired"}
{"level":40,"time":1781963169830,"pid":7988,"hostname":"DESKTOP-G8F9RK0","msg":"Le queda (118) segundos para que la sesion se expire"}
{"level":40,"time":1781963170013,"pid":7988,"hostname":"DESKTOP-G8F9RK0","msg":"Le queda (117) segundos para que la sesion se expire"}
{"level":40,"time":1781963188854,"pid":7988,"hostname":"DESKTOP-G8F9RK0","msg":"Le queda (99) segundos para que la sesion se expire"}
{"level":40,"time":1781963189187,"pid":7988,"hostname":"DESKTOP-G8F9RK0","msg":"Le queda (98) segundos para que la sesion se expire"}
{"level":40,"time":1781963190164,"pid":7988,"hostname":"DESKTOP-G8F9RK0","msg":"Le queda (97) segundos para que la sesion se expire"}
{"level":40,"time":1781963190317,"pid":7988,"hostname":"DESKTOP-G8F9RK0","msg":"Le queda (97) segundos para que la sesion se expire"}
{"level":40,"time":1781963195093,"pid":7988,"hostname":"DESKTOP-G8F9RK0","msg":"Le queda (92) segundos para que la sesion se expire"}
{"level":40,"time":1781963195438,"pid":7988,"hostname":"DESKTOP-G8F9RK0","msg":"Le queda (92) segundos para que la sesion se expire"}
{"level":40,"time":1781963195671,"pid":7988,"hostname":"DESKTOP-G8F9RK0","msg":"Le queda (92) segundos para que la sesion se expire"}
{"level":40,"time":1781963195932,"pid":7988,"hostname":"DESKTOP-G8F9RK0","msg":"Le queda (92) segundos para que la sesion se expire"}
{"level":40,"time":1781963196136,"pid":7988,"hostname":"DESKTOP-G8F9RK0","msg":"Le queda (91) segundos para que la sesion se expire"}
{"level":40,"time":1781963196708,"pid":7988,"hostname":"DESKTOP-G8F9RK0","msg":"Le queda (91) segundos para que la sesion se expire"}
{"level":40,"time":1781963196844,"pid":7988,"hostname":"DESKTOP-G8F9RK0","msg":"Le queda (91) segundos para que la sesion se expire"}
{"level":40,"time":1781963196848,"pid":7988,"hostname":"DESKTOP-G8F9RK0","msg":"Le queda (91) segundos para que la sesion se expire"}
{"level":40,"time":1781963196853,"pid":7988,"hostname":"DESKTOP-G8F9RK0","msg":"Le queda (91) segundos para que la sesion se expire"}
{"level":40,"time":1781963196858,"pid":7988,"hostname":"DESKTOP-G8F9RK0","msg":"Le queda (91) segundos para que la sesion se expire"}
{"level":40,"time":1781963198617,"pid":7988,"hostname":"DESKTOP-G8F9RK0","msg":"Le queda (89) segundos para que la sesion se expire"}
{"level":40,"time":1781963198668,"pid":7988,"hostname":"DESKTOP-G8F9RK0","msg":"Le queda (89) segundos para que la sesion se expire"}
{"level":40,"time":1781963203813,"pid":7988,"hostname":"DESKTOP-G8F9RK0","msg":"Le queda (84) segundos para que la sesion se expire"}
{"level":40,"time":1781963204032,"pid":7988,"hostname":"DESKTOP-G8F9RK0","msg":"Le queda (83) segundos para que la sesion se expire"}
{"level":40,"time":1781963206346,"pid":7988,"hostname":"DESKTOP-G8F9RK0","msg":"Le queda (81) segundos para que la sesion se expire"}
{"level":40,"time":1781963206398,"pid":7988,"hostname":"DESKTOP-G8F9RK0","msg":"Le queda (81) segundos para que la sesion se expire"}
{"level":40,"time":1781963206646,"pid":7988,"hostname":"DESKTOP-G8F9RK0","msg":"Le queda (81) segundos para que la sesion se expire"}
{"level":40,"time":1781963206699,"pid":7988,"hostname":"DESKTOP-G8F9RK0","msg":"Le queda (81) segundos para que la sesion se expire"}
{"level":40,"time":1781963206846,"pid":7988,"hostname":"DESKTOP-G8F9RK0","msg":"Le queda (81) segundos para que la sesion se expire"}
{"level":40,"time":1781963206903,"pid":7988,"hostname":"DESKTOP-G8F9RK0","msg":"Le queda (81) segundos para que la sesion se expire"}
{"level":40,"time":1781963207116,"pid":7988,"hostname":"DESKTOP-G8F9RK0","msg":"Le queda (80) segundos para que la sesion se expire"}
{"level":40,"time":1781963207167,"pid":7988,"hostname":"DESKTOP-G8F9RK0","msg":"Le queda (80) segundos para que la sesion se expire"}
{"level":40,"time":1781963207392,"pid":7988,"hostname":"DESKTOP-G8F9RK0","msg":"Le queda (80) segundos para que la sesion se expire"}
{"level":40,"time":1781963207437,"pid":7988,"hostname":"DESKTOP-G8F9RK0","msg":"Le queda (80) segundos para que la sesion se expire"}
{"level":40,"time":1781963208653,"pid":7988,"hostname":"DESKTOP-G8F9RK0","msg":"Le queda (79) segundos para que la sesion se expire"}
{"level":40,"time":1781963209759,"pid":7988,"hostname":"DESKTOP-G8F9RK0","msg":"Le queda (78) segundos para que la sesion se expire"}
{"level":40,"time":1781963209941,"pid":7988,"hostname":"DESKTOP-G8F9RK0","msg":"Le queda (78) segundos para que la sesion se expire"}
{"level":40,"time":1781963211996,"pid":7988,"hostname":"DESKTOP-G8F9RK0","msg":"Le queda (76) segundos para que la sesion se expire"}
{"level":40,"time":1781963212495,"pid":7988,"hostname":"DESKTOP-G8F9RK0","msg":"Le queda (75) segundos para que la sesion se expire"}
{"level":40,"time":1781963215140,"pid":7988,"hostname":"DESKTOP-G8F9RK0","msg":"Le queda (72) segundos para que la sesion se expire"}
{"level":40,"time":1781963215207,"pid":7988,"hostname":"DESKTOP-G8F9RK0","msg":"Le queda (72) segundos para que la sesion se expire"}
{"level":40,"time":1781963215444,"pid":7988,"hostname":"DESKTOP-G8F9RK0","msg":"Le queda (72) segundos para que la sesion se expire"}
{"level":40,"time":1781963215503,"pid":7988,"hostname":"DESKTOP-G8F9RK0","msg":"Le queda (72) segundos para que la sesion se expire"}
{"level":40,"time":1781963215672,"pid":7988,"hostname":"DESKTOP-G8F9RK0","msg":"Le queda (72) segundos para que la sesion se expire"}
{"level":40,"time":1781963215720,"pid":7988,"hostname":"DESKTOP-G8F9RK0","msg":"Le queda (72) segundos para que la sesion se expire"}
{"level":40,"time":1781963216104,"pid":7988,"hostname":"DESKTOP-G8F9RK0","msg":"Le queda (71) segundos para que la sesion se expire"}
{"level":40,"time":1781963216154,"pid":7988,"hostname":"DESKTOP-G8F9RK0","msg":"Le queda (71) segundos para que la sesion se expire"}
{"level":40,"time":1781963216166,"pid":7988,"hostname":"DESKTOP-G8F9RK0","msg":"Le queda (71) segundos para que la sesion se expire"}
{"level":40,"time":1781963216217,"pid":7988,"hostname":"DESKTOP-G8F9RK0","msg":"Le queda (71) segundos para que la sesion se expire"}
{"level":40,"time":1781963217592,"pid":7988,"hostname":"DESKTOP-G8F9RK0","msg":"Le queda (70) segundos para que la sesion se expire"}
{"level":40,"time":1781963217644,"pid":7988,"hostname":"DESKTOP-G8F9RK0","msg":"Le queda (70) segundos para que la sesion se expire"}
{"level":40,"time":1781964099782,"pid":7988,"hostname":"DESKTOP-G8F9RK0","msg":"Le queda (118) segundos para que la sesion se expire"}
{"level":40,"time":1781964099999,"pid":7988,"hostname":"DESKTOP-G8F9RK0","msg":"Le queda (118) segundos para que la sesion se expire"}
{"level":40,"time":1781964102231,"pid":7988,"hostname":"DESKTOP-G8F9RK0","msg":"Le queda (115) segundos para que la sesion se expire"}
{"level":40,"time":1781964102418,"pid":7988,"hostname":"DESKTOP-G8F9RK0","msg":"Le queda (115) segundos para que la sesion se expire"}
{"level":40,"time":1781964109703,"pid":7988,"hostname":"DESKTOP-G8F9RK0","msg":"Le queda (108) segundos para que la sesion se expire"}
{"level":40,"time":1781964109898,"pid":7988,"hostname":"DESKTOP-G8F9RK0","msg":"Le queda (108) segundos para que la sesion se expire"}
{"level":40,"time":1781964109906,"pid":7988,"hostname":"DESKTOP-G8F9RK0","msg":"Le queda (108) segundos para que la sesion se expire"}
{"level":40,"time":1781964110126,"pid":7988,"hostname":"DESKTOP-G8F9RK0","msg":"Le queda (107) segundos para que la sesion se expire"}
{"level":40,"time":1781964110352,"pid":7988,"hostname":"DESKTOP-G8F9RK0","msg":"Le queda (107) segundos para que la sesion se expire"}
{"level":40,"time":1781964113545,"pid":7988,"hostname":"DESKTOP-G8F9RK0","msg":"Le queda (104) segundos para que la sesion se expire"}
{"level":40,"time":1781964113727,"pid":7988,"hostname":"DESKTOP-G8F9RK0","msg":"Le queda (104) segundos para que la sesion se expire"}
{"level":40,"time":1781964121057,"pid":7988,"hostname":"DESKTOP-G8F9RK0","msg":"Le queda (96) segundos para que la sesion se expire"}
{"level":40,"time":1781964121254,"pid":7988,"hostname":"DESKTOP-G8F9RK0","msg":"Le queda (96) segundos para que la sesion se expire"}
{"level":40,"time":1781964121260,"pid":7988,"hostname":"DESKTOP-G8F9RK0","msg":"Le queda (96) segundos para que la sesion se expire"}
{"level":40,"time":1781964121460,"pid":7988,"hostname":"DESKTOP-G8F9RK0","msg":"Le queda (96) segundos para que la sesion se expire"}
{"level":40,"time":1781964121678,"pid":7988,"hostname":"DESKTOP-G8F9RK0","msg":"Le queda (96) segundos para que la sesion se expire"}
{"level":40,"time":1781964126789,"pid":7988,"hostname":"DESKTOP-G8F9RK0","msg":"Le queda (91) segundos para que la sesion se expire"}
{"level":40,"time":1781964126843,"pid":7988,"hostname":"DESKTOP-G8F9RK0","msg":"Le queda (91) segundos para que la sesion se expire"}
{"level":40,"time":1781964127148,"pid":7988,"hostname":"DESKTOP-G8F9RK0","msg":"Le queda (90) segundos para que la sesion se expire"}
{"level":40,"time":1781964127202,"pid":7988,"hostname":"DESKTOP-G8F9RK0","msg":"Le queda (90) segundos para que la sesion se expire"}
{"level":40,"time":1781964127401,"pid":7988,"hostname":"DESKTOP-G8F9RK0","msg":"Le queda (90) segundos para que la sesion se expire"}
{"level":40,"time":1781964127447,"pid":7988,"hostname":"DESKTOP-G8F9RK0","msg":"Le queda (90) segundos para que la sesion se expire"}
{"level":40,"time":1781964127657,"pid":7988,"hostname":"DESKTOP-G8F9RK0","msg":"Le queda (90) segundos para que la sesion se expire"}
{"level":40,"time":1781964127706,"pid":7988,"hostname":"DESKTOP-G8F9RK0","msg":"Le queda (90) segundos para que la sesion se expire"}
{"level":40,"time":1781964127973,"pid":7988,"hostname":"DESKTOP-G8F9RK0","msg":"Le queda (90) segundos para que la sesion se expire"}
{"level":40,"time":1781964128021,"pid":7988,"hostname":"DESKTOP-G8F9RK0","msg":"Le queda (89) segundos para que la sesion se expire"}
{"level":40,"time":1781964134959,"pid":7988,"hostname":"DESKTOP-G8F9RK0","msg":"Le queda (83) segundos para que la sesion se expire"}
{"level":40,"time":1781964135186,"pid":7988,"hostname":"DESKTOP-G8F9RK0","msg":"Le queda (82) segundos para que la sesion se expire"}
{"level":40,"time":1781964153007,"pid":7988,"hostname":"DESKTOP-G8F9RK0","msg":"Le queda (64) segundos para que la sesion se expire"}
{"level":40,"time":1781964153361,"pid":7988,"hostname":"DESKTOP-G8F9RK0","msg":"Le queda (64) segundos para que la sesion se expire"}
{"level":40,"time":1781964153714,"pid":7988,"hostname":"DESKTOP-G8F9RK0","msg":"Le queda (64) segundos para que la sesion se expire"}
{"level":40,"time":1781964153935,"pid":7988,"hostname":"DESKTOP-G8F9RK0","msg":"Le queda (64) segundos para que la sesion se expire"}
{"level":40,"time":1781964161772,"pid":7988,"hostname":"DESKTOP-G8F9RK0","msg":"Le queda (56) segundos para que la sesion se expire"}
{"level":40,"time":1781964161826,"pid":7988,"hostname":"DESKTOP-G8F9RK0","msg":"Le queda (56) segundos para que la sesion se expire"}
{"level":40,"time":1781964162157,"pid":7988,"hostname":"DESKTOP-G8F9RK0","msg":"Le queda (55) segundos para que la sesion se expire"}
{"level":40,"time":1781964162204,"pid":7988,"hostname":"DESKTOP-G8F9RK0","msg":"Le queda (55) segundos para que la sesion se expire"}
{"level":40,"time":1781964162453,"pid":7988,"hostname":"DESKTOP-G8F9RK0","msg":"Le queda (55) segundos para que la sesion se expire"}
{"level":40,"time":1781964162500,"pid":7988,"hostname":"DESKTOP-G8F9RK0","msg":"Le queda (55) segundos para que la sesion se expire"}
{"level":40,"time":1781964162682,"pid":7988,"hostname":"DESKTOP-G8F9RK0","msg":"Le queda (55) segundos para que la sesion se expire"}
{"level":40,"time":1781964162730,"pid":7988,"hostname":"DESKTOP-G8F9RK0","msg":"Le queda (55) segundos para que la sesion se expire"}
{"level":40,"time":1781964162913,"pid":7988,"hostname":"DESKTOP-G8F9RK0","msg":"Le queda (55) segundos para que la sesion se expire"}
{"level":40,"time":1781964162967,"pid":7988,"hostname":"DESKTOP-G8F9RK0","msg":"Le queda (55) segundos para que la sesion se expire"}
{"level":40,"time":1781964164645,"pid":7988,"hostname":"DESKTOP-G8F9RK0","msg":"Le queda (53) segundos para que la sesion se expire"}
{"level":40,"time":1781964171867,"pid":7988,"hostname":"DESKTOP-G8F9RK0","msg":"Le queda (46) segundos para que la sesion se expire"}
{"level":40,"time":1781964192767,"pid":7988,"hostname":"DESKTOP-G8F9RK0","msg":"Le queda (25) segundos para que la sesion se expire"}
{"level":40,"time":1781964193103,"pid":7988,"hostname":"DESKTOP-G8F9RK0","msg":"Le queda (24) segundos para que la sesion se expire"}
{"level":40,"time":1781964193318,"pid":7988,"hostname":"DESKTOP-G8F9RK0","msg":"Le queda (24) segundos para que la sesion se expire"}
{"level":40,"time":1781964193706,"pid":7988,"hostname":"DESKTOP-G8F9RK0","msg":"Le queda (24) segundos para que la sesion se expire"}
{"level":40,"time":1781964197873,"pid":7988,"hostname":"DESKTOP-G8F9RK0","msg":"Le queda (20) segundos para que la sesion se expire"}
{"level":40,"time":1781964197980,"pid":7988,"hostname":"DESKTOP-G8F9RK0","msg":"Le queda (20) segundos para que la sesion se expire"}
{"level":40,"time":1781964198441,"pid":7988,"hostname":"DESKTOP-G8F9RK0","msg":"Le queda (19) segundos para que la sesion se expire"}
{"level":40,"time":1781964198492,"pid":7988,"hostname":"DESKTOP-G8F9RK0","msg":"Le queda (19) segundos para que la sesion se expire"}
{"level":40,"time":1781964198667,"pid":7988,"hostname":"DESKTOP-G8F9RK0","msg":"Le queda (19) segundos para que la sesion se expire"}
{"level":40,"time":1781964198722,"pid":7988,"hostname":"DESKTOP-G8F9RK0","msg":"Le queda (19) segundos para que la sesion se expire"}
{"level":40,"time":1781964198895,"pid":7988,"hostname":"DESKTOP-G8F9RK0","msg":"Le queda (19) segundos para que la sesion se expire"}
{"level":40,"time":1781964198952,"pid":7988,"hostname":"DESKTOP-G8F9RK0","msg":"Le queda (19) segundos para que la sesion se expire"}
{"level":40,"time":1781964199207,"pid":7988,"hostname":"DESKTOP-G8F9RK0","msg":"Le queda (18) segundos para que la sesion se expire"}
{"level":40,"time":1781964199269,"pid":7988,"hostname":"DESKTOP-G8F9RK0","msg":"Le queda (18) segundos para que la sesion se expire"}
{"level":40,"time":1781964200918,"pid":7988,"hostname":"DESKTOP-G8F9RK0","msg":"Le queda (17) segundos para que la sesion se expire"}
{"level":40,"time":1781964201114,"pid":7988,"hostname":"DESKTOP-G8F9RK0","msg":"Le queda (16) segundos para que la sesion se expire"}
{"level":40,"time":1781964383021,"pid":7988,"hostname":"DESKTOP-G8F9RK0","msg":"Le queda (117) segundos para que la sesion se expire"}
{"level":40,"time":1781964383282,"pid":7988,"hostname":"DESKTOP-G8F9RK0","msg":"Le queda (117) segundos para que la sesion se expire"}
{"level":40,"time":1781964389186,"pid":7988,"hostname":"DESKTOP-G8F9RK0","msg":"Le queda (111) segundos para que la sesion se expire"}
{"level":40,"time":1781964389443,"pid":7988,"hostname":"DESKTOP-G8F9RK0","msg":"Le queda (111) segundos para que la sesion se expire"}
{"level":40,"time":1781964396826,"pid":7988,"hostname":"DESKTOP-G8F9RK0","msg":"Le queda (104) segundos para que la sesion se expire"}
{"level":40,"time":1781964396888,"pid":7988,"hostname":"DESKTOP-G8F9RK0","msg":"Le queda (104) segundos para que la sesion se expire"}
{"level":40,"time":1781964448735,"pid":7988,"hostname":"DESKTOP-G8F9RK0","msg":"Le queda (52) segundos para que la sesion se expire"}
{"level":40,"time":1781964457744,"pid":7988,"hostname":"DESKTOP-G8F9RK0","msg":"Le queda (43) segundos para que la sesion se expire"}
{"level":40,"time":1781964464408,"pid":7988,"hostname":"DESKTOP-G8F9RK0","msg":"Le queda (36) segundos para que la sesion se expire"}
{"level":40,"time":1781964810261,"pid":7988,"hostname":"DESKTOP-G8F9RK0","msg":"Le queda (118) segundos para que la sesion se expire"}
{"level":40,"time":1781964810459,"pid":7988,"hostname":"DESKTOP-G8F9RK0","msg":"Le queda (118) segundos para que la sesion se expire"}
{"level":40,"time":1781964888702,"pid":7988,"hostname":"DESKTOP-G8F9RK0","msg":"Le queda (40) segundos para que la sesion se expire"}
{"level":40,"time":1781964956582,"pid":12140,"hostname":"DESKTOP-G8F9RK0","msg":"Le queda (118) segundos para que la sesion se expire"}
{"level":40,"time":1781964956778,"pid":12140,"hostname":"DESKTOP-G8F9RK0","msg":"Le queda (118) segundos para que la sesion se expire"}
{"level":40,"time":1781964959909,"pid":12140,"hostname":"DESKTOP-G8F9RK0","msg":"Le queda (115) segundos para que la sesion se expire"}
{"level":40,"time":1781964960233,"pid":12140,"hostname":"DESKTOP-G8F9RK0","msg":"Le queda (114) segundos para que la sesion se expire"}
{"level":40,"time":1781964960535,"pid":12140,"hostname":"DESKTOP-G8F9RK0","msg":"Le queda (114) segundos para que la sesion se expire"}
{"level":40,"time":1781964960541,"pid":12140,"hostname":"DESKTOP-G8F9RK0","msg":"Le queda (114) segundos para que la sesion se expire"}
{"level":40,"time":1781964960603,"pid":12140,"hostname":"DESKTOP-G8F9RK0","msg":"Le queda (114) segundos para que la sesion se expire"}
{"level":40,"time":1781964960692,"pid":12140,"hostname":"DESKTOP-G8F9RK0","msg":"Le queda (114) segundos para que la sesion se expire"}
{"level":40,"time":1781964961040,"pid":12140,"hostname":"DESKTOP-G8F9RK0","msg":"Le queda (113) segundos para que la sesion se expire"}
{"level":40,"time":1781964961105,"pid":12140,"hostname":"DESKTOP-G8F9RK0","msg":"Le queda (113) segundos para que la sesion se expire"}
{"level":40,"time":1781964961121,"pid":12140,"hostname":"DESKTOP-G8F9RK0","msg":"Le queda (113) segundos para que la sesion se expire"}
{"level":40,"time":1781964961210,"pid":12140,"hostname":"DESKTOP-G8F9RK0","msg":"Le queda (113) segundos para que la sesion se expire"}
{"level":40,"time":1781964964138,"pid":12140,"hostname":"DESKTOP-G8F9RK0","msg":"Le queda (110) segundos para que la sesion se expire"}
{"level":40,"time":1781964964191,"pid":12140,"hostname":"DESKTOP-G8F9RK0","msg":"Le queda (110) segundos para que la sesion se expire"}
{"level":40,"time":1781964968751,"pid":12140,"hostname":"DESKTOP-G8F9RK0","msg":"Le queda (106) segundos para que la sesion se expire"}
{"level":40,"time":1781964968959,"pid":12140,"hostname":"DESKTOP-G8F9RK0","msg":"Le queda (106) segundos para que la sesion se expire"}
{"level":40,"time":1781964972224,"pid":12140,"hostname":"DESKTOP-G8F9RK0","msg":"Le queda (102) segundos para que la sesion se expire"}
{"level":40,"time":1781964972283,"pid":12140,"hostname":"DESKTOP-G8F9RK0","msg":"Le queda (102) segundos para que la sesion se expire"}
{"level":40,"time":1781964972575,"pid":12140,"hostname":"DESKTOP-G8F9RK0","msg":"Le queda (102) segundos para que la sesion se expire"}
{"level":40,"time":1781964972628,"pid":12140,"hostname":"DESKTOP-G8F9RK0","msg":"Le queda (102) segundos para que la sesion se expire"}
{"level":40,"time":1781964972804,"pid":12140,"hostname":"DESKTOP-G8F9RK0","msg":"Le queda (102) segundos para que la sesion se expire"}
{"level":40,"time":1781964972855,"pid":12140,"hostname":"DESKTOP-G8F9RK0","msg":"Le queda (102) segundos para que la sesion se expire"}
{"level":40,"time":1781964973029,"pid":12140,"hostname":"DESKTOP-G8F9RK0","msg":"Le queda (101) segundos para que la sesion se expire"}
{"level":40,"time":1781964973075,"pid":12140,"hostname":"DESKTOP-G8F9RK0","msg":"Le queda (101) segundos para que la sesion se expire"}
{"level":40,"time":1781964973243,"pid":12140,"hostname":"DESKTOP-G8F9RK0","msg":"Le queda (101) segundos para que la sesion se expire"}
{"level":40,"time":1781964973304,"pid":12140,"hostname":"DESKTOP-G8F9RK0","msg":"Le queda (101) segundos para que la sesion se expire"}
{"level":40,"time":1781965022129,"pid":12140,"hostname":"DESKTOP-G8F9RK0","msg":"Le queda (52) segundos para que la sesion se expire"}
{"level":40,"time":1781965119499,"pid":9556,"hostname":"DESKTOP-G8F9RK0","msg":"Le queda (118) segundos para que la sesion se expire"}
{"level":40,"time":1781965121482,"pid":9556,"hostname":"DESKTOP-G8F9RK0","msg":"Le queda (116) segundos para que la sesion se expire"}
{"level":40,"time":1781965168970,"pid":9556,"hostname":"DESKTOP-G8F9RK0","msg":"Le queda (69) segundos para que la sesion se expire"}
{"level":40,"time":1781965292583,"pid":9556,"hostname":"DESKTOP-G8F9RK0","msg":"Le queda (115) segundos para que la sesion se expire"}
{"level":40,"time":1781965292784,"pid":9556,"hostname":"DESKTOP-G8F9RK0","msg":"Le queda (115) segundos para que la sesion se expire"}
{"level":40,"time":1781965295385,"pid":9556,"hostname":"DESKTOP-G8F9RK0","msg":"Le queda (112) segundos para que la sesion se expire"}
{"level":40,"time":1781965295568,"pid":9556,"hostname":"DESKTOP-G8F9RK0","msg":"Le queda (112) segundos para que la sesion se expire"}
{"level":40,"time":1781965410042,"pid":9556,"hostname":"DESKTOP-G8F9RK0","msg":"Le queda (117) segundos para que la sesion se expire"}
{"level":40,"time":1781965410236,"pid":9556,"hostname":"DESKTOP-G8F9RK0","msg":"Le queda (117) segundos para que la sesion se expire"}
{"level":40,"time":1781965453679,"pid":9556,"hostname":"DESKTOP-G8F9RK0","msg":"Le queda (74) segundos para que la sesion se expire"}
{"level":40,"time":1781975974235,"pid":11508,"hostname":"DESKTOP-G8F9RK0","msg":"Le queda (116) segundos para que la sesion se expire"}
{"level":40,"time":1781975974480,"pid":11508,"hostname":"DESKTOP-G8F9RK0","msg":"Le queda (116) segundos para que la sesion se expire"}
{"level":40,"time":1781976027320,"pid":11508,"hostname":"DESKTOP-G8F9RK0","msg":"Le queda (63) segundos para que la sesion se expire"}
{"level":40,"time":1781976169274,"pid":11508,"hostname":"DESKTOP-G8F9RK0","msg":"Le queda (117) segundos para que la sesion se expire"}
{"level":40,"time":1781976169628,"pid":11508,"hostname":"DESKTOP-G8F9RK0","msg":"Le queda (117) segundos para que la sesion se expire"}
{"level":40,"time":1781976215231,"pid":11508,"hostname":"DESKTOP-G8F9RK0","msg":"Le queda (71) segundos para que la sesion se expire"}
{"level":40,"time":1781976810657,"pid":8812,"hostname":"DESKTOP-G8F9RK0","msg":"Le queda (118) segundos para que la sesion se expire"}
{"level":40,"time":1781976810861,"pid":8812,"hostname":"DESKTOP-G8F9RK0","msg":"Le queda (118) segundos para que la sesion se expire"}
{"level":40,"time":1781976860650,"pid":8812,"hostname":"DESKTOP-G8F9RK0","msg":"Le queda (68) segundos para que la sesion se expire"}
{"level":40,"time":1781976860864,"pid":8812,"hostname":"DESKTOP-G8F9RK0","msg":"Le queda (68) segundos para que la sesion se expire"}
{"level":40,"time":1781976862966,"pid":8812,"hostname":"DESKTOP-G8F9RK0","msg":"Le queda (66) segundos para que la sesion se expire"}
{"level":40,"time":1781976863296,"pid":8812,"hostname":"DESKTOP-G8F9RK0","msg":"Le queda (65) segundos para que la sesion se expire"}
{"level":40,"time":1781976869026,"pid":8812,"hostname":"DESKTOP-G8F9RK0","msg":"Le queda (59) segundos para que la sesion se expire"}
{"level":40,"time":1781976869437,"pid":8812,"hostname":"DESKTOP-G8F9RK0","msg":"Le queda (59) segundos para que la sesion se expire"}
{"level":40,"time":1781976869642,"pid":8812,"hostname":"DESKTOP-G8F9RK0","msg":"Le queda (59) segundos para que la sesion se expire"}
{"level":40,"time":1781976869843,"pid":8812,"hostname":"DESKTOP-G8F9RK0","msg":"Le queda (59) segundos para que la sesion se expire"}
{"level":40,"time":1781976869859,"pid":8812,"hostname":"DESKTOP-G8F9RK0","msg":"Le queda (59) segundos para que la sesion se expire"}
{"level":40,"time":1781976869890,"pid":8812,"hostname":"DESKTOP-G8F9RK0","msg":"Le queda (59) segundos para que la sesion se expire"}
{"level":40,"time":1781976869974,"pid":8812,"hostname":"DESKTOP-G8F9RK0","msg":"Le queda (59) segundos para que la sesion se expire"}
{"level":40,"time":1781976870045,"pid":8812,"hostname":"DESKTOP-G8F9RK0","msg":"Le queda (58) segundos para que la sesion se expire"}
{"level":40,"time":1781976870403,"pid":8812,"hostname":"DESKTOP-G8F9RK0","msg":"Le queda (58) segundos para que la sesion se expire"}
{"level":40,"time":1781976870456,"pid":8812,"hostname":"DESKTOP-G8F9RK0","msg":"Le queda (58) segundos para que la sesion se expire"}
{"level":40,"time":1781976871897,"pid":8812,"hostname":"DESKTOP-G8F9RK0","msg":"Le queda (57) segundos para que la sesion se expire"}
{"level":40,"time":1781976871950,"pid":8812,"hostname":"DESKTOP-G8F9RK0","msg":"Le queda (57) segundos para que la sesion se expire"}
{"level":40,"time":1781976873479,"pid":8812,"hostname":"DESKTOP-G8F9RK0","msg":"Le queda (55) segundos para que la sesion se expire"}
{"level":40,"time":1781976873528,"pid":8812,"hostname":"DESKTOP-G8F9RK0","msg":"Le queda (55) segundos para que la sesion se expire"}
{"level":40,"time":1781976885157,"pid":8812,"hostname":"DESKTOP-G8F9RK0","msg":"Le queda (43) segundos para que la sesion se expire"}
{"level":40,"time":1781976885464,"pid":8812,"hostname":"DESKTOP-G8F9RK0","msg":"Le queda (43) segundos para que la sesion se expire"}
{"level":40,"time":1781976886683,"pid":8812,"hostname":"DESKTOP-G8F9RK0","msg":"Le queda (42) segundos para que la sesion se expire"}
{"level":40,"time":1781976887031,"pid":8812,"hostname":"DESKTOP-G8F9RK0","msg":"Le queda (41) segundos para que la sesion se expire"}
{"level":40,"time":1781976965164,"pid":8812,"hostname":"DESKTOP-G8F9RK0","msg":"Le queda (117) segundos para que la sesion se expire"}
{"level":40,"time":1781976965357,"pid":8812,"hostname":"DESKTOP-G8F9RK0","msg":"Le queda (117) segundos para que la sesion se expire"}
{"level":40,"time":1781976967498,"pid":8812,"hostname":"DESKTOP-G8F9RK0","msg":"Le queda (115) segundos para que la sesion se expire"}
{"level":40,"time":1781976967674,"pid":8812,"hostname":"DESKTOP-G8F9RK0","msg":"Le queda (115) segundos para que la sesion se expire"}
{"level":40,"time":1781976991222,"pid":8812,"hostname":"DESKTOP-G8F9RK0","msg":"Le queda (91) segundos para que la sesion se expire"}
{"level":40,"time":1781976991542,"pid":8812,"hostname":"DESKTOP-G8F9RK0","msg":"Le queda (91) segundos para que la sesion se expire"}
{"level":40,"time":1781976991551,"pid":8812,"hostname":"DESKTOP-G8F9RK0","msg":"Le queda (91) segundos para que la sesion se expire"}
{"level":40,"time":1781976998785,"pid":8812,"hostname":"DESKTOP-G8F9RK0","msg":"Le queda (84) segundos para que la sesion se expire"}
{"level":40,"time":1781976998986,"pid":8812,"hostname":"DESKTOP-G8F9RK0","msg":"Le queda (84) segundos para que la sesion se expire"}
{"level":40,"time":1781977232254,"pid":8812,"hostname":"DESKTOP-G8F9RK0","msg":"Le queda (117) segundos para que la sesion se expire"}
{"level":40,"time":1781977232959,"pid":8812,"hostname":"DESKTOP-G8F9RK0","msg":"Le queda (117) segundos para que la sesion se expire"}
{"level":40,"time":1781977235014,"pid":8812,"hostname":"DESKTOP-G8F9RK0","msg":"Le queda (114) segundos para que la sesion se expire"}
{"level":40,"time":1781977235203,"pid":8812,"hostname":"DESKTOP-G8F9RK0","msg":"Le queda (114) segundos para que la sesion se expire"}
{"level":40,"time":1781977288096,"pid":7216,"hostname":"DESKTOP-G8F9RK0","msg":"Le queda (61) segundos para que la sesion se expire"}
{"level":40,"time":1781977288301,"pid":7216,"hostname":"DESKTOP-G8F9RK0","msg":"Le queda (61) segundos para que la sesion se expire"}
{"level":40,"time":1781977289499,"pid":7216,"hostname":"DESKTOP-G8F9RK0","msg":"Le queda (60) segundos para que la sesion se expire"}
{"level":40,"time":1781977289709,"pid":7216,"hostname":"DESKTOP-G8F9RK0","msg":"Le queda (60) segundos para que la sesion se expire"}
{"level":40,"time":1781977291574,"pid":7216,"hostname":"DESKTOP-G8F9RK0","msg":"Le queda (58) segundos para que la sesion se expire"}
{"level":40,"time":1781977292823,"pid":7216,"hostname":"DESKTOP-G8F9RK0","msg":"Le queda (57) segundos para que la sesion se expire"}
{"level":40,"time":1781977342417,"pid":7216,"hostname":"DESKTOP-G8F9RK0","msg":"Le queda (7) segundos para que la sesion se expire"}
{"level":40,"time":1781977342738,"pid":7216,"hostname":"DESKTOP-G8F9RK0","msg":"Le queda (7) segundos para que la sesion se expire"}
{"level":40,"time":1781977362633,"pid":7216,"hostname":"DESKTOP-G8F9RK0","msg":"Le queda (117) segundos para que la sesion se expire"}
{"level":40,"time":1781977362860,"pid":7216,"hostname":"DESKTOP-G8F9RK0","msg":"Le queda (117) segundos para que la sesion se expire"}
{"level":40,"time":1781977366578,"pid":7216,"hostname":"DESKTOP-G8F9RK0","msg":"Le queda (113) segundos para que la sesion se expire"}
{"level":40,"time":1781977368028,"pid":7216,"hostname":"DESKTOP-G8F9RK0","msg":"Le queda (111) segundos para que la sesion se expire"}
{"level":40,"time":1781977616183,"pid":6012,"hostname":"DESKTOP-G8F9RK0","msg":"Le queda (117) segundos para que la sesion se expire"}
{"level":40,"time":1781977616389,"pid":6012,"hostname":"DESKTOP-G8F9RK0","msg":"Le queda (117) segundos para que la sesion se expire"}
{"level":40,"time":1781977618621,"pid":6012,"hostname":"DESKTOP-G8F9RK0","msg":"Le queda (115) segundos para que la sesion se expire"}
{"level":40,"time":1781977618803,"pid":6012,"hostname":"DESKTOP-G8F9RK0","msg":"Le queda (115) segundos para que la sesion se expire"}
{"level":40,"time":1781977624686,"pid":6012,"hostname":"DESKTOP-G8F9RK0","msg":"Le queda (109) segundos para que la sesion se expire"}
{"level":40,"time":1781977624896,"pid":6012,"hostname":"DESKTOP-G8F9RK0","msg":"Le queda (109) segundos para que la sesion se expire"}
{"level":40,"time":1781977809670,"pid":12236,"hostname":"DESKTOP-G8F9RK0","msg":"Le queda (118) segundos para que la sesion se expire"}
{"level":40,"time":1781977809873,"pid":12236,"hostname":"DESKTOP-G8F9RK0","msg":"Le queda (118) segundos para que la sesion se expire"}
{"level":40,"time":1781977812167,"pid":12236,"hostname":"DESKTOP-G8F9RK0","msg":"Le queda (115) segundos para que la sesion se expire"}
{"level":40,"time":1781977812359,"pid":12236,"hostname":"DESKTOP-G8F9RK0","msg":"Le queda (115) segundos para que la sesion se expire"}
{"level":40,"time":1781978011063,"pid":12236,"hostname":"DESKTOP-G8F9RK0","msg":"Le queda (117) segundos para que la sesion se expire"}
{"level":40,"time":1781978011311,"pid":12236,"hostname":"DESKTOP-G8F9RK0","msg":"Le queda (117) segundos para que la sesion se expire"}
{"level":40,"time":1781978013262,"pid":12236,"hostname":"DESKTOP-G8F9RK0","msg":"Le queda (115) segundos para que la sesion se expire"}
{"level":40,"time":1781978013467,"pid":12236,"hostname":"DESKTOP-G8F9RK0","msg":"Le queda (115) segundos para que la sesion se expire"}
{"level":40,"time":1781978016741,"pid":12236,"hostname":"DESKTOP-G8F9RK0","msg":"Le queda (112) segundos para que la sesion se expire"}
{"level":40,"time":1781978016941,"pid":12236,"hostname":"DESKTOP-G8F9RK0","msg":"Le queda (112) segundos para que la sesion se expire"}
{"level":40,"time":1781978016945,"pid":12236,"hostname":"DESKTOP-G8F9RK0","msg":"Le queda (112) segundos para que la sesion se expire"}
{"level":40,"time":1781978019607,"pid":12236,"hostname":"DESKTOP-G8F9RK0","msg":"Le queda (109) segundos para que la sesion se expire"}
{"level":40,"time":1781978021992,"pid":12236,"hostname":"DESKTOP-G8F9RK0","msg":"Le queda (107) segundos para que la sesion se expire"}
{"level":40,"time":1781978132149,"pid":12236,"hostname":"DESKTOP-G8F9RK0","msg":"Le queda (117) segundos para que la sesion se expire"}
{"level":40,"time":1781978133193,"pid":12236,"hostname":"DESKTOP-G8F9RK0","msg":"Le queda (116) segundos para que la sesion se expire"}
{"level":40,"time":1781978135242,"pid":12236,"hostname":"DESKTOP-G8F9RK0","msg":"Le queda (114) segundos para que la sesion se expire"}
{"level":40,"time":1781978135441,"pid":12236,"hostname":"DESKTOP-G8F9RK0","msg":"Le queda (114) segundos para que la sesion se expire"}
{"level":40,"time":1781978137421,"pid":12236,"hostname":"DESKTOP-G8F9RK0","msg":"Le queda (112) segundos para que la sesion se expire"}
{"level":40,"time":1781978137615,"pid":12236,"hostname":"DESKTOP-G8F9RK0","msg":"Le queda (112) segundos para que la sesion se expire"}
{"level":40,"time":1781978137619,"pid":12236,"hostname":"DESKTOP-G8F9RK0","msg":"Le queda (112) segundos para que la sesion se expire"}
{"level":40,"time":1781978137878,"pid":12236,"hostname":"DESKTOP-G8F9RK0","msg":"Le queda (112) segundos para que la sesion se expire"}
{"level":40,"time":1781978138132,"pid":12236,"hostname":"DESKTOP-G8F9RK0","msg":"Le queda (111) segundos para que la sesion se expire"}
{"level":40,"time":1781990659638,"pid":10836,"hostname":"DESKTOP-G8F9RK0","msg":"Le queda (117) segundos para que la sesion se expire"}
{"level":40,"time":1781990659849,"pid":10836,"hostname":"DESKTOP-G8F9RK0","msg":"Le queda (117) segundos para que la sesion se expire"}
{"level":40,"time":1781990665077,"pid":10836,"hostname":"DESKTOP-G8F9RK0","msg":"Le queda (111) segundos para que la sesion se expire"}
{"level":40,"time":1781990665419,"pid":10836,"hostname":"DESKTOP-G8F9RK0","msg":"Le queda (111) segundos para que la sesion se expire"}
{"level":40,"time":1781990788349,"pid":10836,"hostname":"DESKTOP-G8F9RK0","msg":"Le queda (117) segundos para que la sesion se expire"}
{"level":40,"time":1781990788579,"pid":10836,"hostname":"DESKTOP-G8F9RK0","msg":"Le queda (117) segundos para que la sesion se expire"}
{"level":40,"time":1781990790823,"pid":10836,"hostname":"DESKTOP-G8F9RK0","msg":"Le queda (115) segundos para que la sesion se expire"}
{"level":40,"time":1781990791005,"pid":10836,"hostname":"DESKTOP-G8F9RK0","msg":"Le queda (114) segundos para que la sesion se expire"}
{"level":40,"time":1781990815050,"pid":10836,"hostname":"DESKTOP-G8F9RK0","msg":"Le queda (90) segundos para que la sesion se expire"}
{"level":40,"time":1781990815457,"pid":10836,"hostname":"DESKTOP-G8F9RK0","msg":"Le queda (90) segundos para que la sesion se expire"}
{"level":40,"time":1781990818317,"pid":10836,"hostname":"DESKTOP-G8F9RK0","msg":"Le queda (87) segundos para que la sesion se expire"}
{"level":40,"time":1781990818496,"pid":10836,"hostname":"DESKTOP-G8F9RK0","msg":"Le queda (87) segundos para que la sesion se expire"}
{"level":40,"time":1781991714329,"pid":10836,"hostname":"DESKTOP-G8F9RK0","msg":"Le queda (117) segundos para que la sesion se expire"}
{"level":40,"time":1781991714551,"pid":10836,"hostname":"DESKTOP-G8F9RK0","msg":"Le queda (117) segundos para que la sesion se expire"}
{"level":40,"time":1781991717696,"pid":10836,"hostname":"DESKTOP-G8F9RK0","msg":"Le queda (114) segundos para que la sesion se expire"}
{"level":40,"time":1781991717871,"pid":10836,"hostname":"DESKTOP-G8F9RK0","msg":"Le queda (114) segundos para que la sesion se expire"}
{"level":40,"time":1781991811641,"pid":10836,"hostname":"DESKTOP-G8F9RK0","msg":"Le queda (20) segundos para que la sesion se expire"}
{"level":40,"time":1781991811999,"pid":10836,"hostname":"DESKTOP-G8F9RK0","msg":"Le queda (20) segundos para que la sesion se expire"}
{"level":40,"time":1781991825227,"pid":10836,"hostname":"DESKTOP-G8F9RK0","msg":"Le queda (6) segundos para que la sesion se expire"}
{"level":40,"time":1781991825585,"pid":10836,"hostname":"DESKTOP-G8F9RK0","msg":"Le queda (6) segundos para que la sesion se expire"}
{"level":40,"time":1781991825607,"pid":10836,"hostname":"DESKTOP-G8F9RK0","msg":"Le queda (6) segundos para que la sesion se expire"}
{"level":40,"time":1781991825783,"pid":10836,"hostname":"DESKTOP-G8F9RK0","msg":"Le queda (6) segundos para que la sesion se expire"}
{"level":40,"time":1781991825814,"pid":10836,"hostname":"DESKTOP-G8F9RK0","msg":"Le queda (6) segundos para que la sesion se expire"}
{"level":40,"time":1781991825863,"pid":10836,"hostname":"DESKTOP-G8F9RK0","msg":"Le queda (6) segundos para que la sesion se expire"}
{"level":40,"time":1781991826283,"pid":10836,"hostname":"DESKTOP-G8F9RK0","msg":"Le queda (5) segundos para que la sesion se expire"}
{"level":40,"time":1781991826332,"pid":10836,"hostname":"DESKTOP-G8F9RK0","msg":"Le queda (5) segundos para que la sesion se expire"}
{"level":40,"time":1781991826339,"pid":10836,"hostname":"DESKTOP-G8F9RK0","msg":"Le queda (5) segundos para que la sesion se expire"}
{"level":40,"time":1781991826379,"pid":10836,"hostname":"DESKTOP-G8F9RK0","msg":"Le queda (5) segundos para que la sesion se expire"}
{"level":40,"time":1781991829231,"pid":10836,"hostname":"DESKTOP-G8F9RK0","msg":"Le queda (2) segundos para que la sesion se expire"}
{"level":40,"time":1781991830024,"pid":10836,"hostname":"DESKTOP-G8F9RK0","msg":"Le queda (1) segundos para que la sesion se expire"}
{"level":40,"time":1781991830671,"pid":10836,"hostname":"DESKTOP-G8F9RK0","msg":"Le queda (1) segundos para que la sesion se expire"}
{"level":40,"time":1781991831787,"pid":10836,"hostname":"DESKTOP-G8F9RK0","msg":"Le queda (0) segundos para que la sesion se expire"}
{"level":40,"time":1782046170973,"pid":1752,"hostname":"DESKTOP-G8F9RK0","msg":"Le queda (118) segundos para que la sesion se expire"}
{"level":40,"time":1782046171218,"pid":1752,"hostname":"DESKTOP-G8F9RK0","msg":"Le queda (117) segundos para que la sesion se expire"}
{"level":40,"time":1782046176711,"pid":1752,"hostname":"DESKTOP-G8F9RK0","msg":"Le queda (112) segundos para que la sesion se expire"}
{"level":40,"time":1782046176917,"pid":1752,"hostname":"DESKTOP-G8F9RK0","msg":"Le queda (112) segundos para que la sesion se expire"}
{"level":40,"time":1782046197469,"pid":1752,"hostname":"DESKTOP-G8F9RK0","msg":"Le queda (91) segundos para que la sesion se expire"}
{"level":40,"time":1782046197858,"pid":1752,"hostname":"DESKTOP-G8F9RK0","msg":"Le queda (91) segundos para que la sesion se expire"}
{"level":40,"time":1782046197866,"pid":1752,"hostname":"DESKTOP-G8F9RK0","msg":"Le queda (91) segundos para que la sesion se expire"}
{"level":40,"time":1782046198230,"pid":1752,"hostname":"DESKTOP-G8F9RK0","msg":"Le queda (90) segundos para que la sesion se expire"}
{"level":40,"time":1782046198452,"pid":1752,"hostname":"DESKTOP-G8F9RK0","msg":"Le queda (90) segundos para que la sesion se expire"}
{"level":40,"time":1782046201652,"pid":1752,"hostname":"DESKTOP-G8F9RK0","msg":"Le queda (87) segundos para que la sesion se expire"}
{"level":40,"time":1782046201856,"pid":1752,"hostname":"DESKTOP-G8F9RK0","msg":"Le queda (87) segundos para que la sesion se expire"}
{"level":40,"time":1782046220849,"pid":1752,"hostname":"DESKTOP-G8F9RK0","msg":"Le queda (68) segundos para que la sesion se expire"}
{"level":40,"time":1782046221191,"pid":1752,"hostname":"DESKTOP-G8F9RK0","msg":"Le queda (67) segundos para que la sesion se expire"}
{"level":40,"time":1782046221200,"pid":1752,"hostname":"DESKTOP-G8F9RK0","msg":"Le queda (67) segundos para que la sesion se expire"}
{"level":40,"time":1782046221206,"pid":1752,"hostname":"DESKTOP-G8F9RK0","msg":"Le queda (67) segundos para que la sesion se expire"}
{"level":40,"time":1782046221551,"pid":1752,"hostname":"DESKTOP-G8F9RK0","msg":"Le queda (67) segundos para que la sesion se expire"}
{"level":40,"time":1782046221757,"pid":1752,"hostname":"DESKTOP-G8F9RK0","msg":"Le queda (67) segundos para que la sesion se expire"}
{"level":40,"time":1782046224658,"pid":1752,"hostname":"DESKTOP-G8F9RK0","msg":"Le queda (64) segundos para que la sesion se expire"}
{"level":40,"time":1782046224705,"pid":1752,"hostname":"DESKTOP-G8F9RK0","msg":"Le queda (64) segundos para que la sesion se expire"}
{"level":40,"time":1782046234209,"pid":1752,"hostname":"DESKTOP-G8F9RK0","msg":"Le queda (54) segundos para que la sesion se expire"}
{"level":40,"time":1782046234399,"pid":1752,"hostname":"DESKTOP-G8F9RK0","msg":"Le queda (54) segundos para que la sesion se expire"}
{"level":40,"time":1782046234403,"pid":1752,"hostname":"DESKTOP-G8F9RK0","msg":"Le queda (54) segundos para que la sesion se expire"}
{"level":40,"time":1782046234592,"pid":1752,"hostname":"DESKTOP-G8F9RK0","msg":"Le queda (54) segundos para que la sesion se expire"}
{"level":40,"time":1782046234827,"pid":1752,"hostname":"DESKTOP-G8F9RK0","msg":"Le queda (54) segundos para que la sesion se expire"}
{"level":40,"time":1782046237869,"pid":1752,"hostname":"DESKTOP-G8F9RK0","msg":"Le queda (51) segundos para que la sesion se expire"}
{"level":40,"time":1782046238050,"pid":1752,"hostname":"DESKTOP-G8F9RK0","msg":"Le queda (50) segundos para que la sesion se expire"}
{"level":40,"time":1782046250695,"pid":1752,"hostname":"DESKTOP-G8F9RK0","msg":"Le queda (38) segundos para que la sesion se expire"}
{"level":40,"time":1782046251029,"pid":1752,"hostname":"DESKTOP-G8F9RK0","msg":"Le queda (37) segundos para que la sesion se expire"}
{"level":40,"time":1782046251042,"pid":1752,"hostname":"DESKTOP-G8F9RK0","msg":"Le queda (37) segundos para que la sesion se expire"}
{"level":40,"time":1782046251392,"pid":1752,"hostname":"DESKTOP-G8F9RK0","msg":"Le queda (37) segundos para que la sesion se expire"}
{"level":40,"time":1782046251587,"pid":1752,"hostname":"DESKTOP-G8F9RK0","msg":"Le queda (37) segundos para que la sesion se expire"}
{"level":40,"time":1782046253730,"pid":1752,"hostname":"DESKTOP-G8F9RK0","msg":"Le queda (35) segundos para que la sesion se expire"}
{"level":40,"time":1782046253917,"pid":1752,"hostname":"DESKTOP-G8F9RK0","msg":"Le queda (35) segundos para que la sesion se expire"}
{"level":40,"time":1782046264408,"pid":1752,"hostname":"DESKTOP-G8F9RK0","msg":"Le queda (24) segundos para que la sesion se expire"}
{"level":40,"time":1782046264597,"pid":1752,"hostname":"DESKTOP-G8F9RK0","msg":"Le queda (24) segundos para que la sesion se expire"}
{"level":40,"time":1782046264603,"pid":1752,"hostname":"DESKTOP-G8F9RK0","msg":"Le queda (24) segundos para que la sesion se expire"}
{"level":40,"time":1782046264608,"pid":1752,"hostname":"DESKTOP-G8F9RK0","msg":"Le queda (24) segundos para que la sesion se expire"}
{"level":40,"time":1782046264947,"pid":1752,"hostname":"DESKTOP-G8F9RK0","msg":"Le queda (24) segundos para que la sesion se expire"}
{"level":40,"time":1782046265160,"pid":1752,"hostname":"DESKTOP-G8F9RK0","msg":"Le queda (23) segundos para que la sesion se expire"}
{"level":40,"time":1782046267631,"pid":1752,"hostname":"DESKTOP-G8F9RK0","msg":"Le queda (21) segundos para que la sesion se expire"}
{"level":40,"time":1782046267682,"pid":1752,"hostname":"DESKTOP-G8F9RK0","msg":"Le queda (21) segundos para que la sesion se expire"}
{"level":40,"time":1782046723433,"pid":1752,"hostname":"DESKTOP-G8F9RK0","msg":"Le queda (111) segundos para que la sesion se expire"}
{"level":40,"time":1782046723631,"pid":1752,"hostname":"DESKTOP-G8F9RK0","msg":"Le queda (111) segundos para que la sesion se expire"}
{"level":40,"time":1782046725866,"pid":1752,"hostname":"DESKTOP-G8F9RK0","msg":"Le queda (109) segundos para que la sesion se expire"}
{"level":40,"time":1782046726074,"pid":1752,"hostname":"DESKTOP-G8F9RK0","msg":"Le queda (108) segundos para que la sesion se expire"}
{"level":40,"time":1782046742913,"pid":1752,"hostname":"DESKTOP-G8F9RK0","msg":"Le queda (92) segundos para que la sesion se expire"}
{"level":40,"time":1782046743253,"pid":1752,"hostname":"DESKTOP-G8F9RK0","msg":"Le queda (91) segundos para que la sesion se expire"}
{"level":40,"time":1782046743268,"pid":1752,"hostname":"DESKTOP-G8F9RK0","msg":"Le queda (91) segundos para que la sesion se expire"}
{"level":40,"time":1782046743273,"pid":1752,"hostname":"DESKTOP-G8F9RK0","msg":"Le queda (91) segundos para que la sesion se expire"}
{"level":40,"time":1782046743283,"pid":1752,"hostname":"DESKTOP-G8F9RK0","msg":"Le queda (91) segundos para que la sesion se expire"}
{"level":40,"time":1782046743288,"pid":1752,"hostname":"DESKTOP-G8F9RK0","msg":"Le queda (91) segundos para que la sesion se expire"}
{"level":40,"time":1782046745360,"pid":1752,"hostname":"DESKTOP-G8F9RK0","msg":"Le queda (89) segundos para que la sesion se expire"}
{"level":40,"time":1782046745555,"pid":1752,"hostname":"DESKTOP-G8F9RK0","msg":"Le queda (89) segundos para que la sesion se expire"}
{"level":40,"time":1782046747657,"pid":1752,"hostname":"DESKTOP-G8F9RK0","msg":"Le queda (87) segundos para que la sesion se expire"}
{"level":40,"time":1782046747714,"pid":1752,"hostname":"DESKTOP-G8F9RK0","msg":"Le queda (87) segundos para que la sesion se expire"}
{"level":40,"time":1782047642908,"pid":1752,"hostname":"DESKTOP-G8F9RK0","msg":"Le queda (118) segundos para que la sesion se expire"}
{"level":40,"time":1782047643132,"pid":1752,"hostname":"DESKTOP-G8F9RK0","msg":"Le queda (117) segundos para que la sesion se expire"}
{"level":40,"time":1782047645437,"pid":1752,"hostname":"DESKTOP-G8F9RK0","msg":"Le queda (115) segundos para que la sesion se expire"}
{"level":40,"time":1782047645615,"pid":1752,"hostname":"DESKTOP-G8F9RK0","msg":"Le queda (115) segundos para que la sesion se expire"}
{"level":40,"time":1782047652073,"pid":1752,"hostname":"DESKTOP-G8F9RK0","msg":"Le queda (108) segundos para que la sesion se expire"}
{"level":40,"time":1782047656551,"pid":1752,"hostname":"DESKTOP-G8F9RK0","msg":"Le queda (104) segundos para que la sesion se expire"}
{"level":40,"time":1782047656745,"pid":1752,"hostname":"DESKTOP-G8F9RK0","msg":"Le queda (104) segundos para que la sesion se expire"}
{"level":40,"time":1782047656752,"pid":1752,"hostname":"DESKTOP-G8F9RK0","msg":"Le queda (104) segundos para que la sesion se expire"}
{"level":40,"time":1782047656758,"pid":1752,"hostname":"DESKTOP-G8F9RK0","msg":"Le queda (104) segundos para que la sesion se expire"}
{"level":40,"time":1782047656762,"pid":1752,"hostname":"DESKTOP-G8F9RK0","msg":"Le queda (104) segundos para que la sesion se expire"}
{"level":40,"time":1782047657090,"pid":1752,"hostname":"DESKTOP-G8F9RK0","msg":"Le queda (103) segundos para que la sesion se expire"}
{"level":40,"time":1782047657315,"pid":1752,"hostname":"DESKTOP-G8F9RK0","msg":"Le queda (103) segundos para que la sesion se expire"}
{"level":40,"time":1782047659765,"pid":1752,"hostname":"DESKTOP-G8F9RK0","msg":"Le queda (101) segundos para que la sesion se expire"}
{"level":40,"time":1782047659826,"pid":1752,"hostname":"DESKTOP-G8F9RK0","msg":"Le queda (101) segundos para que la sesion se expire"}
{"level":40,"time":1782047672327,"pid":1752,"hostname":"DESKTOP-G8F9RK0","msg":"Le queda (88) segundos para que la sesion se expire"}
{"level":40,"time":1782047672537,"pid":1752,"hostname":"DESKTOP-G8F9RK0","msg":"Le queda (88) segundos para que la sesion se expire"}
{"level":40,"time":1782047672542,"pid":1752,"hostname":"DESKTOP-G8F9RK0","msg":"Le queda (88) segundos para que la sesion se expire"}
{"level":40,"time":1782047672552,"pid":1752,"hostname":"DESKTOP-G8F9RK0","msg":"Le queda (88) segundos para que la sesion se expire"}
{"level":40,"time":1782047672557,"pid":1752,"hostname":"DESKTOP-G8F9RK0","msg":"Le queda (88) segundos para que la sesion se expire"}
{"level":40,"time":1782047672892,"pid":1752,"hostname":"DESKTOP-G8F9RK0","msg":"Le queda (88) segundos para que la sesion se expire"}
{"level":40,"time":1782047673110,"pid":1752,"hostname":"DESKTOP-G8F9RK0","msg":"Le queda (87) segundos para que la sesion se expire"}
{"level":40,"time":1782047675349,"pid":1752,"hostname":"DESKTOP-G8F9RK0","msg":"Le queda (85) segundos para que la sesion se expire"}
{"level":40,"time":1782047675397,"pid":1752,"hostname":"DESKTOP-G8F9RK0","msg":"Le queda (85) segundos para que la sesion se expire"}
